domain,communication_metric,baseline,horizon_s,target,severity,samples,ca_dtnet_MAE,baseline_MAE,ca_dtnet_improvement_pct
cicv5g,latency_mean_ms,impaired_gru,5,flow_proxy,Q1-mild,19,13021.156498031565,14975.636196224237,13.051062890297402
cicv5g,latency_mean_ms,impaired_gru,5,flow_proxy,Q2-moderate,18,14789.066554932102,15826.275553968913,6.5537150259970325
cicv5g,latency_mean_ms,impaired_gru,5,flow_proxy,Q3-high,19,14269.807336337626,15538.474922267702,8.164685352171668
cicv5g,latency_mean_ms,impaired_gru,5,flow_proxy,Q4-severe,18,10360.746784320228,10151.561598282256,-2.060620762752029
cicv5g,latency_mean_ms,impaired_gru,5,speed_mean_kmh,Q1-mild,19,3.607514404245196,4.093779208172694,11.878139440664503
cicv5g,latency_mean_ms,impaired_gru,5,speed_mean_kmh,Q2-moderate,18,4.516134296801653,4.67537736467283,3.4059938933233287
cicv5g,latency_mean_ms,impaired_gru,5,speed_mean_kmh,Q3-high,19,3.945838957631851,4.185673658813472,5.729894878537143
cicv5g,latency_mean_ms,impaired_gru,5,speed_mean_kmh,Q4-severe,18,2.9469533635852936,2.8797476297647804,-2.333736918211438
cicv5g,latency_mean_ms,impaired_gru,5,vehicle_count,Q1-mild,19,1.0339920138461944,1.173483431740207,11.886952378906598
cicv5g,latency_mean_ms,impaired_gru,5,vehicle_count,Q2-moderate,18,1.1086861379099613,1.1410278607869406,2.834437589563347
cicv5g,latency_mean_ms,impaired_gru,5,vehicle_count,Q3-high,19,0.9683210952277246,1.0379502881495573,6.708335943056869
cicv5g,latency_mean_ms,impaired_gru,5,vehicle_count,Q4-severe,18,0.7573988331536279,0.7960622076132041,4.856828223238482
cicv5g,latency_mean_ms,impaired_gru,10,flow_proxy,Q1-mild,19,16438.278830532374,19920.84873159578,17.482035770584773
cicv5g,latency_mean_ms,impaired_gru,10,flow_proxy,Q2-moderate,18,17240.44898135148,17429.60528537685,1.0852586787146477
cicv5g,latency_mean_ms,impaired_gru,10,flow_proxy,Q3-high,19,16218.66137048197,17785.460770057445,8.809439461992264
cicv5g,latency_mean_ms,impaired_gru,10,flow_proxy,Q4-severe,18,13461.36420348317,13063.863629378817,-3.042748955294706
cicv5g,latency_mean_ms,impaired_gru,10,speed_mean_kmh,Q1-mild,19,4.304547688555816,4.988956326452173,13.718473198405745
cicv5g,latency_mean_ms,impaired_gru,10,speed_mean_kmh,Q2-moderate,18,4.442616634020693,4.437819299510782,-0.10810116805860032
cicv5g,latency_mean_ms,impaired_gru,10,speed_mean_kmh,Q3-high,19,4.435928875533188,4.809086789400546,7.759433951449411
cicv5g,latency_mean_ms,impaired_gru,10,speed_mean_kmh,Q4-severe,18,3.5382123419998304,3.3853624265048676,-4.515023675065314
cicv5g,latency_mean_ms,impaired_gru,10,vehicle_count,Q1-mild,19,1.371064820582939,1.5369576874260336,10.793587040223546
cicv5g,latency_mean_ms,impaired_gru,10,vehicle_count,Q2-moderate,18,1.4934155692691904,1.47405437016864,-1.3134657283359807
cicv5g,latency_mean_ms,impaired_gru,10,vehicle_count,Q3-high,19,1.1487859222837054,1.2564709982944797,8.570438577563754
cicv5g,latency_mean_ms,impaired_gru,10,vehicle_count,Q4-severe,18,1.0738369171852737,1.0989875138232246,2.2885243092164873
cicv5g,latency_mean_ms,impaired_gru,30,flow_proxy,Q1-mild,19,14825.536062410003,14726.77147378934,-0.6706465758389519
cicv5g,latency_mean_ms,impaired_gru,30,flow_proxy,Q2-moderate,18,14222.489790244214,15813.62187915136,10.061781551789126
cicv5g,latency_mean_ms,impaired_gru,30,flow_proxy,Q3-high,19,16203.51105907118,14236.935918500196,-13.813190926947522
cicv5g,latency_mean_ms,impaired_gru,30,flow_proxy,Q4-severe,18,13867.483742588922,15168.026726065536,8.57423979376853
cicv5g,latency_mean_ms,impaired_gru,30,speed_mean_kmh,Q1-mild,19,3.6517836831555086,4.166428029086745,12.35217171887225
cicv5g,latency_mean_ms,impaired_gru,30,speed_mean_kmh,Q2-moderate,18,4.39159240439266,4.874857741028701,9.913424377030521
cicv5g,latency_mean_ms,impaired_gru,30,speed_mean_kmh,Q3-high,19,4.806229708204122,4.791366336338025,-0.31021155118846144
cicv5g,latency_mean_ms,impaired_gru,30,speed_mean_kmh,Q4-severe,18,4.054581132889005,4.614290677836445,12.129915144333424
cicv5g,latency_mean_ms,impaired_gru,30,vehicle_count,Q1-mild,19,1.9167902655808295,1.765495270071992,-8.569549701807656
cicv5g,latency_mean_ms,impaired_gru,30,vehicle_count,Q2-moderate,18,1.9599797761612057,2.0907871308178545,6.256368814545168
cicv5g,latency_mean_ms,impaired_gru,30,vehicle_count,Q3-high,19,1.4246623216960135,1.3060039272464687,-9.085607712616838
cicv5g,latency_mean_ms,impaired_gru,30,vehicle_count,Q4-severe,18,1.0330398200175293,1.1886462329043523,13.091061685990994
cicv5g,latency_mean_ms,graph_gru,5,flow_proxy,Q1-mild,19,13021.156498031565,15000.038725946637,13.192514126585145
cicv5g,latency_mean_ms,graph_gru,5,flow_proxy,Q2-moderate,18,14789.066554932102,15280.93168330899,3.2188163560329217
cicv5g,latency_mean_ms,graph_gru,5,flow_proxy,Q3-high,19,14269.807336337626,14392.19669840702,0.8503869467185352
cicv5g,latency_mean_ms,graph_gru,5,flow_proxy,Q4-severe,18,10360.746784320228,9275.639442829848,-11.698464005390033
cicv5g,latency_mean_ms,graph_gru,5,speed_mean_kmh,Q1-mild,19,3.607514404245196,4.044272140628883,10.799415076845689
cicv5g,latency_mean_ms,graph_gru,5,speed_mean_kmh,Q2-moderate,18,4.516134296801653,4.666618653580207,3.2246979585665114
cicv5g,latency_mean_ms,graph_gru,5,speed_mean_kmh,Q3-high,19,3.945838957631851,4.167647911405651,5.322161515481114
cicv5g,latency_mean_ms,graph_gru,5,speed_mean_kmh,Q4-severe,18,2.9469533635852936,2.917685519653359,-1.0031185209809679
cicv5g,latency_mean_ms,graph_gru,5,vehicle_count,Q1-mild,19,1.0339920138461944,1.1215291079908714,7.805155723597489
cicv5g,latency_mean_ms,graph_gru,5,vehicle_count,Q2-moderate,18,1.1086861379099613,1.0982743733453775,-0.9480112367611873
cicv5g,latency_mean_ms,graph_gru,5,vehicle_count,Q3-high,19,0.9683210952277246,1.032149486925426,6.1840258497275675
cicv5g,latency_mean_ms,graph_gru,5,vehicle_count,Q4-severe,18,0.7573988331536279,0.8186277272284033,7.479455103986058
cicv5g,latency_mean_ms,graph_gru,10,flow_proxy,Q1-mild,19,16438.278830532374,20092.88543940647,18.18856042300827
cicv5g,latency_mean_ms,graph_gru,10,flow_proxy,Q2-moderate,18,17240.44898135148,18223.7203434652,5.39555778722081
cicv5g,latency_mean_ms,graph_gru,10,flow_proxy,Q3-high,19,16218.66137048197,18261.215009704734,11.185201193546824
cicv5g,latency_mean_ms,graph_gru,10,flow_proxy,Q4-severe,18,13461.36420348317,12750.681321846749,-5.5736855443026005
cicv5g,latency_mean_ms,graph_gru,10,speed_mean_kmh,Q1-mild,19,4.304547688555816,4.871134590626486,11.631518086110779
cicv5g,latency_mean_ms,graph_gru,10,speed_mean_kmh,Q2-moderate,18,4.442616634020693,4.5156761692664436,1.617909087042173
cicv5g,latency_mean_ms,graph_gru,10,speed_mean_kmh,Q3-high,19,4.435928875533188,4.9172955202153,9.789255938030559
cicv5g,latency_mean_ms,graph_gru,10,speed_mean_kmh,Q4-severe,18,3.5382123419998304,3.544636741906668,0.1812428284331858
cicv5g,latency_mean_ms,graph_gru,10,vehicle_count,Q1-mild,19,1.371064820582939,1.5379417473858414,10.85066622331369
cicv5g,latency_mean_ms,graph_gru,10,vehicle_count,Q2-moderate,18,1.4934155692691904,1.4431563405173313,-3.4825906932289445
cicv5g,latency_mean_ms,graph_gru,10,vehicle_count,Q3-high,19,1.1487859222837054,1.273019973013296,9.759002402737078
cicv5g,latency_mean_ms,graph_gru,10,vehicle_count,Q4-severe,18,1.0738369171852737,1.1439933848119332,6.132593767133845
cicv5g,latency_mean_ms,graph_gru,30,flow_proxy,Q1-mild,19,14825.536062410003,15843.004588567803,6.422194227547945
cicv5g,latency_mean_ms,graph_gru,30,flow_proxy,Q2-moderate,18,14222.489790244214,17405.041535393433,18.285229246225125
cicv5g,latency_mean_ms,graph_gru,30,flow_proxy,Q3-high,19,16203.51105907118,15338.181143617809,-5.64167229054319
cicv5g,latency_mean_ms,graph_gru,30,flow_proxy,Q4-severe,18,13867.483742588922,15124.70784915353,8.31238605798352
cicv5g,latency_mean_ms,graph_gru,30,speed_mean_kmh,Q1-mild,19,3.6517836831555086,4.131304464041494,11.607006549601731
cicv5g,latency_mean_ms,graph_gru,30,speed_mean_kmh,Q2-moderate,18,4.39159240439266,4.683134475864076,6.225361931232778
cicv5g,latency_mean_ms,graph_gru,30,speed_mean_kmh,Q3-high,19,4.806229708204122,4.852953227179999,0.9627852709956695
cicv5g,latency_mean_ms,graph_gru,30,speed_mean_kmh,Q4-severe,18,4.054581132889005,4.4837645223193,9.571943092388313
cicv5g,latency_mean_ms,graph_gru,30,vehicle_count,Q1-mild,19,1.9167902655808295,1.797326300138525,-6.646759954963172
cicv5g,latency_mean_ms,graph_gru,30,vehicle_count,Q2-moderate,18,1.9599797761612057,1.9791041069199042,0.9663125145968532
cicv5g,latency_mean_ms,graph_gru,30,vehicle_count,Q3-high,19,1.4246623216960135,1.35278364777941,-5.313390171684372
cicv5g,latency_mean_ms,graph_gru,30,vehicle_count,Q4-severe,18,1.0330398200175293,1.244941356437102,17.02100533666206
cicv5g,latency_mean_ms,persistence,5,flow_proxy,Q1-mild,19,13021.156498031565,15676.616237423756,16.938985423724873
cicv5g,latency_mean_ms,persistence,5,flow_proxy,Q2-moderate,18,14789.066554932102,18538.91137062832,20.22688787236543
cicv5g,latency_mean_ms,persistence,5,flow_proxy,Q3-high,19,14269.807336337626,16319.035120494513,12.55728521340135
cicv5g,latency_mean_ms,persistence,5,flow_proxy,Q4-severe,18,10360.746784320228,13743.569611005683,24.613858862213423
cicv5g,latency_mean_ms,persistence,5,speed_mean_kmh,Q1-mild,19,3.607514404245196,4.234218909753405,14.800947173149648
cicv5g,latency_mean_ms,persistence,5,speed_mean_kmh,Q2-moderate,18,4.516134296801653,5.7980437779616345,22.109344600356167
cicv5g,latency_mean_ms,persistence,5,speed_mean_kmh,Q3-high,19,3.945838957631851,4.456910527590411,11.46694701740337
cicv5g,latency_mean_ms,persistence,5,speed_mean_kmh,Q4-severe,18,2.9469533635852936,3.62668619618692,18.742532272079146
cicv5g,latency_mean_ms,persistence,5,vehicle_count,Q1-mild,19,1.0339920138461944,1.1622088506597705,11.032168240464895
cicv5g,latency_mean_ms,persistence,5,vehicle_count,Q2-moderate,18,1.1086861379099613,1.1384335589176038,2.613013338663727
cicv5g,latency_mean_ms,persistence,5,vehicle_count,Q3-high,19,0.9683210952277246,1.034512546432803,6.398322649008659
cicv5g,latency_mean_ms,persistence,5,vehicle_count,Q4-severe,18,0.7573988331536279,0.8888889074933206,14.792632887188716
cicv5g,latency_mean_ms,persistence,10,flow_proxy,Q1-mild,19,16438.278830532374,21069.35965136427,21.98016882079199
cicv5g,latency_mean_ms,persistence,10,flow_proxy,Q2-moderate,18,17240.44898135148,22134.81186420274,22.111608234467976
cicv5g,latency_mean_ms,persistence,10,flow_proxy,Q3-high,19,16218.66137048197,22031.504736241117,26.384232195427703
cicv5g,latency_mean_ms,persistence,10,flow_proxy,Q4-severe,18,13461.36420348317,17623.902952400593,23.618711247772
cicv5g,latency_mean_ms,persistence,10,speed_mean_kmh,Q1-mild,19,4.304547688555816,5.099902469545169,15.595489995728034
cicv5g,latency_mean_ms,persistence,10,speed_mean_kmh,Q2-moderate,18,4.442616634020693,5.643805265101229,21.283311038029947
cicv5g,latency_mean_ms,persistence,10,speed_mean_kmh,Q3-high,19,4.435928875533188,6.062624904686939,26.831546599774274
cicv5g,latency_mean_ms,persistence,10,speed_mean_kmh,Q4-severe,18,3.5382123419998304,4.323304013236689,18.159529540767558
cicv5g,latency_mean_ms,persistence,10,vehicle_count,Q1-mild,19,1.371064820582939,1.6773080906397428,18.258021286607956
cicv5g,latency_mean_ms,persistence,10,vehicle_count,Q2-moderate,18,1.4934155692691904,1.6393443160432297,8.901653207063417
cicv5g,latency_mean_ms,persistence,10,vehicle_count,Q3-high,19,1.1487859222837054,1.348576407818519,14.814917634255998
cicv5g,latency_mean_ms,persistence,10,vehicle_count,Q4-severe,18,1.0738369171852737,1.305100215233117,17.719964610881515
cicv5g,latency_mean_ms,persistence,30,flow_proxy,Q1-mild,19,14825.536062410003,32530.6631620049,54.42596424000558
cicv5g,latency_mean_ms,persistence,30,flow_proxy,Q2-moderate,18,14222.489790244214,25957.392803250896,45.2083269762458
cicv5g,latency_mean_ms,persistence,30,flow_proxy,Q3-high,19,16203.51105907118,31092.53567603111,47.886170404663794
cicv5g,latency_mean_ms,persistence,30,flow_proxy,Q4-severe,18,13867.483742588922,26701.381009980872,48.06454491095379
cicv5g,latency_mean_ms,persistence,30,speed_mean_kmh,Q1-mild,19,3.6517836831555086,7.755692463570392,52.91479509276647
cicv5g,latency_mean_ms,persistence,30,speed_mean_kmh,Q2-moderate,18,4.39159240439266,7.1456520777322465,38.54175433572807
cicv5g,latency_mean_ms,persistence,30,speed_mean_kmh,Q3-high,19,4.806229708204122,7.615046771849738,36.88509268702534
cicv5g,latency_mean_ms,persistence,30,speed_mean_kmh,Q4-severe,18,4.054581132889005,6.485729672979322,37.48458013090565
cicv5g,latency_mean_ms,persistence,30,vehicle_count,Q1-mild,19,1.9167902655808295,2.414150262228427,20.601865690344955
cicv5g,latency_mean_ms,persistence,30,vehicle_count,Q2-moderate,18,1.9599797761612057,2.6457195950493233,25.918839531573628
cicv5g,latency_mean_ms,persistence,30,vehicle_count,Q3-high,19,1.4246623216960135,2.2174288803225233,35.7516113407904
cicv5g,latency_mean_ms,persistence,30,vehicle_count,Q4-severe,18,1.0330398200175293,2.1994536263147015,53.03197971708824
cicv5g,latency_p95_ms,impaired_gru,5,flow_proxy,Q1-mild,19,13021.156498031565,14975.636196224237,13.051062890297402
cicv5g,latency_p95_ms,impaired_gru,5,flow_proxy,Q2-moderate,25,14904.04287092613,15640.417540522732,4.708152245221454
cicv5g,latency_p95_ms,impaired_gru,5,flow_proxy,Q3-high,12,13727.37213383663,15757.795415121536,12.88519889866813
cicv5g,latency_p95_ms,impaired_gru,5,flow_proxy,Q4-severe,18,10360.746784320228,10151.561598282256,-2.060620762752029
cicv5g,latency_p95_ms,impaired_gru,5,speed_mean_kmh,Q1-mild,19,3.607514404245196,4.093779208172694,11.878139440664503
cicv5g,latency_p95_ms,impaired_gru,5,speed_mean_kmh,Q2-moderate,25,4.515037117514984,4.654350698537788,2.9931904522633292
cicv5g,latency_p95_ms,impaired_gru,5,speed_mean_kmh,Q3-high,12,3.615452466630027,3.9438187181768494,8.326098996406454
cicv5g,latency_p95_ms,impaired_gru,5,speed_mean_kmh,Q4-severe,18,2.9469533635852936,2.8797476297647804,-2.333736918211438
cicv5g,latency_p95_ms,impaired_gru,5,vehicle_count,Q1-mild,19,1.0339920138461944,1.173483431740207,11.886952378906598
cicv5g,latency_p95_ms,impaired_gru,5,vehicle_count,Q2-moderate,25,1.1058941644229034,1.1495262505699222,3.7956580587716586
cicv5g,latency_p95_ms,impaired_gru,5,vehicle_count,Q3-high,12,0.8922580984277902,0.9601167253965391,7.067747542253026
cicv5g,latency_p95_ms,impaired_gru,5,vehicle_count,Q4-severe,18,0.7573988331536279,0.7960622076132041,4.856828223238482
cicv5g,latency_p95_ms,impaired_gru,10,flow_proxy,Q1-mild,19,16438.278830532374,19920.84873159578,17.482035770584773
cicv5g,latency_p95_ms,impaired_gru,10,flow_proxy,Q2-moderate,25,17993.892788283658,18036.41562160982,0.2357609971861092
cicv5g,latency_p95_ms,impaired_gru,10,flow_proxy,Q3-high,12,14052.94399969939,16728.85493563577,15.995780621150345
cicv5g,latency_p95_ms,impaired_gru,10,flow_proxy,Q4-severe,18,13461.36420348317,13063.863629378817,-3.042748955294706
cicv5g,latency_p95_ms,impaired_gru,10,speed_mean_kmh,Q1-mild,19,4.304547688555816,4.988956326452173,13.718473198405745
cicv5g,latency_p95_ms,impaired_gru,10,speed_mean_kmh,Q2-moderate,25,4.907701419330754,4.948332003690726,0.8210965684508874
cicv5g,latency_p95_ms,impaired_gru,10,speed_mean_kmh,Q3-high,12,3.4631010470195154,3.96209135812802,12.594114187332941
cicv5g,latency_p95_ms,impaired_gru,10,speed_mean_kmh,Q4-severe,18,3.5382123419998304,3.3853624265048676,-4.515023675065314
cicv5g,latency_p95_ms,impaired_gru,10,vehicle_count,Q1-mild,19,1.371064820582939,1.5369576874260336,10.793587040223546
cicv5g,latency_p95_ms,impaired_gru,10,vehicle_count,Q2-moderate,25,1.513679837044704,1.5155680267363556,0.12458627035429319
cicv5g,latency_p95_ms,impaired_gru,10,vehicle_count,Q3-high,12,0.9055347370098522,1.0430605801851456,13.184837436038327
cicv5g,latency_p95_ms,impaired_gru,10,vehicle_count,Q4-severe,18,1.0738369171852737,1.0989875138232246,2.2885243092164873
cicv5g,latency_p95_ms,impaired_gru,30,flow_proxy,Q1-mild,19,14825.536062410003,14726.77147378934,-0.6706465758389519
cicv5g,latency_p95_ms,impaired_gru,30,flow_proxy,Q2-moderate,25,15041.240650563142,15887.316136644444,5.3254777509542786
cicv5g,latency_p95_ms,impaired_gru,30,flow_proxy,Q3-high,12,15653.37584022248,13163.672738343097,-18.91343815184263
cicv5g,latency_p95_ms,impaired_gru,30,flow_proxy,Q4-severe,18,13867.483742588922,15168.026726065536,8.57423979376853
cicv5g,latency_p95_ms,impaired_gru,30,speed_mean_kmh,Q1-mild,19,3.6517836831555086,4.166428029086745,12.35217171887225
cicv5g,latency_p95_ms,impaired_gru,30,speed_mean_kmh,Q2-moderate,25,4.5046451624339765,4.83776320898656,6.885786498297598
cicv5g,latency_p95_ms,impaired_gru,30,speed_mean_kmh,Q3-high,12,4.812574889508067,4.819943292022923,0.1528732197277757
cicv5g,latency_p95_ms,impaired_gru,30,speed_mean_kmh,Q4-severe,18,4.054581132889005,4.614290677836445,12.129915144333424
cicv5g,latency_p95_ms,impaired_gru,30,vehicle_count,Q1-mild,19,1.9167902655808295,1.765495270071992,-8.569549701807656
cicv5g,latency_p95_ms,impaired_gru,30,vehicle_count,Q2-moderate,25,1.9033245942561559,1.952835925383289,2.5353553890545033
cicv5g,latency_p95_ms,impaired_gru,30,vehicle_count,Q3-high,12,1.2304254355601714,1.1356120698185064,-8.349098026221954
cicv5g,latency_p95_ms,impaired_gru,30,vehicle_count,Q4-severe,18,1.0330398200175293,1.1886462329043523,13.091061685990994
cicv5g,latency_p95_ms,graph_gru,5,flow_proxy,Q1-mild,19,13021.156498031565,15000.038725946637,13.192514126585145
cicv5g,latency_p95_ms,graph_gru,5,flow_proxy,Q2-moderate,25,14904.04287092613,14978.573428880372,0.49758115022148125
cicv5g,latency_p95_ms,graph_gru,5,flow_proxy,Q3-high,12,13727.37213383663,14503.680987273832,5.352495370780935
cicv5g,latency_p95_ms,graph_gru,5,flow_proxy,Q4-severe,18,10360.746784320228,9275.639442829848,-11.698464005390033
cicv5g,latency_p95_ms,graph_gru,5,speed_mean_kmh,Q1-mild,19,3.607514404245196,4.044272140628883,10.799415076845689
cicv5g,latency_p95_ms,graph_gru,5,speed_mean_kmh,Q2-moderate,25,4.515037117514984,4.6522286317165,2.9489417818230246
cicv5g,latency_p95_ms,graph_gru,5,speed_mean_kmh,Q3-high,12,3.615452466630027,3.906560857353218,7.45178177450038
cicv5g,latency_p95_ms,graph_gru,5,speed_mean_kmh,Q4-severe,18,2.9469533635852936,2.917685519653359,-1.0031185209809679
cicv5g,latency_p95_ms,graph_gru,5,vehicle_count,Q1-mild,19,1.0339920138461944,1.1215291079908714,7.805155723597489
cicv5g,latency_p95_ms,graph_gru,5,vehicle_count,Q2-moderate,25,1.1058941644229034,1.1073526548355452,0.13170965844547738
cicv5g,latency_p95_ms,graph_gru,5,vehicle_count,Q3-high,12,0.8922580984277902,0.9746635500759379,8.45475864940793
cicv5g,latency_p95_ms,graph_gru,5,vehicle_count,Q4-severe,18,0.7573988331536279,0.8186277272284033,7.479455103986058
cicv5g,latency_p95_ms,graph_gru,10,flow_proxy,Q1-mild,19,16438.278830532374,20092.88543940647,18.18856042300827
cicv5g,latency_p95_ms,graph_gru,10,flow_proxy,Q2-moderate,25,17993.892788283658,18494.959163299525,2.7092050898381412
cicv5g,latency_p95_ms,graph_gru,10,flow_proxy,Q3-high,12,14052.94399969939,17718.00602368961,20.685521943540554
cicv5g,latency_p95_ms,graph_gru,10,flow_proxy,Q4-severe,18,13461.36420348317,12750.681321846749,-5.5736855443026005
cicv5g,latency_p95_ms,graph_gru,10,speed_mean_kmh,Q1-mild,19,4.304547688555816,4.871134590626486,11.631518086110779
cicv5g,latency_p95_ms,graph_gru,10,speed_mean_kmh,Q2-moderate,25,4.907701419330754,4.993148490451829,1.711286398018055
cicv5g,latency_p95_ms,graph_gru,10,speed_mean_kmh,Q3-high,12,3.4631010470195154,4.156839472465912,16.689083818912795
cicv5g,latency_p95_ms,graph_gru,10,speed_mean_kmh,Q4-severe,18,3.5382123419998304,3.544636741906668,0.1812428284331858
cicv5g,latency_p95_ms,graph_gru,10,vehicle_count,Q1-mild,19,1.371064820582939,1.5379417473858414,10.85066622331369
cicv5g,latency_p95_ms,graph_gru,10,vehicle_count,Q2-moderate,25,1.513679837044704,1.4730700386770819,-2.7568137987798016
cicv5g,latency_p95_ms,graph_gru,10,vehicle_count,Q3-high,12,0.9055347370098522,1.1114535541364627,18.526983382036114
cicv5g,latency_p95_ms,graph_gru,10,vehicle_count,Q4-severe,18,1.0738369171852737,1.1439933848119332,6.132593767133845
cicv5g,latency_p95_ms,graph_gru,30,flow_proxy,Q1-mild,19,14825.536062410003,15843.004588567803,6.422194227547945
cicv5g,latency_p95_ms,graph_gru,30,flow_proxy,Q2-moderate,25,15041.240650563142,17197.452285579315,12.53797131812937
cicv5g,latency_p95_ms,graph_gru,30,flow_proxy,Q3-high,12,15653.37584022248,14564.990185528106,-7.472615091598586
cicv5g,latency_p95_ms,graph_gru,30,flow_proxy,Q4-severe,18,13867.483742588922,15124.70784915353,8.31238605798352
cicv5g,latency_p95_ms,graph_gru,30,speed_mean_kmh,Q1-mild,19,3.6517836831555086,4.131304464041494,11.607006549601731
cicv5g,latency_p95_ms,graph_gru,30,speed_mean_kmh,Q2-moderate,25,4.5046451624339765,4.7433844778713965,5.033100648869279
cicv5g,latency_p95_ms,graph_gru,30,speed_mean_kmh,Q3-high,12,4.812574889508067,4.82649332793237,0.2883757927295917
cicv5g,latency_p95_ms,graph_gru,30,speed_mean_kmh,Q4-severe,18,4.054581132889005,4.4837645223193,9.571943092388313
cicv5g,latency_p95_ms,graph_gru,30,vehicle_count,Q1-mild,19,1.9167902655808295,1.797326300138525,-6.646759954963172
cicv5g,latency_p95_ms,graph_gru,30,vehicle_count,Q2-moderate,25,1.9033245942561559,1.8273277274671336,-4.158907306598534
cicv5g,latency_p95_ms,graph_gru,30,vehicle_count,Q3-high,12,1.2304254355601714,1.303630837140727,5.615500871363865
cicv5g,latency_p95_ms,graph_gru,30,vehicle_count,Q4-severe,18,1.0330398200175293,1.244941356437102,17.02100533666206
cicv5g,latency_p95_ms,persistence,5,flow_proxy,Q1-mild,19,13021.156498031565,15676.616237423756,16.938985423724873
cicv5g,latency_p95_ms,persistence,5,flow_proxy,Q2-moderate,25,14904.04287092613,17638.020317322935,15.500477928977757
cicv5g,latency_p95_ms,persistence,5,flow_proxy,Q3-high,12,13727.37213383663,16900.963668969347,18.777577404995217
cicv5g,latency_p95_ms,persistence,5,flow_proxy,Q4-severe,18,10360.746784320228,13743.569611005683,24.613858862213423
cicv5g,latency_p95_ms,persistence,5,speed_mean_kmh,Q1-mild,19,3.607514404245196,4.234218909753405,14.800947173149648
cicv5g,latency_p95_ms,persistence,5,speed_mean_kmh,Q2-moderate,25,4.515037117514984,5.495772265151461,17.845265388283373
cicv5g,latency_p95_ms,persistence,5,speed_mean_kmh,Q3-high,12,3.615452466630027,4.304315116561727,16.004001326035848
cicv5g,latency_p95_ms,persistence,5,speed_mean_kmh,Q4-severe,18,2.9469533635852936,3.62668619618692,18.742532272079146
cicv5g,latency_p95_ms,persistence,5,vehicle_count,Q1-mild,19,1.0339920138461944,1.1622088506597705,11.032168240464895
cicv5g,latency_p95_ms,persistence,5,vehicle_count,Q2-moderate,25,1.1058941644229034,1.1186885690865527,1.1436967269386353
cicv5g,latency_p95_ms,persistence,5,vehicle_count,Q3-high,12,0.8922580984277902,1.015027351298026,12.095166844885567
cicv5g,latency_p95_ms,persistence,5,vehicle_count,Q4-severe,18,0.7573988331536279,0.8888889074933206,14.792632887188716
cicv5g,latency_p95_ms,persistence,10,flow_proxy,Q1-mild,19,16438.278830532374,21069.35965136427,21.98016882079199
cicv5g,latency_p95_ms,persistence,10,flow_proxy,Q2-moderate,25,17993.892788283658,22700.339566469913,20.73293557747459
cicv5g,latency_p95_ms,persistence,10,flow_proxy,Q3-high,12,14052.94399969939,20793.059531873547,32.4152177886041
cicv5g,latency_p95_ms,persistence,10,flow_proxy,Q4-severe,18,13461.36420348317,17623.902952400593,23.618711247772
cicv5g,latency_p95_ms,persistence,10,speed_mean_kmh,Q1-mild,19,4.304547688555816,5.099902469545169,15.595489995728034
cicv5g,latency_p95_ms,persistence,10,speed_mean_kmh,Q2-moderate,25,4.907701419330754,6.102264736355324,19.575737315199934
cicv5g,latency_p95_ms,persistence,10,speed_mean_kmh,Q3-high,12,3.4631010470195154,5.3518124626659045,35.29106121137244
cicv5g,latency_p95_ms,persistence,10,speed_mean_kmh,Q4-severe,18,3.5382123419998304,4.323304013236689,18.159529540767558
cicv5g,latency_p95_ms,persistence,10,vehicle_count,Q1-mild,19,1.371064820582939,1.6773080906397428,18.258021286607956
cicv5g,latency_p95_ms,persistence,10,vehicle_count,Q2-moderate,25,1.513679837044704,1.6255738291566229,6.883353399066233
cicv5g,latency_p95_ms,persistence,10,vehicle_count,Q3-high,12,0.9055347370098522,1.2076503090345356,25.016808861211732
cicv5g,latency_p95_ms,persistence,10,vehicle_count,Q4-severe,18,1.0738369171852737,1.305100215233117,17.719964610881515
cicv5g,latency_p95_ms,persistence,30,flow_proxy,Q1-mild,19,14825.536062410003,32530.6631620049,54.42596424000558
cicv5g,latency_p95_ms,persistence,30,flow_proxy,Q2-moderate,25,15041.240650563142,26778.429584954803,43.83075899634421
cicv5g,latency_p95_ms,persistence,30,flow_proxy,Q3-high,12,15653.37584022248,32377.542389936425,51.65360096913032
cicv5g,latency_p95_ms,persistence,30,flow_proxy,Q4-severe,18,13867.483742588922,26701.381009980872,48.06454491095379
cicv5g,latency_p95_ms,persistence,30,speed_mean_kmh,Q1-mild,19,3.6517836831555086,7.755692463570392,52.91479509276647
cicv5g,latency_p95_ms,persistence,30,speed_mean_kmh,Q2-moderate,25,4.5046451624339765,7.193892931384993,37.38237128162312
cicv5g,latency_p95_ms,persistence,30,speed_mean_kmh,Q3-high,12,4.812574889508067,7.788358564975055,38.20809798137111
cicv5g,latency_p95_ms,persistence,30,speed_mean_kmh,Q4-severe,18,4.054581132889005,6.485729672979322,37.48458013090565
cicv5g,latency_p95_ms,persistence,30,vehicle_count,Q1-mild,19,1.9167902655808295,2.414150262228427,20.601865690344955
cicv5g,latency_p95_ms,persistence,30,vehicle_count,Q2-moderate,25,1.9033245942561559,2.5744263291589844,26.0680107523319
cicv5g,latency_p95_ms,persistence,30,vehicle_count,Q3-high,12,1.2304254355601714,2.1161202673367625,41.85465454219266
cicv5g,latency_p95_ms,persistence,30,vehicle_count,Q4-severe,18,1.0330398200175293,2.1994536263147015,53.03197971708824
cicv5g,aoi_mean_s,impaired_gru,5,flow_proxy,Q1-mild,19,13021.156498031565,14975.636196224237,13.051062890297402
cicv5g,aoi_mean_s,impaired_gru,5,flow_proxy,Q2-moderate,18,14789.066554932102,15826.275553968913,6.5537150259970325
cicv5g,aoi_mean_s,impaired_gru,5,flow_proxy,Q3-high,19,14269.807336337626,15538.474922267702,8.164685352171668
cicv5g,aoi_mean_s,impaired_gru,5,flow_proxy,Q4-severe,18,10360.746784320228,10151.561598282256,-2.060620762752029
cicv5g,aoi_mean_s,impaired_gru,5,speed_mean_kmh,Q1-mild,19,3.607514404245196,4.093779208172694,11.878139440664503
cicv5g,aoi_mean_s,impaired_gru,5,speed_mean_kmh,Q2-moderate,18,4.516134296801653,4.67537736467283,3.4059938933233287
cicv5g,aoi_mean_s,impaired_gru,5,speed_mean_kmh,Q3-high,19,3.945838957631851,4.185673658813472,5.729894878537143
cicv5g,aoi_mean_s,impaired_gru,5,speed_mean_kmh,Q4-severe,18,2.9469533635852936,2.8797476297647804,-2.333736918211438
cicv5g,aoi_mean_s,impaired_gru,5,vehicle_count,Q1-mild,19,1.0339920138461944,1.173483431740207,11.886952378906598
cicv5g,aoi_mean_s,impaired_gru,5,vehicle_count,Q2-moderate,18,1.1086861379099613,1.1410278607869406,2.834437589563347
cicv5g,aoi_mean_s,impaired_gru,5,vehicle_count,Q3-high,19,0.9683210952277246,1.0379502881495573,6.708335943056869
cicv5g,aoi_mean_s,impaired_gru,5,vehicle_count,Q4-severe,18,0.7573988331536279,0.7960622076132041,4.856828223238482
cicv5g,aoi_mean_s,impaired_gru,10,flow_proxy,Q1-mild,19,16438.278830532374,19920.84873159578,17.482035770584773
cicv5g,aoi_mean_s,impaired_gru,10,flow_proxy,Q2-moderate,18,17240.44898135148,17429.60528537685,1.0852586787146477
cicv5g,aoi_mean_s,impaired_gru,10,flow_proxy,Q3-high,19,16218.66137048197,17785.460770057445,8.809439461992264
cicv5g,aoi_mean_s,impaired_gru,10,flow_proxy,Q4-severe,18,13461.36420348317,13063.863629378817,-3.042748955294706
cicv5g,aoi_mean_s,impaired_gru,10,speed_mean_kmh,Q1-mild,19,4.304547688555816,4.988956326452173,13.718473198405745
cicv5g,aoi_mean_s,impaired_gru,10,speed_mean_kmh,Q2-moderate,18,4.442616634020693,4.437819299510782,-0.10810116805860032
cicv5g,aoi_mean_s,impaired_gru,10,speed_mean_kmh,Q3-high,19,4.435928875533188,4.809086789400546,7.759433951449411
cicv5g,aoi_mean_s,impaired_gru,10,speed_mean_kmh,Q4-severe,18,3.5382123419998304,3.3853624265048676,-4.515023675065314
cicv5g,aoi_mean_s,impaired_gru,10,vehicle_count,Q1-mild,19,1.371064820582939,1.5369576874260336,10.793587040223546
cicv5g,aoi_mean_s,impaired_gru,10,vehicle_count,Q2-moderate,18,1.4934155692691904,1.47405437016864,-1.3134657283359807
cicv5g,aoi_mean_s,impaired_gru,10,vehicle_count,Q3-high,19,1.1487859222837054,1.2564709982944797,8.570438577563754
cicv5g,aoi_mean_s,impaired_gru,10,vehicle_count,Q4-severe,18,1.0738369171852737,1.0989875138232246,2.2885243092164873
cicv5g,aoi_mean_s,impaired_gru,30,flow_proxy,Q1-mild,19,14825.536062410003,14726.77147378934,-0.6706465758389519
cicv5g,aoi_mean_s,impaired_gru,30,flow_proxy,Q2-moderate,18,14222.489790244214,15813.62187915136,10.061781551789126
cicv5g,aoi_mean_s,impaired_gru,30,flow_proxy,Q3-high,19,16203.51105907118,14236.935918500196,-13.813190926947522
cicv5g,aoi_mean_s,impaired_gru,30,flow_proxy,Q4-severe,18,13867.483742588922,15168.026726065536,8.57423979376853
cicv5g,aoi_mean_s,impaired_gru,30,speed_mean_kmh,Q1-mild,19,3.6517836831555086,4.166428029086745,12.35217171887225
cicv5g,aoi_mean_s,impaired_gru,30,speed_mean_kmh,Q2-moderate,18,4.39159240439266,4.874857741028701,9.913424377030521
cicv5g,aoi_mean_s,impaired_gru,30,speed_mean_kmh,Q3-high,19,4.806229708204122,4.791366336338025,-0.31021155118846144
cicv5g,aoi_mean_s,impaired_gru,30,speed_mean_kmh,Q4-severe,18,4.054581132889005,4.614290677836445,12.129915144333424
cicv5g,aoi_mean_s,impaired_gru,30,vehicle_count,Q1-mild,19,1.9167902655808295,1.765495270071992,-8.569549701807656
cicv5g,aoi_mean_s,impaired_gru,30,vehicle_count,Q2-moderate,18,1.9599797761612057,2.0907871308178545,6.256368814545168
cicv5g,aoi_mean_s,impaired_gru,30,vehicle_count,Q3-high,19,1.4246623216960135,1.3060039272464687,-9.085607712616838
cicv5g,aoi_mean_s,impaired_gru,30,vehicle_count,Q4-severe,18,1.0330398200175293,1.1886462329043523,13.091061685990994
cicv5g,aoi_mean_s,graph_gru,5,flow_proxy,Q1-mild,19,13021.156498031565,15000.038725946637,13.192514126585145
cicv5g,aoi_mean_s,graph_gru,5,flow_proxy,Q2-moderate,18,14789.066554932102,15280.93168330899,3.2188163560329217
cicv5g,aoi_mean_s,graph_gru,5,flow_proxy,Q3-high,19,14269.807336337626,14392.19669840702,0.8503869467185352
cicv5g,aoi_mean_s,graph_gru,5,flow_proxy,Q4-severe,18,10360.746784320228,9275.639442829848,-11.698464005390033
cicv5g,aoi_mean_s,graph_gru,5,speed_mean_kmh,Q1-mild,19,3.607514404245196,4.044272140628883,10.799415076845689
cicv5g,aoi_mean_s,graph_gru,5,speed_mean_kmh,Q2-moderate,18,4.516134296801653,4.666618653580207,3.2246979585665114
cicv5g,aoi_mean_s,graph_gru,5,speed_mean_kmh,Q3-high,19,3.945838957631851,4.167647911405651,5.322161515481114
cicv5g,aoi_mean_s,graph_gru,5,speed_mean_kmh,Q4-severe,18,2.9469533635852936,2.917685519653359,-1.0031185209809679
cicv5g,aoi_mean_s,graph_gru,5,vehicle_count,Q1-mild,19,1.0339920138461944,1.1215291079908714,7.805155723597489
cicv5g,aoi_mean_s,graph_gru,5,vehicle_count,Q2-moderate,18,1.1086861379099613,1.0982743733453775,-0.9480112367611873
cicv5g,aoi_mean_s,graph_gru,5,vehicle_count,Q3-high,19,0.9683210952277246,1.032149486925426,6.1840258497275675
cicv5g,aoi_mean_s,graph_gru,5,vehicle_count,Q4-severe,18,0.7573988331536279,0.8186277272284033,7.479455103986058
cicv5g,aoi_mean_s,graph_gru,10,flow_proxy,Q1-mild,19,16438.278830532374,20092.88543940647,18.18856042300827
cicv5g,aoi_mean_s,graph_gru,10,flow_proxy,Q2-moderate,18,17240.44898135148,18223.7203434652,5.39555778722081
cicv5g,aoi_mean_s,graph_gru,10,flow_proxy,Q3-high,19,16218.66137048197,18261.215009704734,11.185201193546824
cicv5g,aoi_mean_s,graph_gru,10,flow_proxy,Q4-severe,18,13461.36420348317,12750.681321846749,-5.5736855443026005
cicv5g,aoi_mean_s,graph_gru,10,speed_mean_kmh,Q1-mild,19,4.304547688555816,4.871134590626486,11.631518086110779
cicv5g,aoi_mean_s,graph_gru,10,speed_mean_kmh,Q2-moderate,18,4.442616634020693,4.5156761692664436,1.617909087042173
cicv5g,aoi_mean_s,graph_gru,10,speed_mean_kmh,Q3-high,19,4.435928875533188,4.9172955202153,9.789255938030559
cicv5g,aoi_mean_s,graph_gru,10,speed_mean_kmh,Q4-severe,18,3.5382123419998304,3.544636741906668,0.1812428284331858
cicv5g,aoi_mean_s,graph_gru,10,vehicle_count,Q1-mild,19,1.371064820582939,1.5379417473858414,10.85066622331369
cicv5g,aoi_mean_s,graph_gru,10,vehicle_count,Q2-moderate,18,1.4934155692691904,1.4431563405173313,-3.4825906932289445
cicv5g,aoi_mean_s,graph_gru,10,vehicle_count,Q3-high,19,1.1487859222837054,1.273019973013296,9.759002402737078
cicv5g,aoi_mean_s,graph_gru,10,vehicle_count,Q4-severe,18,1.0738369171852737,1.1439933848119332,6.132593767133845
cicv5g,aoi_mean_s,graph_gru,30,flow_proxy,Q1-mild,19,14825.536062410003,15843.004588567803,6.422194227547945
cicv5g,aoi_mean_s,graph_gru,30,flow_proxy,Q2-moderate,18,14222.489790244214,17405.041535393433,18.285229246225125
cicv5g,aoi_mean_s,graph_gru,30,flow_proxy,Q3-high,19,16203.51105907118,15338.181143617809,-5.64167229054319
cicv5g,aoi_mean_s,graph_gru,30,flow_proxy,Q4-severe,18,13867.483742588922,15124.70784915353,8.31238605798352
cicv5g,aoi_mean_s,graph_gru,30,speed_mean_kmh,Q1-mild,19,3.6517836831555086,4.131304464041494,11.607006549601731
cicv5g,aoi_mean_s,graph_gru,30,speed_mean_kmh,Q2-moderate,18,4.39159240439266,4.683134475864076,6.225361931232778
cicv5g,aoi_mean_s,graph_gru,30,speed_mean_kmh,Q3-high,19,4.806229708204122,4.852953227179999,0.9627852709956695
cicv5g,aoi_mean_s,graph_gru,30,speed_mean_kmh,Q4-severe,18,4.054581132889005,4.4837645223193,9.571943092388313
cicv5g,aoi_mean_s,graph_gru,30,vehicle_count,Q1-mild,19,1.9167902655808295,1.797326300138525,-6.646759954963172
cicv5g,aoi_mean_s,graph_gru,30,vehicle_count,Q2-moderate,18,1.9599797761612057,1.9791041069199042,0.9663125145968532
cicv5g,aoi_mean_s,graph_gru,30,vehicle_count,Q3-high,19,1.4246623216960135,1.35278364777941,-5.313390171684372
cicv5g,aoi_mean_s,graph_gru,30,vehicle_count,Q4-severe,18,1.0330398200175293,1.244941356437102,17.02100533666206
cicv5g,aoi_mean_s,persistence,5,flow_proxy,Q1-mild,19,13021.156498031565,15676.616237423756,16.938985423724873
cicv5g,aoi_mean_s,persistence,5,flow_proxy,Q2-moderate,18,14789.066554932102,18538.91137062832,20.22688787236543
cicv5g,aoi_mean_s,persistence,5,flow_proxy,Q3-high,19,14269.807336337626,16319.035120494513,12.55728521340135
cicv5g,aoi_mean_s,persistence,5,flow_proxy,Q4-severe,18,10360.746784320228,13743.569611005683,24.613858862213423
cicv5g,aoi_mean_s,persistence,5,speed_mean_kmh,Q1-mild,19,3.607514404245196,4.234218909753405,14.800947173149648
cicv5g,aoi_mean_s,persistence,5,speed_mean_kmh,Q2-moderate,18,4.516134296801653,5.7980437779616345,22.109344600356167
cicv5g,aoi_mean_s,persistence,5,speed_mean_kmh,Q3-high,19,3.945838957631851,4.456910527590411,11.46694701740337
cicv5g,aoi_mean_s,persistence,5,speed_mean_kmh,Q4-severe,18,2.9469533635852936,3.62668619618692,18.742532272079146
cicv5g,aoi_mean_s,persistence,5,vehicle_count,Q1-mild,19,1.0339920138461944,1.1622088506597705,11.032168240464895
cicv5g,aoi_mean_s,persistence,5,vehicle_count,Q2-moderate,18,1.1086861379099613,1.1384335589176038,2.613013338663727
cicv5g,aoi_mean_s,persistence,5,vehicle_count,Q3-high,19,0.9683210952277246,1.034512546432803,6.398322649008659
cicv5g,aoi_mean_s,persistence,5,vehicle_count,Q4-severe,18,0.7573988331536279,0.8888889074933206,14.792632887188716
cicv5g,aoi_mean_s,persistence,10,flow_proxy,Q1-mild,19,16438.278830532374,21069.35965136427,21.98016882079199
cicv5g,aoi_mean_s,persistence,10,flow_proxy,Q2-moderate,18,17240.44898135148,22134.81186420274,22.111608234467976
cicv5g,aoi_mean_s,persistence,10,flow_proxy,Q3-high,19,16218.66137048197,22031.504736241117,26.384232195427703
cicv5g,aoi_mean_s,persistence,10,flow_proxy,Q4-severe,18,13461.36420348317,17623.902952400593,23.618711247772
cicv5g,aoi_mean_s,persistence,10,speed_mean_kmh,Q1-mild,19,4.304547688555816,5.099902469545169,15.595489995728034
cicv5g,aoi_mean_s,persistence,10,speed_mean_kmh,Q2-moderate,18,4.442616634020693,5.643805265101229,21.283311038029947
cicv5g,aoi_mean_s,persistence,10,speed_mean_kmh,Q3-high,19,4.435928875533188,6.062624904686939,26.831546599774274
cicv5g,aoi_mean_s,persistence,10,speed_mean_kmh,Q4-severe,18,3.5382123419998304,4.323304013236689,18.159529540767558
cicv5g,aoi_mean_s,persistence,10,vehicle_count,Q1-mild,19,1.371064820582939,1.6773080906397428,18.258021286607956
cicv5g,aoi_mean_s,persistence,10,vehicle_count,Q2-moderate,18,1.4934155692691904,1.6393443160432297,8.901653207063417
cicv5g,aoi_mean_s,persistence,10,vehicle_count,Q3-high,19,1.1487859222837054,1.348576407818519,14.814917634255998
cicv5g,aoi_mean_s,persistence,10,vehicle_count,Q4-severe,18,1.0738369171852737,1.305100215233117,17.719964610881515
cicv5g,aoi_mean_s,persistence,30,flow_proxy,Q1-mild,19,14825.536062410003,32530.6631620049,54.42596424000558
cicv5g,aoi_mean_s,persistence,30,flow_proxy,Q2-moderate,18,14222.489790244214,25957.392803250896,45.2083269762458
cicv5g,aoi_mean_s,persistence,30,flow_proxy,Q3-high,19,16203.51105907118,31092.53567603111,47.886170404663794
cicv5g,aoi_mean_s,persistence,30,flow_proxy,Q4-severe,18,13867.483742588922,26701.381009980872,48.06454491095379
cicv5g,aoi_mean_s,persistence,30,speed_mean_kmh,Q1-mild,19,3.6517836831555086,7.755692463570392,52.91479509276647
cicv5g,aoi_mean_s,persistence,30,speed_mean_kmh,Q2-moderate,18,4.39159240439266,7.1456520777322465,38.54175433572807
cicv5g,aoi_mean_s,persistence,30,speed_mean_kmh,Q3-high,19,4.806229708204122,7.615046771849738,36.88509268702534
cicv5g,aoi_mean_s,persistence,30,speed_mean_kmh,Q4-severe,18,4.054581132889005,6.485729672979322,37.48458013090565
cicv5g,aoi_mean_s,persistence,30,vehicle_count,Q1-mild,19,1.9167902655808295,2.414150262228427,20.601865690344955
cicv5g,aoi_mean_s,persistence,30,vehicle_count,Q2-moderate,18,1.9599797761612057,2.6457195950493233,25.918839531573628
cicv5g,aoi_mean_s,persistence,30,vehicle_count,Q3-high,19,1.4246623216960135,2.2174288803225233,35.7516113407904
cicv5g,aoi_mean_s,persistence,30,vehicle_count,Q4-severe,18,1.0330398200175293,2.1994536263147015,53.03197971708824
cicv5g,aoi_p95_s,impaired_gru,5,flow_proxy,Q1-mild,19,13021.156498031565,14975.636196224237,13.051062890297402
cicv5g,aoi_p95_s,impaired_gru,5,flow_proxy,Q2-moderate,18,14789.066554932102,15826.275553968913,6.5537150259970325
cicv5g,aoi_p95_s,impaired_gru,5,flow_proxy,Q3-high,21,13959.963408460248,15036.628719305332,7.160283936930968
cicv5g,aoi_p95_s,impaired_gru,5,flow_proxy,Q4-severe,16,10278.784370657117,10136.870574172186,-1.3999764073773802
cicv5g,aoi_p95_s,impaired_gru,5,speed_mean_kmh,Q1-mild,19,3.607514404245196,4.093779208172694,11.878139440664503
cicv5g,aoi_p95_s,impaired_gru,5,speed_mean_kmh,Q2-moderate,18,4.516134296801653,4.67537736467283,3.4059938933233287
cicv5g,aoi_p95_s,impaired_gru,5,speed_mean_kmh,Q3-high,21,3.8527861252152427,4.083792132840348,5.656654392415698
cicv5g,aoi_p95_s,impaired_gru,5,speed_mean_kmh,Q4-severe,16,2.9442245068762727,2.850226378973419,-3.2979179572016197
cicv5g,aoi_p95_s,impaired_gru,5,vehicle_count,Q1-mild,19,1.0339920138461944,1.173483431740207,11.886952378906598
cicv5g,aoi_p95_s,impaired_gru,5,vehicle_count,Q2-moderate,18,1.1086861379099613,1.1410278607869406,2.834437589563347
cicv5g,aoi_p95_s,impaired_gru,5,vehicle_count,Q3-high,21,0.9384678702461061,1.0041406311285184,6.540195485824072
cicv5g,aoi_p95_s,impaired_gru,5,vehicle_count,Q4-severe,16,0.7702159081827401,0.8102013723862738,4.935250059159993
cicv5g,aoi_p95_s,impaired_gru,10,flow_proxy,Q1-mild,19,16438.278830532374,19920.84873159578,17.482035770584773
cicv5g,aoi_p95_s,impaired_gru,10,flow_proxy,Q2-moderate,18,17240.44898135148,17429.60528537685,1.0852586787146477
cicv5g,aoi_p95_s,impaired_gru,10,flow_proxy,Q3-high,21,16309.74192968503,17828.755689023525,8.520021171599996
cicv5g,aoi_p95_s,impaired_gru,10,flow_proxy,Q4-severe,16,12997.158823654308,12416.839405651011,-4.673648414416322
cicv5g,aoi_p95_s,impaired_gru,10,speed_mean_kmh,Q1-mild,19,4.304547688555816,4.988956326452173,13.718473198405745
cicv5g,aoi_p95_s,impaired_gru,10,speed_mean_kmh,Q2-moderate,18,4.442616634020693,4.437819299510782,-0.10810116805860032
cicv5g,aoi_p95_s,impaired_gru,10,speed_mean_kmh,Q3-high,21,4.421921420878793,4.780230708087771,7.495648397329066
cicv5g,aoi_p95_s,impaired_gru,10,speed_mean_kmh,Q4-severe,16,3.4443825595420527,3.2452704878659233,-6.135453787505994
cicv5g,aoi_p95_s,impaired_gru,10,vehicle_count,Q1-mild,19,1.371064820582939,1.5369576874260336,10.793587040223546
cicv5g,aoi_p95_s,impaired_gru,10,vehicle_count,Q2-moderate,18,1.4934155692691904,1.47405437016864,-1.3134657283359807
cicv5g,aoi_p95_s,impaired_gru,10,vehicle_count,Q3-high,21,1.1518915358845212,1.2615169326763318,8.689966268644659
cicv5g,aoi_p95_s,impaired_gru,10,vehicle_count,Q4-severe,16,1.0603921736968989,1.072679289388137,1.145460315888144
cicv5g,aoi_p95_s,impaired_gru,30,flow_proxy,Q1-mild,19,14825.536062410003,14726.77147378934,-0.6706465758389519
cicv5g,aoi_p95_s,impaired_gru,30,flow_proxy,Q2-moderate,18,14222.489790244214,15813.62187915136,10.061781551789126
cicv5g,aoi_p95_s,impaired_gru,30,flow_proxy,Q3-high,21,16139.22433132229,14064.924686318966,-14.74803236607113
cicv5g,aoi_p95_s,impaired_gru,30,flow_proxy,Q4-severe,16,13659.85665819906,15510.177819249071,11.929722422346812
cicv5g,aoi_p95_s,impaired_gru,30,speed_mean_kmh,Q1-mild,19,3.6517836831555086,4.166428029086745,12.35217171887225
cicv5g,aoi_p95_s,impaired_gru,30,speed_mean_kmh,Q2-moderate,18,4.39159240439266,4.874857741028701,9.913424377030521
cicv5g,aoi_p95_s,impaired_gru,30,speed_mean_kmh,Q3-high,21,4.840586238375043,4.870933830933713,0.6230343821063322
cicv5g,aoi_p95_s,impaired_gru,30,speed_mean_kmh,Q4-severe,16,3.915532115125282,4.487723883866908,12.750155363247822
cicv5g,aoi_p95_s,impaired_gru,30,vehicle_count,Q1-mild,19,1.9167902655808295,1.765495270071992,-8.569549701807656
cicv5g,aoi_p95_s,impaired_gru,30,vehicle_count,Q2-moderate,18,1.9599797761612057,2.0907871308178545,6.256368814545168
cicv5g,aoi_p95_s,impaired_gru,30,vehicle_count,Q3-high,21,1.3843510807355688,1.2817676387946446,-8.003279068354715
cicv5g,aoi_p95_s,impaired_gru,30,vehicle_count,Q4-severe,16,1.036995511068302,1.2057866497046068,13.99842478582863
cicv5g,aoi_p95_s,graph_gru,5,flow_proxy,Q1-mild,19,13021.156498031565,15000.038725946637,13.192514126585145
cicv5g,aoi_p95_s,graph_gru,5,flow_proxy,Q2-moderate,18,14789.066554932102,15280.93168330899,3.2188163560329217
cicv5g,aoi_p95_s,graph_gru,5,flow_proxy,Q3-high,21,13959.963408460248,13890.9132920104,-0.49708838431460795
cicv5g,aoi_p95_s,graph_gru,5,flow_proxy,Q4-severe,16,10278.784370657117,9294.004256778266,-10.595864674363318
cicv5g,aoi_p95_s,graph_gru,5,speed_mean_kmh,Q1-mild,19,3.607514404245196,4.044272140628883,10.799415076845689
cicv5g,aoi_p95_s,graph_gru,5,speed_mean_kmh,Q2-moderate,18,4.516134296801653,4.666618653580207,3.2246979585665114
cicv5g,aoi_p95_s,graph_gru,5,speed_mean_kmh,Q3-high,21,3.8527861252152427,4.060844349593074,5.1235212668598855
cicv5g,aoi_p95_s,graph_gru,5,speed_mean_kmh,Q4-severe,16,2.9442245068762727,2.90161989556333,-1.4683043506579267
cicv5g,aoi_p95_s,graph_gru,5,vehicle_count,Q1-mild,19,1.0339920138461944,1.1215291079908714,7.805155723597489
cicv5g,aoi_p95_s,graph_gru,5,vehicle_count,Q2-moderate,18,1.1086861379099613,1.0982743733453775,-0.9480112367611873
cicv5g,aoi_p95_s,graph_gru,5,vehicle_count,Q3-high,21,0.9384678702461061,1.0030266838293032,6.4364003451122285
cicv5g,aoi_p95_s,graph_gru,5,vehicle_count,Q4-severe,16,0.7702159081827401,0.8301611863299366,7.220920275749923
cicv5g,aoi_p95_s,graph_gru,10,flow_proxy,Q1-mild,19,16438.278830532374,20092.88543940647,18.18856042300827
cicv5g,aoi_p95_s,graph_gru,10,flow_proxy,Q2-moderate,18,17240.44898135148,18223.7203434652,5.39555778722081
cicv5g,aoi_p95_s,graph_gru,10,flow_proxy,Q3-high,21,16309.74192968503,18125.467828104396,10.017539495466131
cicv5g,aoi_p95_s,graph_gru,10,flow_proxy,Q4-severe,16,12997.158823654308,12240.032786714944,-6.185653667206782
cicv5g,aoi_p95_s,graph_gru,10,speed_mean_kmh,Q1-mild,19,4.304547688555816,4.871134590626486,11.631518086110779
cicv5g,aoi_p95_s,graph_gru,10,speed_mean_kmh,Q2-moderate,18,4.442616634020693,4.5156761692664436,1.617909087042173
cicv5g,aoi_p95_s,graph_gru,10,speed_mean_kmh,Q3-high,21,4.421921420878793,4.882205138977075,9.42778322608424
cicv5g,aoi_p95_s,graph_gru,10,speed_mean_kmh,Q4-severe,16,3.4443825595420527,3.4191105199932603,-0.7391407597707068
cicv5g,aoi_p95_s,graph_gru,10,vehicle_count,Q1-mild,19,1.371064820582939,1.5379417473858414,10.85066622331369
cicv5g,aoi_p95_s,graph_gru,10,vehicle_count,Q2-moderate,18,1.4934155692691904,1.4431563405173313,-3.4825906932289445
cicv5g,aoi_p95_s,graph_gru,10,vehicle_count,Q3-high,21,1.1518915358845212,1.2752505030367693,9.673312489676398
cicv5g,aoi_p95_s,graph_gru,10,vehicle_count,Q4-severe,16,1.0603921736968989,1.1249374906309542,5.73768026204595
cicv5g,aoi_p95_s,graph_gru,30,flow_proxy,Q1-mild,19,14825.536062410003,15843.004588567803,6.422194227547945
cicv5g,aoi_p95_s,graph_gru,30,flow_proxy,Q2-moderate,18,14222.489790244214,17405.041535393433,18.285229246225125
cicv5g,aoi_p95_s,graph_gru,30,flow_proxy,Q3-high,21,16139.22433132229,15166.49130488341,-6.413698507347125
cicv5g,aoi_p95_s,graph_gru,30,flow_proxy,Q4-severe,16,13659.85665819906,15323.3666006844,10.856034354813096
cicv5g,aoi_p95_s,graph_gru,30,speed_mean_kmh,Q1-mild,19,3.6517836831555086,4.131304464041494,11.607006549601731
cicv5g,aoi_p95_s,graph_gru,30,speed_mean_kmh,Q2-moderate,18,4.39159240439266,4.683134475864076,6.225361931232778
cicv5g,aoi_p95_s,graph_gru,30,speed_mean_kmh,Q3-high,21,4.840586238375043,4.918508946419036,1.5842750055847148
cicv5g,aoi_p95_s,graph_gru,30,speed_mean_kmh,Q4-severe,16,3.915532115125282,4.3515740527104745,10.020326697912022
cicv5g,aoi_p95_s,graph_gru,30,vehicle_count,Q1-mild,19,1.9167902655808295,1.797326300138525,-6.646759954963172
cicv5g,aoi_p95_s,graph_gru,30,vehicle_count,Q2-moderate,18,1.9599797761612057,1.9791041069199042,0.9663125145968532
cicv5g,aoi_p95_s,graph_gru,30,vehicle_count,Q3-high,21,1.3843510807355688,1.3483674610498209,-2.6686804938813573
cicv5g,aoi_p95_s,graph_gru,30,vehicle_count,Q4-severe,16,1.036995511068302,1.2372573151018995,16.18594612217019
cicv5g,aoi_p95_s,persistence,5,flow_proxy,Q1-mild,19,13021.156498031565,15676.616237423756,16.938985423724873
cicv5g,aoi_p95_s,persistence,5,flow_proxy,Q2-moderate,18,14789.066554932102,18538.91137062832,20.22688787236543
cicv5g,aoi_p95_s,persistence,5,flow_proxy,Q3-high,21,13959.963408460248,15998.835904630705,12.743880294309735
cicv5g,aoi_p95_s,persistence,5,flow_proxy,Q4-severe,16,10278.784370657117,13841.897893140831,25.741509943132822
cicv5g,aoi_p95_s,persistence,5,speed_mean_kmh,Q1-mild,19,3.607514404245196,4.234218909753405,14.800947173149648
cicv5g,aoi_p95_s,persistence,5,speed_mean_kmh,Q2-moderate,18,4.516134296801653,5.7980437779616345,22.109344600356167
cicv5g,aoi_p95_s,persistence,5,speed_mean_kmh,Q3-high,21,3.8527861252152427,4.336819048773798,11.161012645416006
cicv5g,aoi_p95_s,persistence,5,speed_mean_kmh,Q4-severe,16,2.9442245068762727,3.680528220708289,20.005381501728632
cicv5g,aoi_p95_s,persistence,5,vehicle_count,Q1-mild,19,1.0339920138461944,1.1622088506597705,11.032168240464895
cicv5g,aoi_p95_s,persistence,5,vehicle_count,Q2-moderate,18,1.1086861379099613,1.1384335589176038,2.613013338663727
cicv5g,aoi_p95_s,persistence,5,vehicle_count,Q3-high,21,0.9384678702461061,1.0093677140218853,7.024183762610773
cicv5g,aoi_p95_s,persistence,5,vehicle_count,Q4-severe,16,0.7702159081827401,0.903688545165215,14.769760690183029
cicv5g,aoi_p95_s,persistence,10,flow_proxy,Q1-mild,19,16438.278830532374,21069.35965136427,21.98016882079199
cicv5g,aoi_p95_s,persistence,10,flow_proxy,Q2-moderate,18,17240.44898135148,22134.81186420274,22.111608234467976
cicv5g,aoi_p95_s,persistence,10,flow_proxy,Q3-high,21,16309.74192968503,21650.677178143895,24.668675277501293
cicv5g,aoi_p95_s,persistence,10,flow_proxy,Q4-severe,16,12997.158823654308,17572.788899423125,26.038155365972788
cicv5g,aoi_p95_s,persistence,10,speed_mean_kmh,Q1-mild,19,4.304547688555816,5.099902469545169,15.595489995728034
cicv5g,aoi_p95_s,persistence,10,speed_mean_kmh,Q2-moderate,18,4.442616634020693,5.643805265101229,21.283311038029947
cicv5g,aoi_p95_s,persistence,10,speed_mean_kmh,Q3-high,21,4.421921420878793,5.895672983840091,24.997172748575117
cicv5g,aoi_p95_s,persistence,10,speed_mean_kmh,Q4-severe,16,3.4443825595420527,4.325013297916894,20.36134170414818
cicv5g,aoi_p95_s,persistence,10,vehicle_count,Q1-mild,19,1.371064820582939,1.6773080906397428,18.258021286607956
cicv5g,aoi_p95_s,persistence,10,vehicle_count,Q2-moderate,18,1.4934155692691904,1.6393443160432297,8.901653207063417
cicv5g,aoi_p95_s,persistence,10,vehicle_count,Q3-high,21,1.1518915358845212,1.3590945036238582,15.24566287791537
cicv5g,aoi_p95_s,persistence,10,vehicle_count,Q4-severe,16,1.0603921736968989,1.2858606904154342,17.534443400104788
cicv5g,aoi_p95_s,persistence,30,flow_proxy,Q1-mild,19,14825.536062410003,32530.6631620049,54.42596424000558
cicv5g,aoi_p95_s,persistence,30,flow_proxy,Q2-moderate,18,14222.489790244214,25957.392803250896,45.2083269762458
cicv5g,aoi_p95_s,persistence,30,flow_proxy,Q3-high,21,16139.22433132229,30596.72930060348,47.251798802531845
cicv5g,aoi_p95_s,persistence,30,flow_proxy,Q4-severe,16,13659.85665819906,26803.232544473358,49.03653268112792
cicv5g,aoi_p95_s,persistence,30,speed_mean_kmh,Q1-mild,19,3.6517836831555086,7.755692463570392,52.91479509276647
cicv5g,aoi_p95_s,persistence,30,speed_mean_kmh,Q2-moderate,18,4.39159240439266,7.1456520777322465,38.54175433572807
cicv5g,aoi_p95_s,persistence,30,speed_mean_kmh,Q3-high,21,4.840586238375043,7.522279261798879,35.65000615541538
cicv5g,aoi_p95_s,persistence,30,speed_mean_kmh,Q4-severe,16,3.915532115125282,6.466322392562276,39.44731052114329
cicv5g,aoi_p95_s,persistence,30,vehicle_count,Q1-mild,19,1.9167902655808295,2.414150262228427,20.601865690344955
cicv5g,aoi_p95_s,persistence,30,vehicle_count,Q2-moderate,18,1.9599797761612057,2.6457195950493233,25.918839531573628
cicv5g,aoi_p95_s,persistence,30,vehicle_count,Q3-high,21,1.3843510807355688,2.1951600915042135,36.936212999363704
cicv5g,aoi_p95_s,persistence,30,vehicle_count,Q4-severe,16,1.036995511068302,2.226434504887755,53.42348880534751
see_v2x,latency_mean_ms,impaired_gru,5,flow_proxy,Q1-mild,19,12987.174913716068,14642.99934838513,11.307959491581487
see_v2x,latency_mean_ms,impaired_gru,5,flow_proxy,Q2-moderate,18,12692.421505000482,13736.64466413128,7.601733790615417
see_v2x,latency_mean_ms,impaired_gru,5,flow_proxy,Q3-high,19,13287.287252579035,13481.696770332032,1.4420255926588683
see_v2x,latency_mean_ms,impaired_gru,5,flow_proxy,Q4-severe,18,13506.061297958024,14851.6778013785,9.060366925645758
see_v2x,latency_mean_ms,impaired_gru,5,speed_mean_kmh,Q1-mild,19,3.58393540294191,3.9260379627061717,8.713684435620843
see_v2x,latency_mean_ms,impaired_gru,5,speed_mean_kmh,Q2-moderate,18,3.7123321025604445,3.8746652423463814,4.189604242266679
see_v2x,latency_mean_ms,impaired_gru,5,speed_mean_kmh,Q3-high,19,4.059093671530374,4.164171283576798,2.5233739113591525
see_v2x,latency_mean_ms,impaired_gru,5,speed_mean_kmh,Q4-severe,18,3.6644832470088624,3.9000456564685604,6.039991056643103
see_v2x,latency_mean_ms,impaired_gru,5,vehicle_count,Q1-mild,19,0.9819898046075096,1.0966778205089234,10.45776733247099
see_v2x,latency_mean_ms,impaired_gru,5,vehicle_count,Q2-moderate,18,0.97229450570876,1.0546426369444415,7.808154873526522
see_v2x,latency_mean_ms,impaired_gru,5,vehicle_count,Q3-high,19,1.0160607088533131,1.0345741277997202,1.789472428315338
see_v2x,latency_mean_ms,impaired_gru,5,vehicle_count,Q4-severe,18,0.895158089070153,0.9729337588105635,7.99393260195843
see_v2x,latency_mean_ms,impaired_gru,10,flow_proxy,Q1-mild,19,16300.703048471036,18911.398917571747,13.804879694402574
see_v2x,latency_mean_ms,impaired_gru,10,flow_proxy,Q2-moderate,18,15013.194110715907,16137.07217910945,6.964572358099649
see_v2x,latency_mean_ms,impaired_gru,10,flow_proxy,Q3-high,19,16592.312615420862,15946.991893384436,-4.046661128007035
see_v2x,latency_mean_ms,impaired_gru,10,flow_proxy,Q4-severe,18,15308.200779787083,17380.39966813439,11.922619317813094
see_v2x,latency_mean_ms,impaired_gru,10,speed_mean_kmh,Q1-mild,19,3.968469782190544,4.4292064633474055,10.402239857846505
see_v2x,latency_mean_ms,impaired_gru,10,speed_mean_kmh,Q2-moderate,18,4.212182524605387,4.4207501961864875,4.717924828442617
see_v2x,latency_mean_ms,impaired_gru,10,speed_mean_kmh,Q3-high,19,4.5577031155365475,4.458808240902539,-2.2179665298230833
see_v2x,latency_mean_ms,impaired_gru,10,speed_mean_kmh,Q4-severe,18,3.966051753444048,4.384950374590047,9.553098311399989
see_v2x,latency_mean_ms,impaired_gru,10,vehicle_count,Q1-mild,19,1.3241193503399808,1.4369279923905818,7.850681583414337
see_v2x,latency_mean_ms,impaired_gru,10,vehicle_count,Q2-moderate,18,1.3474479198529132,1.4134399708630927,4.668896585894123
see_v2x,latency_mean_ms,impaired_gru,10,vehicle_count,Q3-high,19,1.3359854122734023,1.3070320877914834,-2.215196132584798
see_v2x,latency_mean_ms,impaired_gru,10,vehicle_count,Q4-severe,18,1.0700708945282296,1.2229152357399455,12.498359288932974
see_v2x,latency_mean_ms,impaired_gru,30,flow_proxy,Q1-mild,19,15122.543666410049,15857.636642783411,4.635577122442322
see_v2x,latency_mean_ms,impaired_gru,30,flow_proxy,Q2-moderate,18,14054.724529133598,14795.541827664,5.0070305444627605
see_v2x,latency_mean_ms,impaired_gru,30,flow_proxy,Q3-high,19,13869.901955743464,15616.5259814705,11.184459512943803
see_v2x,latency_mean_ms,impaired_gru,30,flow_proxy,Q4-severe,18,16006.497679419754,13713.198699455977,-16.723297242481305
see_v2x,latency_mean_ms,impaired_gru,30,speed_mean_kmh,Q1-mild,19,3.938537749109138,4.445337157598507,11.400696716176332
see_v2x,latency_mean_ms,impaired_gru,30,speed_mean_kmh,Q2-moderate,18,3.7774514967025277,4.242496502179967,10.961588398300893
see_v2x,latency_mean_ms,impaired_gru,30,speed_mean_kmh,Q3-high,19,4.4122026024302885,4.910465233990332,10.146953634787295
see_v2x,latency_mean_ms,impaired_gru,30,speed_mean_kmh,Q4-severe,18,4.799785003869778,4.823679382548556,0.4953558629059944
see_v2x,latency_mean_ms,impaired_gru,30,vehicle_count,Q1-mild,19,1.8082974797041083,1.7882370747161562,-1.1217978398617197
see_v2x,latency_mean_ms,impaired_gru,30,vehicle_count,Q2-moderate,18,1.7358491488604466,1.7934760100857206,3.2131380949559403
see_v2x,latency_mean_ms,impaired_gru,30,vehicle_count,Q3-high,19,1.437558584208588,1.5184039810122705,5.324366722046444
see_v2x,latency_mean_ms,impaired_gru,30,vehicle_count,Q4-severe,18,1.3057214168276803,1.2365787237468515,-5.59145092778083
see_v2x,latency_mean_ms,graph_gru,5,flow_proxy,Q1-mild,19,12987.174913716068,14346.91199025845,9.477559195070656
see_v2x,latency_mean_ms,graph_gru,5,flow_proxy,Q2-moderate,18,12692.421505000482,13486.430340062003,5.8874647704388865
see_v2x,latency_mean_ms,graph_gru,5,flow_proxy,Q3-high,19,13287.287252579035,12695.649477436813,-4.6601615474122635
see_v2x,latency_mean_ms,graph_gru,5,flow_proxy,Q4-severe,18,13506.061297958024,13737.018435364376,1.6812755875147682
see_v2x,latency_mean_ms,graph_gru,5,speed_mean_kmh,Q1-mild,19,3.58393540294191,3.8616516138095562,7.19164331539769
see_v2x,latency_mean_ms,graph_gru,5,speed_mean_kmh,Q2-moderate,18,3.7123321025604445,3.878411638999088,4.282153403739497
see_v2x,latency_mean_ms,graph_gru,5,speed_mean_kmh,Q3-high,19,4.059093671530374,4.196386891517404,3.2717007084686376
see_v2x,latency_mean_ms,graph_gru,5,speed_mean_kmh,Q4-severe,18,3.6644832470088624,3.9075372352286246,6.220132348490039
see_v2x,latency_mean_ms,graph_gru,5,vehicle_count,Q1-mild,19,0.9819898046075096,1.079585424383767,9.040101567502669
see_v2x,latency_mean_ms,graph_gru,5,vehicle_count,Q2-moderate,18,0.97229450570876,1.0213684696368208,4.8047266884044255
see_v2x,latency_mean_ms,graph_gru,5,vehicle_count,Q3-high,19,1.0160607088533131,1.002406967708948,-1.3620955807362243
see_v2x,latency_mean_ms,graph_gru,5,vehicle_count,Q4-severe,18,0.895158089070153,0.9829216357554641,8.928844640292445
see_v2x,latency_mean_ms,graph_gru,10,flow_proxy,Q1-mild,19,16300.703048471036,19012.237981184393,14.262050240457869
see_v2x,latency_mean_ms,graph_gru,10,flow_proxy,Q2-moderate,18,15013.194110715907,16946.907975566886,11.410422878543741
see_v2x,latency_mean_ms,graph_gru,10,flow_proxy,Q3-high,19,16592.312615420862,15929.92007279216,-4.158166140203263
see_v2x,latency_mean_ms,graph_gru,10,flow_proxy,Q4-severe,18,15308.200779787083,17881.691611343493,14.391763863785917
see_v2x,latency_mean_ms,graph_gru,10,speed_mean_kmh,Q1-mild,19,3.968469782190544,4.361706101152215,9.015653713032753
see_v2x,latency_mean_ms,graph_gru,10,speed_mean_kmh,Q2-moderate,18,4.212182524605387,4.471290994827771,5.794936405226539
see_v2x,latency_mean_ms,graph_gru,10,speed_mean_kmh,Q3-high,19,4.5577031155365475,4.540106207983181,-0.38758801465186415
see_v2x,latency_mean_ms,graph_gru,10,speed_mean_kmh,Q4-severe,18,3.966051753444048,4.548622274765588,12.80762580073326
see_v2x,latency_mean_ms,graph_gru,10,vehicle_count,Q1-mild,19,1.3241193503399808,1.4503236549186875,8.701802751441855
see_v2x,latency_mean_ms,graph_gru,10,vehicle_count,Q2-moderate,18,1.3474479198529132,1.4303633517368415,5.796808985882222
see_v2x,latency_mean_ms,graph_gru,10,vehicle_count,Q3-high,19,1.3359854122734023,1.2914055851257618,-3.4520391824149703
see_v2x,latency_mean_ms,graph_gru,10,vehicle_count,Q4-severe,18,1.0700708945282296,1.2441828495559915,13.994080829074981
see_v2x,latency_mean_ms,graph_gru,30,flow_proxy,Q1-mild,19,15122.543666410049,16830.79605176977,10.14956381209955
see_v2x,latency_mean_ms,graph_gru,30,flow_proxy,Q2-moderate,18,14054.724529133598,16390.406566065576,14.250299573204666
see_v2x,latency_mean_ms,graph_gru,30,flow_proxy,Q3-high,19,13869.901955743464,15719.388876724228,11.76564137119943
see_v2x,latency_mean_ms,graph_gru,30,flow_proxy,Q4-severe,18,16006.497679419754,14784.88230176541,-8.262597920767
see_v2x,latency_mean_ms,graph_gru,30,speed_mean_kmh,Q1-mild,19,3.938537749109138,4.36435269771697,9.756657564704003
see_v2x,latency_mean_ms,graph_gru,30,speed_mean_kmh,Q2-moderate,18,3.7774514967025277,4.125913261964267,8.44568807661445
see_v2x,latency_mean_ms,graph_gru,30,speed_mean_kmh,Q3-high,19,4.4122026024302885,4.823040994218439,8.518243809845561
see_v2x,latency_mean_ms,graph_gru,30,speed_mean_kmh,Q4-severe,18,4.799785003869778,4.834290518899657,0.7137658529954427
see_v2x,latency_mean_ms,graph_gru,30,vehicle_count,Q1-mild,19,1.8082974797041083,1.7654706671716351,-2.425801407309898
see_v2x,latency_mean_ms,graph_gru,30,vehicle_count,Q2-moderate,18,1.7358491488604466,1.7979895151285403,3.456102797019979
see_v2x,latency_mean_ms,graph_gru,30,vehicle_count,Q3-high,19,1.437558584208588,1.454394228906646,1.1575709149339268
see_v2x,latency_mean_ms,graph_gru,30,vehicle_count,Q4-severe,18,1.3057214168276803,1.329673827253782,1.8013748751777674
see_v2x,latency_mean_ms,persistence,5,flow_proxy,Q1-mild,19,12987.174913716068,16118.567796072668,19.42724019883224
see_v2x,latency_mean_ms,persistence,5,flow_proxy,Q2-moderate,18,12692.421505000482,16344.015310517047,22.342085076025366
see_v2x,latency_mean_ms,persistence,5,flow_proxy,Q3-high,19,13287.287252579035,15626.238062735449,14.968099172459887
see_v2x,latency_mean_ms,persistence,5,flow_proxy,Q4-severe,18,13506.061297958024,16311.03440203223,17.196782466003555
see_v2x,latency_mean_ms,persistence,5,speed_mean_kmh,Q1-mild,19,3.58393540294191,4.524597193798236,20.789956508541234
see_v2x,latency_mean_ms,persistence,5,speed_mean_kmh,Q2-moderate,18,3.7123321025604445,4.636864506816908,19.93874095098926
see_v2x,latency_mean_ms,persistence,5,speed_mean_kmh,Q3-high,19,4.059093671530374,4.623644123936045,12.210075776854321
see_v2x,latency_mean_ms,persistence,5,speed_mean_kmh,Q4-severe,18,3.6644832470088624,4.3265702616697475,15.302814309898327
see_v2x,latency_mean_ms,persistence,5,vehicle_count,Q1-mild,19,0.9819898046075096,1.155306341528457,15.001781708518406
see_v2x,latency_mean_ms,persistence,5,vehicle_count,Q2-moderate,18,0.97229450570876,1.0327869224115362,5.857201984685044
see_v2x,latency_mean_ms,persistence,5,vehicle_count,Q3-high,19,1.0160607088533131,1.0379637997061455,2.1101979325303533
see_v2x,latency_mean_ms,persistence,5,vehicle_count,Q4-severe,18,0.895158089070153,1.0072860059480737,11.131686045733902
see_v2x,latency_mean_ms,persistence,10,flow_proxy,Q1-mild,19,16300.703048471036,21801.436642203127,25.231060154454553
see_v2x,latency_mean_ms,persistence,10,flow_proxy,Q2-moderate,18,15013.194110715907,19922.583106541653,24.64233161718505
see_v2x,latency_mean_ms,persistence,10,flow_proxy,Q3-high,19,16592.312615420862,20293.641695909842,18.238860900126934
see_v2x,latency_mean_ms,persistence,10,flow_proxy,Q4-severe,18,15308.200779787083,20997.020857471798,27.09346300266991
see_v2x,latency_mean_ms,persistence,10,speed_mean_kmh,Q1-mild,19,3.968469782190544,5.194594240357964,23.60385429685729
see_v2x,latency_mean_ms,persistence,10,speed_mean_kmh,Q2-moderate,18,4.212182524605387,5.138544147573062,18.02770579683402
see_v2x,latency_mean_ms,persistence,10,speed_mean_kmh,Q3-high,19,4.5577031155365475,5.348728125148152,14.78903002030583
see_v2x,latency_mean_ms,persistence,10,speed_mean_kmh,Q4-severe,18,3.966051753444048,5.498004810217682,27.86379981225589
see_v2x,latency_mean_ms,persistence,10,vehicle_count,Q1-mild,19,1.3241193503399808,1.6203624376791577,18.282519924075338
see_v2x,latency_mean_ms,persistence,10,vehicle_count,Q2-moderate,18,1.3474479198529132,1.5956284692616034,15.553780383986298
see_v2x,latency_mean_ms,persistence,10,vehicle_count,Q3-high,19,1.3359854122734023,1.4219154914400125,6.043261999717036
see_v2x,latency_mean_ms,persistence,10,vehicle_count,Q4-severe,18,1.0700708945282296,1.340619355006643,20.180855770129266
see_v2x,latency_mean_ms,persistence,30,flow_proxy,Q1-mild,19,15122.543666410049,31108.064762107104,51.38706383035425
see_v2x,latency_mean_ms,persistence,30,flow_proxy,Q2-moderate,18,14054.724529133598,29242.570044021923,51.93745109277079
see_v2x,latency_mean_ms,persistence,30,flow_proxy,Q3-high,19,13869.901955743464,25308.71732107868,45.19713591254874
see_v2x,latency_mean_ms,persistence,30,flow_proxy,Q4-severe,18,16006.497679419754,31048.00595000028,48.44597200476749
see_v2x,latency_mean_ms,persistence,30,speed_mean_kmh,Q1-mild,19,3.938537749109138,7.583341170029603,48.06329208184507
see_v2x,latency_mean_ms,persistence,30,speed_mean_kmh,Q2-moderate,18,3.7774514967025277,7.115130190638666,46.909594059663775
see_v2x,latency_mean_ms,persistence,30,speed_mean_kmh,Q3-high,19,4.4122026024302885,6.89839957538607,36.04019950109401
see_v2x,latency_mean_ms,persistence,30,speed_mean_kmh,Q4-severe,18,4.799785003869778,7.460435784109872,35.6634766877924
see_v2x,latency_mean_ms,persistence,30,vehicle_count,Q1-mild,19,1.8082974797041083,2.5194134063492912,28.225456053798908
see_v2x,latency_mean_ms,persistence,30,vehicle_count,Q2-moderate,18,1.7358491488604466,2.475409947858365,29.876295708116153
see_v2x,latency_mean_ms,persistence,30,vehicle_count,Q3-high,19,1.437558584208588,2.337359882141303,38.49648062149251
see_v2x,latency_mean_ms,persistence,30,vehicle_count,Q4-severe,18,1.3057214168276803,2.14298730528012,39.07003473527312
see_v2x,latency_p95_ms,impaired_gru,5,flow_proxy,S1,46,13234.655381939572,13975.490141448034,5.300957261676203
see_v2x,latency_p95_ms,impaired_gru,5,flow_proxy,S2,16,12488.045367398856,14186.300459300142,11.971092088260127
see_v2x,latency_p95_ms,impaired_gru,5,flow_proxy,S3,12,13515.383180438197,14925.473064949203,9.447538971622272
see_v2x,latency_p95_ms,impaired_gru,5,speed_mean_kmh,S1,46,3.8528539541213904,4.051349939543833,4.899502336123606
see_v2x,latency_p95_ms,impaired_gru,5,speed_mean_kmh,S2,16,3.4360796062682786,3.6995495312194766,7.121675815276442
see_v2x,latency_p95_ms,impaired_gru,5,speed_mean_kmh,S3,12,3.815972759778712,4.008656844959789,4.806699404631618
see_v2x,latency_p95_ms,impaired_gru,5,vehicle_count,S1,46,1.0167815590049374,1.0651432890174939,4.540396588624852
see_v2x,latency_p95_ms,impaired_gru,5,vehicle_count,S2,16,0.8128003375957286,0.9136586946374704,11.038953225073394
see_v2x,latency_p95_ms,impaired_gru,5,vehicle_count,S3,12,0.9833624455014415,1.1145859777041738,11.773298215692337
see_v2x,latency_p95_ms,impaired_gru,10,flow_proxy,S1,46,16701.2073319291,17666.594274433097,5.4644767831712
see_v2x,latency_p95_ms,impaired_gru,10,flow_proxy,S2,16,13413.684892490102,15169.675334879463,11.575662653443041
see_v2x,latency_p95_ms,impaired_gru,10,flow_proxy,S3,12,15656.49250786831,17520.48138971356,10.638913625618486
see_v2x,latency_p95_ms,impaired_gru,10,speed_mean_kmh,S1,46,4.311900660336125,4.559609162429401,5.432669615437552
see_v2x,latency_p95_ms,impaired_gru,10,speed_mean_kmh,S2,16,3.4478148199559246,3.7617525575851847,8.345517999627203
see_v2x,latency_p95_ms,impaired_gru,10,speed_mean_kmh,S3,12,4.641086213912336,4.787068938467599,3.0495220797267573
see_v2x,latency_p95_ms,impaired_gru,10,vehicle_count,S1,46,1.3345703418681736,1.3758636654113316,3.001265625448896
see_v2x,latency_p95_ms,impaired_gru,10,vehicle_count,S2,16,0.9767752256839396,1.0591061723979827,7.773625353374189
see_v2x,latency_p95_ms,impaired_gru,10,vehicle_count,S3,12,1.4198908176363176,1.612850656252079,11.963899860869258
see_v2x,latency_p95_ms,impaired_gru,30,flow_proxy,S1,46,14448.94817492611,15512.848867003275,6.858190273093273
see_v2x,latency_p95_ms,impaired_gru,30,flow_proxy,S2,16,15402.632118740927,13809.731026001475,-11.534627935469018
see_v2x,latency_p95_ms,impaired_gru,30,flow_proxy,S3,12,15072.061385701782,14718.30625423415,-2.403504352721447
see_v2x,latency_p95_ms,impaired_gru,30,speed_mean_kmh,S1,46,4.214241093537794,4.70323494768828,10.39696843873679
see_v2x,latency_p95_ms,impaired_gru,30,speed_mean_kmh,S2,16,4.432552092923071,4.527325609122935,2.093366463405022
see_v2x,latency_p95_ms,impaired_gru,30,speed_mean_kmh,S3,12,4.023199991670247,4.347116168806125,7.4512887121603715
see_v2x,latency_p95_ms,impaired_gru,30,vehicle_count,S1,46,1.628866026003227,1.6374053378510307,0.521514838033896
see_v2x,latency_p95_ms,impaired_gru,30,vehicle_count,S2,16,1.1735840663122512,1.187980761179206,1.211862617327077
see_v2x,latency_p95_ms,impaired_gru,30,vehicle_count,S3,12,1.892862761631921,1.9199022956509761,1.408380725387327
see_v2x,latency_p95_ms,graph_gru,5,flow_proxy,S1,46,13234.655381939572,13465.110869546135,1.7115008546094495
see_v2x,latency_p95_ms,graph_gru,5,flow_proxy,S2,16,12488.045367398856,13239.333998525331,5.674670880042687
see_v2x,latency_p95_ms,graph_gru,5,flow_proxy,S3,12,13515.383180438197,14383.858489029773,6.037846585138042
see_v2x,latency_p95_ms,graph_gru,5,speed_mean_kmh,S1,46,3.8528539541213904,4.043353230406199,4.711418096769369
see_v2x,latency_p95_ms,graph_gru,5,speed_mean_kmh,S2,16,3.4360796062682786,3.687642176253554,6.821772755584221
see_v2x,latency_p95_ms,graph_gru,5,speed_mean_kmh,S3,12,3.815972759778712,4.021107326547424,5.101444691721256
see_v2x,latency_p95_ms,graph_gru,5,vehicle_count,S1,46,1.0167815590049374,1.046000057048201,2.793355274413886
see_v2x,latency_p95_ms,graph_gru,5,vehicle_count,S2,16,0.8128003375957286,0.9201910504598909,11.670479912127256
see_v2x,latency_p95_ms,graph_gru,5,vehicle_count,S3,12,0.9833624455014415,1.0663348262705998,7.7810813214492764
see_v2x,latency_p95_ms,graph_gru,10,flow_proxy,S1,46,16701.2073319291,17787.64482763699,6.107820941079611
see_v2x,latency_p95_ms,graph_gru,10,flow_proxy,S2,16,13413.684892490102,16171.763539285417,17.054903382018413
see_v2x,latency_p95_ms,graph_gru,10,flow_proxy,S3,12,15656.49250786831,17819.65974083942,12.139217383664791
see_v2x,latency_p95_ms,graph_gru,10,speed_mean_kmh,S1,46,4.311900660336125,4.549297616806968,5.218321067233977
see_v2x,latency_p95_ms,graph_gru,10,speed_mean_kmh,S2,16,3.4478148199559246,3.965410178946396,13.05275707499999
see_v2x,latency_p95_ms,graph_gru,10,speed_mean_kmh,S3,12,4.641086213912336,4.898218290832513,5.249502188917828
see_v2x,latency_p95_ms,graph_gru,10,vehicle_count,S1,46,1.3345703418681736,1.3811178110696283,3.3702750403586332
see_v2x,latency_p95_ms,graph_gru,10,vehicle_count,S2,16,0.9767752256839396,1.1248914512373949,13.167157068694038
see_v2x,latency_p95_ms,graph_gru,10,vehicle_count,S3,12,1.4198908176363176,1.558750387926194,8.908390366707783
see_v2x,latency_p95_ms,graph_gru,30,flow_proxy,S1,46,14448.94817492611,15991.581717848103,9.64653509664591
see_v2x,latency_p95_ms,graph_gru,30,flow_proxy,S2,16,15402.632118740927,14985.101177953873,-2.7863071181731347
see_v2x,latency_p95_ms,graph_gru,30,flow_proxy,S3,12,15072.061385701782,17019.527949505744,11.44254158858368
see_v2x,latency_p95_ms,graph_gru,30,speed_mean_kmh,S1,46,4.214241093537794,4.609522299571624,8.575318210588385
see_v2x,latency_p95_ms,graph_gru,30,speed_mean_kmh,S2,16,4.432552092923071,4.49966204808468,1.4914443417151801
see_v2x,latency_p95_ms,graph_gru,30,speed_mean_kmh,S3,12,4.023199991670247,4.3176274710561495,6.819195974588372
see_v2x,latency_p95_ms,graph_gru,30,vehicle_count,S1,46,1.628866026003227,1.6250170227599796,-0.23685925535870678
see_v2x,latency_p95_ms,graph_gru,30,vehicle_count,S2,16,1.1735840663122512,1.284801983295254,8.65642469138389
see_v2x,latency_p95_ms,graph_gru,30,vehicle_count,S3,12,1.892862761631921,1.8473132007238349,-2.4657194374871767
see_v2x,latency_p95_ms,persistence,5,flow_proxy,S1,46,13234.655381939572,15922.060163732995,16.878499102227114
see_v2x,latency_p95_ms,persistence,5,flow_proxy,S2,16,12488.045367398856,16010.394539968842,22.000389582995503
see_v2x,latency_p95_ms,persistence,5,flow_proxy,S3,12,13515.383180438197,16863.427164335164,19.853876387451265
see_v2x,latency_p95_ms,persistence,5,speed_mean_kmh,S1,46,3.8528539541213904,4.555292772064126,15.42027815881555
see_v2x,latency_p95_ms,persistence,5,speed_mean_kmh,S2,16,3.4360796062682786,4.280462836602021,19.726446895901535
see_v2x,latency_p95_ms,persistence,5,speed_mean_kmh,S3,12,3.815972759778712,4.760628164094084,19.84308309260329
see_v2x,latency_p95_ms,persistence,5,vehicle_count,S1,46,1.0167815590049374,1.0848182876264645,6.271716541875125
see_v2x,latency_p95_ms,persistence,5,vehicle_count,S2,16,0.8128003375957286,0.9293033060187891,12.536592349865778
see_v2x,latency_p95_ms,persistence,5,vehicle_count,S3,12,0.9833624455014415,1.1352459389010365,13.378906442839488
see_v2x,latency_p95_ms,persistence,10,flow_proxy,S1,46,16701.2073319291,21022.79345190526,20.556669264057515
see_v2x,latency_p95_ms,persistence,10,flow_proxy,S2,16,13413.684892490102,20086.874901031515,33.22164369229682
see_v2x,latency_p95_ms,persistence,10,flow_proxy,S3,12,15656.49250786831,20660.07188102019,24.218596149929674
see_v2x,latency_p95_ms,persistence,10,speed_mean_kmh,S1,46,4.311900660336125,5.359434859325748,19.545609276550636
see_v2x,latency_p95_ms,persistence,10,speed_mean_kmh,S2,16,3.4478148199559246,5.276568783001754,34.65801422832357
see_v2x,latency_p95_ms,persistence,10,speed_mean_kmh,S3,12,4.641086213912336,5.068491843986432,8.43259972368182
see_v2x,latency_p95_ms,persistence,10,vehicle_count,S1,46,1.3345703418681736,1.5342124569326414,13.012677146576271
see_v2x,latency_p95_ms,persistence,10,vehicle_count,S2,16,0.9767752256839396,1.2254098687306447,20.289916652561693
see_v2x,latency_p95_ms,persistence,10,vehicle_count,S3,12,1.4198908176363176,1.7062842142917358,16.78462430690864
see_v2x,latency_p95_ms,persistence,30,flow_proxy,S1,46,14448.94817492611,28340.36017175606,49.0163565764037
see_v2x,latency_p95_ms,persistence,30,flow_proxy,S2,16,15402.632118740927,31229.62317085843,50.67941731324256
see_v2x,latency_p95_ms,persistence,30,flow_proxy,S3,12,15072.061385701782,29484.890736534657,48.882084996058964
see_v2x,latency_p95_ms,persistence,30,speed_mean_kmh,S1,46,4.214241093537794,7.186270227126319,41.35704663921732
see_v2x,latency_p95_ms,persistence,30,speed_mean_kmh,S2,16,4.432552092923071,7.532352725364687,41.15315282418908
see_v2x,latency_p95_ms,persistence,30,speed_mean_kmh,S3,12,4.023199991670247,7.202265637893819,44.13979991356242
see_v2x,latency_p95_ms,persistence,30,vehicle_count,S1,46,1.628866026003227,2.415894613900118,32.57710746615038
see_v2x,latency_p95_ms,persistence,30,vehicle_count,S2,16,1.1735840663122512,2.1557377663293265,45.55998001247784
see_v2x,latency_p95_ms,persistence,30,vehicle_count,S3,12,1.892862761631921,2.482240544761615,23.743781882827857
see_v2x,aoi_mean_s,impaired_gru,5,flow_proxy,Q1-mild,19,11456.829050671498,12354.430456716886,7.265421171695135
see_v2x,aoi_mean_s,impaired_gru,5,flow_proxy,Q2-moderate,18,13236.094094377764,14902.016868024288,11.179176539653682
see_v2x,aoi_mean_s,impaired_gru,5,flow_proxy,Q3-high,19,14929.004117977147,15387.19996799168,2.9777727654633135
see_v2x,aoi_mean_s,impaired_gru,5,flow_proxy,Q4-severe,18,12844.830428318664,14090.652718939007,8.841480344945056
see_v2x,aoi_mean_s,impaired_gru,5,speed_mean_kmh,Q1-mild,19,3.2827614869994637,3.3862236156096004,3.055383815400292
see_v2x,aoi_mean_s,impaired_gru,5,speed_mean_kmh,Q2-moderate,18,3.613212833366079,3.9700749758895313,8.98880106274602
see_v2x,aoi_mean_s,impaired_gru,5,speed_mean_kmh,Q3-high,19,4.772701909687409,4.9209816216660185,3.0132140917666703
see_v2x,aoi_mean_s,impaired_gru,5,speed_mean_kmh,Q4-severe,18,3.3282551760878314,3.5755845990998356,6.917174393875417
see_v2x,aoi_mean_s,impaired_gru,5,vehicle_count,Q1-mild,19,0.8426395009815542,0.9459632047689114,10.922592144621404
see_v2x,aoi_mean_s,impaired_gru,5,vehicle_count,Q2-moderate,18,1.0351537130843096,1.1554232639668884,10.409133483148574
see_v2x,aoi_mean_s,impaired_gru,5,vehicle_count,Q3-high,19,1.1244201576796164,1.1446147802840523,1.7643160629982995
see_v2x,aoi_mean_s,impaired_gru,5,vehicle_count,Q4-severe,18,0.8650114506497918,0.9150867596691123,5.472192438912363
see_v2x,aoi_mean_s,impaired_gru,10,flow_proxy,Q1-mild,19,14766.701123301298,15831.98638397413,6.728689848738691
see_v2x,aoi_mean_s,impaired_gru,10,flow_proxy,Q2-moderate,18,15718.50325864361,18293.519793549345,14.076113093404413
see_v2x,aoi_mean_s,impaired_gru,10,flow_proxy,Q3-high,19,18389.10724945168,17864.316146243782,-2.937650111605027
see_v2x,aoi_mean_s,impaired_gru,10,flow_proxy,Q4-severe,18,14325.499328061573,16450.60079447379,12.91807814778902
see_v2x,aoi_mean_s,impaired_gru,10,speed_mean_kmh,Q1-mild,19,3.631561531747897,3.793928387835828,4.279649984447524
see_v2x,aoi_mean_s,impaired_gru,10,speed_mean_kmh,Q2-moderate,18,4.2535176418063765,4.687309710254776,9.25460646592009
see_v2x,aoi_mean_s,impaired_gru,10,speed_mean_kmh,Q3-high,19,5.220037441852784,5.278129957660195,1.100626853892417
see_v2x,aoi_mean_s,impaired_gru,10,speed_mean_kmh,Q4-severe,18,3.581211333932047,3.9241225725397877,8.738545532025663
see_v2x,aoi_mean_s,impaired_gru,10,vehicle_count,Q1-mild,19,1.228588967194362,1.26377309644688,2.784054279445692
see_v2x,aoi_mean_s,impaired_gru,10,vehicle_count,Q2-moderate,18,1.3852325806831556,1.5440331940643008,10.284792643263135
see_v2x,aoi_mean_s,impaired_gru,10,vehicle_count,Q3-high,19,1.5011297607440002,1.474079191688378,-1.835082472138476
see_v2x,aoi_mean_s,impaired_gru,10,vehicle_count,Q4-severe,18,0.9588048258549536,1.0987691263659227,12.738281034529972
see_v2x,aoi_mean_s,impaired_gru,30,flow_proxy,Q1-mild,19,14376.514986775304,15617.299371944719,7.944935648717817
see_v2x,aoi_mean_s,impaired_gru,30,flow_proxy,Q2-moderate,18,14459.804809202224,14933.017327222491,3.168900883529391
see_v2x,aoi_mean_s,impaired_gru,30,flow_proxy,Q3-high,19,15128.788714753635,15904.935639755859,4.879912390602101
see_v2x,aoi_mean_s,impaired_gru,30,flow_proxy,Q4-severe,18,15060.067204454852,13524.980124259338,-11.350013575553728
see_v2x,aoi_mean_s,impaired_gru,30,speed_mean_kmh,Q1-mild,19,3.783614473933039,4.306878823849645,12.149502461133622
see_v2x,aoi_mean_s,impaired_gru,30,speed_mean_kmh,Q2-moderate,18,3.7038933312116473,4.238247980757354,12.607913711302675
see_v2x,aoi_mean_s,impaired_gru,30,speed_mean_kmh,Q3-high,19,4.621281981361012,4.904631217308257,5.777177178369676
see_v2x,aoi_mean_s,impaired_gru,30,speed_mean_kmh,Q4-severe,18,4.816178393175222,4.980236496092714,3.29418297136666
see_v2x,aoi_mean_s,impaired_gru,30,vehicle_count,Q1-mild,19,1.4237908064628886,1.4982090779012978,4.967148580219524
see_v2x,aoi_mean_s,impaired_gru,30,vehicle_count,Q2-moderate,18,1.9223301903369685,1.8894468657265517,-1.7403677781505285
see_v2x,aoi_mean_s,impaired_gru,30,vehicle_count,Q3-high,19,1.8077439318660675,1.8189491761488346,0.616028439282095
see_v2x,aoi_mean_s,impaired_gru,30,vehicle_count,Q4-severe,18,1.134357330133995,1.129506380988664,-0.4294751392318331
see_v2x,aoi_mean_s,graph_gru,5,flow_proxy,Q1-mild,19,11456.829050671498,11935.277791467279,4.0086937996317955
see_v2x,aoi_mean_s,graph_gru,5,flow_proxy,Q2-moderate,18,13236.094094377764,14774.046065396707,10.409822496899098
see_v2x,aoi_mean_s,graph_gru,5,flow_proxy,Q3-high,19,14929.004117977147,14604.652564748701,-2.2208782563654528
see_v2x,aoi_mean_s,graph_gru,5,flow_proxy,Q4-severe,18,12844.830428318664,12979.957772146694,1.0410460973755338
see_v2x,aoi_mean_s,graph_gru,5,speed_mean_kmh,Q1-mild,19,3.2827614869994637,3.3826711717562485,2.953573651959655
see_v2x,aoi_mean_s,graph_gru,5,speed_mean_kmh,Q2-moderate,18,3.613212833366079,3.9836928615568863,9.299914429548332
see_v2x,aoi_mean_s,graph_gru,5,speed_mean_kmh,Q3-high,19,4.772701909687409,4.88840160277389,2.3668205325877216
see_v2x,aoi_mean_s,graph_gru,5,speed_mean_kmh,Q4-severe,18,3.3282551760878314,3.577386506289694,6.964059630331766
see_v2x,aoi_mean_s,graph_gru,5,vehicle_count,Q1-mild,19,0.8426395009815542,0.9374434379469463,10.113029983090508
see_v2x,aoi_mean_s,graph_gru,5,vehicle_count,Q2-moderate,18,1.0351537130843096,1.1131529167609333,7.007051933429022
see_v2x,aoi_mean_s,graph_gru,5,vehicle_count,Q3-high,19,1.1244201576796164,1.1057569810094665,-1.6878190074215107
see_v2x,aoi_mean_s,graph_gru,5,vehicle_count,Q4-severe,18,0.8650114506497918,0.9320842713863369,7.196003846002448
see_v2x,aoi_mean_s,graph_gru,10,flow_proxy,Q1-mild,19,14766.701123301298,16075.801113209558,8.14329550787831
see_v2x,aoi_mean_s,graph_gru,10,flow_proxy,Q2-moderate,18,15718.50325864361,18807.313856508525,16.423454308411763
see_v2x,aoi_mean_s,graph_gru,10,flow_proxy,Q3-high,19,18389.10724945168,18249.770194909885,-0.7635003238593285
see_v2x,aoi_mean_s,graph_gru,10,flow_proxy,Q4-severe,18,14325.499328061573,16672.12729547325,14.075156252240323
see_v2x,aoi_mean_s,graph_gru,10,speed_mean_kmh,Q1-mild,19,3.631561531747897,3.8605761985088862,5.932136924437098
see_v2x,aoi_mean_s,graph_gru,10,speed_mean_kmh,Q2-moderate,18,4.2535176418063765,4.667018562057168,8.860065882886014
see_v2x,aoi_mean_s,graph_gru,10,speed_mean_kmh,Q3-high,19,5.220037441852784,5.288418170272273,1.2930280111843964
see_v2x,aoi_mean_s,graph_gru,10,speed_mean_kmh,Q4-severe,18,3.581211333932047,4.091980311243443,12.482195348295003
see_v2x,aoi_mean_s,graph_gru,10,vehicle_count,Q1-mild,19,1.228588967194362,1.3148210365139454,6.558464328527075
see_v2x,aoi_mean_s,graph_gru,10,vehicle_count,Q2-moderate,18,1.3852325806831556,1.5262165169844624,9.237479335901732
see_v2x,aoi_mean_s,graph_gru,10,vehicle_count,Q3-high,19,1.5011297607440002,1.4326152814164148,-4.782475779652308
see_v2x,aoi_mean_s,graph_gru,10,vehicle_count,Q4-severe,18,0.9588048258549536,1.1423055465399095,16.06406618915407
see_v2x,aoi_mean_s,graph_gru,30,flow_proxy,Q1-mild,19,14376.514986775304,16102.68670660382,10.719774602082573
see_v2x,aoi_mean_s,graph_gru,30,flow_proxy,Q2-moderate,18,14459.804809202224,16442.699592403904,12.059423527487661
see_v2x,aoi_mean_s,graph_gru,30,flow_proxy,Q3-high,19,15128.788714753635,16932.932952580984,10.654647029422563
see_v2x,aoi_mean_s,graph_gru,30,flow_proxy,Q4-severe,18,15060.067204454852,14220.18594858679,-5.906260712089628
see_v2x,aoi_mean_s,graph_gru,30,speed_mean_kmh,Q1-mild,19,3.783614473933039,4.206533918203687,10.053869800861124
see_v2x,aoi_mean_s,graph_gru,30,speed_mean_kmh,Q2-moderate,18,3.7038933312116473,4.127846252555468,10.27055986046728
see_v2x,aoi_mean_s,graph_gru,30,speed_mean_kmh,Q3-high,19,4.621281981361012,4.861945496018759,4.949942658958683
see_v2x,aoi_mean_s,graph_gru,30,speed_mean_kmh,Q4-severe,18,4.816178393175222,4.957878154783252,2.858072685499822
see_v2x,aoi_mean_s,graph_gru,30,vehicle_count,Q1-mild,19,1.4237908064628886,1.4759771422671846,3.535714338405227
see_v2x,aoi_mean_s,graph_gru,30,vehicle_count,Q2-moderate,18,1.9223301903369685,1.904598331317469,-0.9310025444647717
see_v2x,aoi_mean_s,graph_gru,30,vehicle_count,Q3-high,19,1.8077439318660675,1.683999924530437,-7.348219248603187
see_v2x,aoi_mean_s,graph_gru,30,vehicle_count,Q4-severe,18,1.134357330133995,1.2862799419722162,11.811006741206105
see_v2x,aoi_mean_s,persistence,5,flow_proxy,Q1-mild,19,11456.829050671498,15128.246992486256,24.26862771103495
see_v2x,aoi_mean_s,persistence,5,flow_proxy,Q2-moderate,18,13236.094094377764,16169.895495600886,18.143601497112115
see_v2x,aoi_mean_s,persistence,5,flow_proxy,Q3-high,19,14929.004117977147,17284.92360321672,13.62990973705996
see_v2x,aoi_mean_s,persistence,5,flow_proxy,Q4-severe,18,12844.830428318664,15779.658105781593,18.59880396512369
see_v2x,aoi_mean_s,persistence,5,speed_mean_kmh,Q1-mild,19,3.2827614869994637,4.267289318933169,23.071504087111876
see_v2x,aoi_mean_s,persistence,5,speed_mean_kmh,Q2-moderate,18,3.613212833366079,4.315524434153054,16.27407305590659
see_v2x,aoi_mean_s,persistence,5,speed_mean_kmh,Q3-high,19,4.772701909687409,5.55752763513592,14.12185013844078
see_v2x,aoi_mean_s,persistence,5,speed_mean_kmh,Q4-severe,18,3.3282551760878314,3.933747162646858,15.392244594906588
see_v2x,aoi_mean_s,persistence,5,vehicle_count,Q1-mild,19,0.8426395009815542,1.001725654139206,15.881209681730201
see_v2x,aoi_mean_s,persistence,5,vehicle_count,Q2-moderate,18,1.0351537130843096,1.146630282532871,9.722102248172167
see_v2x,aoi_mean_s,persistence,5,vehicle_count,Q3-high,19,1.1244201576796164,1.0966350768879534,-2.53366695301643
see_v2x,aoi_mean_s,persistence,5,vehicle_count,Q4-severe,18,0.8650114506497918,0.9936248010457073,12.943854558196936
see_v2x,aoi_mean_s,persistence,10,flow_proxy,Q1-mild,19,14766.701123301298,20303.01249829044,27.268423222674894
see_v2x,aoi_mean_s,persistence,10,flow_proxy,Q2-moderate,18,15718.50325864361,20638.86913834317,23.84028818011183
see_v2x,aoi_mean_s,persistence,10,flow_proxy,Q3-high,19,18389.10724945168,22750.488060223688,19.170493394361085
see_v2x,aoi_mean_s,persistence,10,flow_proxy,Q4-severe,18,14325.499328061573,19269.066926357937,25.655459172916924
see_v2x,aoi_mean_s,persistence,10,speed_mean_kmh,Q1-mild,19,3.631561531747897,4.938420958780073,26.463102989679037
see_v2x,aoi_mean_s,persistence,10,speed_mean_kmh,Q2-moderate,18,4.2535176418063765,5.027740934492018,15.399029131240683
see_v2x,aoi_mean_s,persistence,10,speed_mean_kmh,Q3-high,19,5.220037441852784,6.3266815310006175,17.491698957441255
see_v2x,aoi_mean_s,persistence,10,speed_mean_kmh,Q4-severe,18,3.581211333932047,4.84692900323112,26.1138066153625
see_v2x,aoi_mean_s,persistence,10,vehicle_count,Q1-mild,19,1.228588967194362,1.4477998734488131,15.14096725386298
see_v2x,aoi_mean_s,persistence,10,vehicle_count,Q2-moderate,18,1.3852325806831556,1.7067395916140458,18.837496395281647
see_v2x,aoi_mean_s,persistence,10,vehicle_count,Q3-high,19,1.5011297607440002,1.5547886694320943,3.4512026874091766
see_v2x,aoi_mean_s,persistence,10,vehicle_count,Q4-severe,18,0.9588048258549536,1.2714025847945885,24.58684292603155
see_v2x,aoi_mean_s,persistence,30,flow_proxy,Q1-mild,19,14376.514986775304,29579.99053992658,51.39783778032226
see_v2x,aoi_mean_s,persistence,30,flow_proxy,Q2-moderate,18,14459.804809202224,30846.16785790644,53.12284859559557
see_v2x,aoi_mean_s,persistence,30,flow_proxy,Q3-high,19,15128.788714753635,26456.95167183464,42.81734002310017
see_v2x,aoi_mean_s,persistence,30,flow_proxy,Q4-severe,18,15060.067204454852,29845.35022261947,49.539653272200695
see_v2x,aoi_mean_s,persistence,30,speed_mean_kmh,Q1-mild,19,3.783614473933039,7.278204134968091,48.01444960088259
see_v2x,aoi_mean_s,persistence,30,speed_mean_kmh,Q2-moderate,18,3.7038933312116473,7.296443787132677,49.23700580456487
see_v2x,aoi_mean_s,persistence,30,speed_mean_kmh,Q3-high,19,4.621281981361012,7.2266293216717585,36.05204059508672
see_v2x,aoi_mean_s,persistence,30,speed_mean_kmh,Q4-severe,18,4.816178393175222,7.254746547990341,33.61341620031223
see_v2x,aoi_mean_s,persistence,30,vehicle_count,Q1-mild,19,1.4237908064628886,2.37273521769224,39.99369167508461
see_v2x,aoi_mean_s,persistence,30,vehicle_count,Q2-moderate,18,1.9223301903369685,2.4808744423927958,22.514007168605936
see_v2x,aoi_mean_s,persistence,30,vehicle_count,Q3-high,19,1.8077439318660675,2.5194133845276077,28.247426730656834
see_v2x,aoi_mean_s,persistence,30,vehicle_count,Q4-severe,18,1.134357330133995,2.1001822018092557,45.98767031948272
see_v2x,aoi_p95_s,impaired_gru,5,flow_proxy,Q1-mild,19,10439.842253653229,10369.89246963827,-0.6745468597644226
see_v2x,aoi_p95_s,impaired_gru,5,flow_proxy,Q2-moderate,19,15418.003840078885,15701.324276045601,1.8044365620725225
see_v2x,aoi_p95_s,impaired_gru,5,flow_proxy,Q3-high,35,13263.026446175021,15315.464202263714,13.40108095309309
see_v2x,aoi_p95_s,impaired_gru,5,flow_proxy,Q4-severe,1,15282.470215824253,17564.6653875786,12.993103605417803
see_v2x,aoi_p95_s,impaired_gru,5,speed_mean_kmh,Q1-mild,19,2.9492571860899157,2.8935208410491438,-1.9262465318182473
see_v2x,aoi_p95_s,impaired_gru,5,speed_mean_kmh,Q2-moderate,19,4.756856671649584,4.868068060543452,2.2845076790689363
see_v2x,aoi_p95_s,impaired_gru,5,speed_mean_kmh,Q3-high,35,3.6637195809401257,4.060927652215436,9.781215138873307
see_v2x,aoi_p95_s,impaired_gru,5,speed_mean_kmh,Q4-severe,1,3.3538800772660524,4.056114900245811,17.31299133577065
see_v2x,aoi_p95_s,impaired_gru,5,vehicle_count,Q1-mild,19,0.76599387575434,0.807585715767243,5.150145512216541
see_v2x,aoi_p95_s,impaired_gru,5,vehicle_count,Q2-moderate,19,1.1365573338907229,1.1461649355412213,0.8382390063379338
see_v2x,aoi_p95_s,impaired_gru,5,vehicle_count,Q3-high,35,0.9843530958048029,1.1068177295536503,11.064570920071636
see_v2x,aoi_p95_s,impaired_gru,5,vehicle_count,Q4-severe,1,0.9762751253517745,1.1302792322157453,13.62531497632997
see_v2x,aoi_p95_s,impaired_gru,10,flow_proxy,Q1-mild,19,13405.589759177636,13366.30920876602,-0.2938773134608036
see_v2x,aoi_p95_s,impaired_gru,10,flow_proxy,Q2-moderate,19,19228.37191909115,18469.861595430495,-4.1067461157797895
see_v2x,aoi_p95_s,impaired_gru,10,flow_proxy,Q3-high,35,15237.026582085458,18273.686307893167,16.617663642909243
see_v2x,aoi_p95_s,impaired_gru,10,flow_proxy,Q4-severe,1,17411.203382901906,21157.652602562113,17.707300947009387
see_v2x,aoi_p95_s,impaired_gru,10,speed_mean_kmh,Q1-mild,19,3.5049399579426117,3.427386214169079,-2.262766396930778
see_v2x,aoi_p95_s,impaired_gru,10,speed_mean_kmh,Q2-moderate,19,5.1468445307925785,5.1952489421674235,0.9317053296291214
see_v2x,aoi_p95_s,impaired_gru,10,speed_mean_kmh,Q3-high,35,4.010103402305578,4.52437306426025,11.366650219019721
see_v2x,aoi_p95_s,impaired_gru,10,speed_mean_kmh,Q4-severe,1,4.467977695040724,5.1917644352242265,13.941055065572087
see_v2x,aoi_p95_s,impaired_gru,10,vehicle_count,Q1-mild,19,1.0666715863439007,1.1113150280931114,4.01717246855705
see_v2x,aoi_p95_s,impaired_gru,10,vehicle_count,Q2-moderate,19,1.55756906237943,1.485598068169007,-4.844580460088296
see_v2x,aoi_p95_s,impaired_gru,10,vehicle_count,Q3-high,35,1.225799182691917,1.3976948921706154,12.29851444773426
see_v2x,aoi_p95_s,impaired_gru,10,vehicle_count,Q4-severe,1,1.2937854285544592,1.3289651873621344,2.6471542578769993
see_v2x,aoi_p95_s,impaired_gru,30,flow_proxy,Q1-mild,19,13750.090221777768,15182.415971054665,9.434109511995246
see_v2x,aoi_p95_s,impaired_gru,30,flow_proxy,Q2-moderate,19,15335.705638256413,16199.058930007495,5.329650910468967
see_v2x,aoi_p95_s,impaired_gru,30,flow_proxy,Q3-high,35,14975.167717794695,14293.170600289694,-4.7714893817240345
see_v2x,aoi_p95_s,impaired_gru,30,flow_proxy,Q4-severe,1,15197.47511141339,14657.425218663513,-3.6844799457810335
see_v2x,aoi_p95_s,impaired_gru,30,speed_mean_kmh,Q1-mild,19,4.108577127841989,4.666863775191376,11.962779996298806
see_v2x,aoi_p95_s,impaired_gru,30,speed_mean_kmh,Q2-moderate,19,4.720156848699693,4.999982363574344,5.5965300268571125
see_v2x,aoi_p95_s,impaired_gru,30,speed_mean_kmh,Q3-high,35,4.035551742309719,4.349638869549606,7.220993189034805
see_v2x,aoi_p95_s,impaired_gru,30,speed_mean_kmh,Q4-severe,1,4.064067154418491,5.043974294516412,19.42728255416576
see_v2x,aoi_p95_s,impaired_gru,30,vehicle_count,Q1-mild,19,1.0286299514293524,1.1843843937943876,13.150666444614432
see_v2x,aoi_p95_s,impaired_gru,30,vehicle_count,Q2-moderate,19,1.8675473178116015,1.8789221357636559,0.6053905946928528
see_v2x,aoi_p95_s,impaired_gru,30,vehicle_count,Q3-high,35,1.699201386991044,1.6337289947204674,-4.007542994058495
see_v2x,aoi_p95_s,impaired_gru,30,vehicle_count,Q4-severe,1,1.9201187364628447,1.9838263910072236,3.211352289294738
see_v2x,aoi_p95_s,graph_gru,5,flow_proxy,Q1-mild,19,10439.842253653229,9469.926260370925,-10.242064896958231
see_v2x,aoi_p95_s,graph_gru,5,flow_proxy,Q2-moderate,19,15418.003840078885,15056.86482353294,-2.3985007554910607
see_v2x,aoi_p95_s,graph_gru,5,flow_proxy,Q3-high,35,13263.026446175021,14901.908608851441,10.997800387138708
see_v2x,aoi_p95_s,graph_gru,5,flow_proxy,Q4-severe,1,15282.470215824253,16254.913939910994,5.982459997517941
see_v2x,aoi_p95_s,graph_gru,5,speed_mean_kmh,Q1-mild,19,2.9492571860899157,2.9403690219728786,-0.30228056479949555
see_v2x,aoi_p95_s,graph_gru,5,speed_mean_kmh,Q2-moderate,19,4.756856671649584,4.8785361536217975,2.4941801780532344
see_v2x,aoi_p95_s,graph_gru,5,speed_mean_kmh,Q3-high,35,3.6637195809401257,4.022206622889085,8.912695807760224
see_v2x,aoi_p95_s,graph_gru,5,speed_mean_kmh,Q4-severe,1,3.3538800772660524,3.91338119989431,14.297128049106375
see_v2x,aoi_p95_s,graph_gru,5,vehicle_count,Q1-mild,19,0.76599387575434,0.838814789316854,8.681405433216097
see_v2x,aoi_p95_s,graph_gru,5,vehicle_count,Q2-moderate,19,1.1365573338907229,1.1148329597356859,-1.94866627959412
see_v2x,aoi_p95_s,graph_gru,5,vehicle_count,Q3-high,35,0.9843530958048029,1.06791705818844,7.824948666228437
see_v2x,aoi_p95_s,graph_gru,5,vehicle_count,Q4-severe,1,0.9762751253517745,1.138673078229047,14.262034868132915
see_v2x,aoi_p95_s,graph_gru,10,flow_proxy,Q1-mild,19,13405.589759177636,13118.319263883102,-2.1898422314298855
see_v2x,aoi_p95_s,graph_gru,10,flow_proxy,Q2-moderate,19,19228.37191909115,19043.448339715607,-0.9710614174313341
see_v2x,aoi_p95_s,graph_gru,10,flow_proxy,Q3-high,35,15237.026582085458,18820.17593935551,19.038872797014097
see_v2x,aoi_p95_s,graph_gru,10,flow_proxy,Q4-severe,1,17411.203382901906,21036.053244122988,17.23160622932946
see_v2x,aoi_p95_s,graph_gru,10,speed_mean_kmh,Q1-mild,19,3.5049399579426117,3.563329295618095,1.6386175025536953
see_v2x,aoi_p95_s,graph_gru,10,speed_mean_kmh,Q2-moderate,19,5.1468445307925785,5.2060243186090265,1.1367558828189326
see_v2x,aoi_p95_s,graph_gru,10,speed_mean_kmh,Q3-high,35,4.010103402305578,4.568783905245702,12.228210248154822
see_v2x,aoi_p95_s,graph_gru,10,speed_mean_kmh,Q4-severe,1,4.467977695040724,4.967717372338136,10.059744523191885
see_v2x,aoi_p95_s,graph_gru,10,vehicle_count,Q1-mild,19,1.0666715863439007,1.161697846153969,8.179946214644113
see_v2x,aoi_p95_s,graph_gru,10,vehicle_count,Q2-moderate,19,1.55756906237943,1.4587743319709952,-6.772447771116558
see_v2x,aoi_p95_s,graph_gru,10,vehicle_count,Q3-high,35,1.225799182691917,1.400804309866166,12.49318871253689
see_v2x,aoi_p95_s,graph_gru,10,vehicle_count,Q4-severe,1,1.2937854285544592,1.4175649544254072,8.731841501254973
see_v2x,aoi_p95_s,graph_gru,30,flow_proxy,Q1-mild,19,13750.090221777768,15017.726405902838,8.44093273417188
see_v2x,aoi_p95_s,graph_gru,30,flow_proxy,Q2-moderate,19,15335.705638256413,17067.433688191213,10.146388036837374
see_v2x,aoi_p95_s,graph_gru,30,flow_proxy,Q3-high,35,14975.167717794695,15746.893114759743,4.900810536658886
see_v2x,aoi_p95_s,graph_gru,30,flow_proxy,Q4-severe,1,15197.47511141339,18849.41245796564,19.374276809392157
see_v2x,aoi_p95_s,graph_gru,30,speed_mean_kmh,Q1-mild,19,4.108577127841989,4.540611089740881,9.51488582502797
see_v2x,aoi_p95_s,graph_gru,30,speed_mean_kmh,Q2-moderate,19,4.720156848699693,4.918853248208812,4.039486219222443
see_v2x,aoi_p95_s,graph_gru,30,speed_mean_kmh,Q3-high,35,4.035551742309719,4.318208197651297,6.545688437179753
see_v2x,aoi_p95_s,graph_gru,30,speed_mean_kmh,Q4-severe,1,4.064067154418491,4.977038863483847,18.343672458123496
see_v2x,aoi_p95_s,graph_gru,30,vehicle_count,Q1-mild,19,1.0286299514293524,1.2477689848436413,17.56246823890261
see_v2x,aoi_p95_s,graph_gru,30,vehicle_count,Q2-moderate,19,1.8675473178116015,1.7434191573891127,-7.11981161755719
see_v2x,aoi_p95_s,graph_gru,30,vehicle_count,Q3-high,35,1.699201386991044,1.676938799940231,-1.3275730109440638
see_v2x,aoi_p95_s,graph_gru,30,vehicle_count,Q4-severe,1,1.9201187364628447,1.9499404880387308,1.5293672604821058
see_v2x,aoi_p95_s,persistence,5,flow_proxy,Q1-mild,19,10439.842253653229,13790.143550669418,24.29489790808686
see_v2x,aoi_p95_s,persistence,5,flow_proxy,Q2-moderate,19,15418.003840078885,17676.279348561377,12.77574009750535
see_v2x,aoi_p95_s,persistence,5,flow_proxy,Q3-high,35,13263.026446175021,16548.872622096656,19.855407984301408
see_v2x,aoi_p95_s,persistence,5,flow_proxy,Q4-severe,1,15282.470215824253,13869.629284473414,-10.186580350286995
see_v2x,aoi_p95_s,persistence,5,speed_mean_kmh,Q1-mild,19,2.9492571860899157,3.5731399521512364,17.460350634731565
see_v2x,aoi_p95_s,persistence,5,speed_mean_kmh,Q2-moderate,19,4.756856671649584,5.666743311215097,16.05660584906128
see_v2x,aoi_p95_s,persistence,5,speed_mean_kmh,Q3-high,35,3.6637195809401257,4.482933238556944,18.27405433441426
see_v2x,aoi_p95_s,persistence,5,speed_mean_kmh,Q4-severe,1,3.3538800772660524,2.6979655162577703,-24.311450781139985
see_v2x,aoi_p95_s,persistence,5,vehicle_count,Q1-mild,19,0.76599387575434,0.9068162397600134,15.529316335359194
see_v2x,aoi_p95_s,persistence,5,vehicle_count,Q2-moderate,19,1.1365573338907229,1.0957722659785845,-3.7220386759388617
see_v2x,aoi_p95_s,persistence,5,vehicle_count,Q3-high,35,0.9843530958048029,1.124121821684325,12.43359233314595
see_v2x,aoi_p95_s,persistence,5,vehicle_count,Q4-severe,1,0.9762751253517745,1.0000000259457016,2.37248997411189
see_v2x,aoi_p95_s,persistence,10,flow_proxy,Q1-mild,19,13405.589759177636,17733.99551107966,24.40739171945391
see_v2x,aoi_p95_s,persistence,10,flow_proxy,Q2-moderate,19,19228.37191909115,23700.871557246614,18.87061253148767
see_v2x,aoi_p95_s,persistence,10,flow_proxy,Q3-high,35,15237.026582085458,20756.718627358547,26.59231521303737
see_v2x,aoi_p95_s,persistence,10,flow_proxy,Q4-severe,1,17411.203382901906,22611.7335206402,22.999254493198855
see_v2x,aoi_p95_s,persistence,10,speed_mean_kmh,Q1-mild,19,3.5049399579426117,4.3252333308968725,18.965297552805932
see_v2x,aoi_p95_s,persistence,10,speed_mean_kmh,Q2-moderate,19,5.1468445307925785,6.611215253071454,22.149796429386793
see_v2x,aoi_p95_s,persistence,10,speed_mean_kmh,Q3-high,35,4.010103402305578,5.103524483551373,21.424822838166097
see_v2x,aoi_p95_s,persistence,10,speed_mean_kmh,Q4-severe,1,4.467977695040724,5.365126165153367,16.72185221416525
see_v2x,aoi_p95_s,persistence,10,vehicle_count,Q1-mild,19,1.0666715863439007,1.3192407594399624,19.145040006857972
see_v2x,aoi_p95_s,persistence,10,vehicle_count,Q2-moderate,19,1.55756906237943,1.583261493093648,1.6227534531734409
see_v2x,aoi_p95_s,persistence,10,vehicle_count,Q3-high,35,1.225799182691917,1.5419204293471562,20.501787160243097
see_v2x,aoi_p95_s,persistence,10,vehicle_count,Q4-severe,1,1.2937854285544592,1.5409836648036033,16.041586961046114
see_v2x,aoi_p95_s,persistence,30,flow_proxy,Q1-mild,19,13750.090221777768,26894.385775590315,48.87375255001209
see_v2x,aoi_p95_s,persistence,30,flow_proxy,Q2-moderate,19,15335.705638256413,26110.39977529205,41.26591024939982
see_v2x,aoi_p95_s,persistence,30,flow_proxy,Q3-high,35,14975.167717794695,32179.37228341374,53.46345607394364
see_v2x,aoi_p95_s,persistence,30,flow_proxy,Q4-severe,1,15197.47511141339,23780.272086683795,36.092089039102675
see_v2x,aoi_p95_s,persistence,30,speed_mean_kmh,Q1-mild,19,4.108577127841989,6.537508737070103,37.15377987550198
see_v2x,aoi_p95_s,persistence,30,speed_mean_kmh,Q2-moderate,19,4.720156848699693,7.307242800765028,35.404406546529984
see_v2x,aoi_p95_s,persistence,30,speed_mean_kmh,Q3-high,35,4.035551742309719,7.653787227634768,47.273792346012264
see_v2x,aoi_p95_s,persistence,30,speed_mean_kmh,Q4-severe,1,4.064067154418491,6.5804295222870826,38.240092922840084
see_v2x,aoi_p95_s,persistence,30,vehicle_count,Q1-mild,19,1.0286299514293524,2.202761074307804,53.3026995638708
see_v2x,aoi_p95_s,persistence,30,vehicle_count,Q2-moderate,19,1.8675473178116015,2.569456523950994,27.317418950850385
see_v2x,aoi_p95_s,persistence,30,vehicle_count,Q3-high,35,1.699201386991044,2.3508197761667957,27.718772532464893
see_v2x,aoi_p95_s,persistence,30,vehicle_count,Q4-severe,1,1.9201187364628447,2.459016505058996,21.91517483904423
see_v2x,packet_loss_mean,impaired_gru,5,flow_proxy,Q1-mild,19,13005.5646442393,14914.575813247602,12.799634350387468
see_v2x,packet_loss_mean,impaired_gru,5,flow_proxy,Q2-moderate,19,12526.210344634635,14268.95511206624,12.21354159252115
see_v2x,packet_loss_mean,impaired_gru,5,flow_proxy,Q3-high,20,14204.36083976227,14533.620841452528,2.2655056525963713
see_v2x,packet_loss_mean,impaired_gru,5,flow_proxy,Q4-severe,16,12599.78312681312,12737.470389049286,1.0809623734586353
see_v2x,packet_loss_mean,impaired_gru,5,speed_mean_kmh,Q1-mild,19,3.6201495739868896,4.059521746359543,10.82324960284655
see_v2x,packet_loss_mean,impaired_gru,5,speed_mean_kmh,Q2-moderate,19,3.5433470828575335,3.7225281672054984,4.813424528124757
see_v2x,packet_loss_mean,impaired_gru,5,speed_mean_kmh,Q3-high,20,4.0706785743665055,4.19252898686795,2.906370178774524
see_v2x,packet_loss_mean,impaired_gru,5,speed_mean_kmh,Q4-severe,16,3.780013796240424,3.8718277351844117,2.3713332561909874
see_v2x,packet_loss_mean,impaired_gru,5,vehicle_count,Q1-mild,19,1.0286534366488016,1.1693297820664588,12.030510671335213
see_v2x,packet_loss_mean,impaired_gru,5,vehicle_count,Q2-moderate,19,0.9147755768884513,1.0420170469467855,12.211073629750791
see_v2x,packet_loss_mean,impaired_gru,5,vehicle_count,Q3-high,20,1.0089514694063177,1.0388209074907522,2.8753212013273055
see_v2x,packet_loss_mean,impaired_gru,5,vehicle_count,Q4-severe,16,0.9045578635276192,0.8873846400242273,-1.9352626285481764
see_v2x,packet_loss_mean,impaired_gru,10,flow_proxy,Q1-mild,19,16387.547615664676,19720.5627651739,16.901217217764035
see_v2x,packet_loss_mean,impaired_gru,10,flow_proxy,Q2-moderate,19,14122.600995891535,15501.109933932688,8.892969238432666
see_v2x,packet_loss_mean,impaired_gru,10,flow_proxy,Q3-high,20,17049.069305903344,17840.679734340654,4.437109124901415
see_v2x,packet_loss_mean,impaired_gru,10,flow_proxy,Q4-severe,16,15629.887244085314,14974.908918044901,-4.37383846288855
see_v2x,packet_loss_mean,impaired_gru,10,speed_mean_kmh,Q1-mild,19,4.37738747462046,5.002230092170453,12.491280984432828
see_v2x,packet_loss_mean,impaired_gru,10,speed_mean_kmh,Q2-moderate,19,3.471954205955577,3.6362856690825764,4.519212120002077
see_v2x,packet_loss_mean,impaired_gru,10,speed_mean_kmh,Q3-high,20,4.915392784534541,5.134297140597633,4.263570059197131
see_v2x,packet_loss_mean,impaired_gru,10,speed_mean_kmh,Q4-severe,16,3.860009652504315,3.7848217111853995,-1.98656493905786
see_v2x,packet_loss_mean,impaired_gru,10,vehicle_count,Q1-mild,19,1.3699267556217374,1.5457666297745623,11.375576987382113
see_v2x,packet_loss_mean,impaired_gru,10,vehicle_count,Q2-moderate,19,1.2183418072045598,1.327181304946201,8.20080093924869
see_v2x,packet_loss_mean,impaired_gru,10,vehicle_count,Q3-high,20,1.2790232537476658,1.3036427307426515,1.8885141017208902
see_v2x,packet_loss_mean,impaired_gru,10,vehicle_count,Q4-severe,16,1.2062350862413673,1.1831731167353996,-1.9491627205563824
see_v2x,packet_loss_mean,impaired_gru,30,flow_proxy,Q1-mild,19,14464.933099688187,14487.899775782404,0.15852315690774607
see_v2x,packet_loss_mean,impaired_gru,30,flow_proxy,Q2-moderate,19,14690.384838189255,14943.189166515536,1.6917695781606794
see_v2x,packet_loss_mean,impaired_gru,30,flow_proxy,Q3-high,20,15736.468279804078,15806.299623025185,0.44179437873832866
see_v2x,packet_loss_mean,impaired_gru,30,flow_proxy,Q4-severe,16,13954.878759945263,14740.608561551211,5.33037559694028
see_v2x,packet_loss_mean,impaired_gru,30,speed_mean_kmh,Q1-mild,19,3.599246062942318,4.125420074031231,12.754434708980044
see_v2x,packet_loss_mean,impaired_gru,30,speed_mean_kmh,Q2-moderate,19,3.93344576649182,4.366866930361256,9.925220296123353
see_v2x,packet_loss_mean,impaired_gru,30,speed_mean_kmh,Q3-high,20,4.72198030302928,4.842624247215925,2.4912926912897464
see_v2x,packet_loss_mean,impaired_gru,30,speed_mean_kmh,Q4-severe,16,4.718348304357274,5.17159208359535,8.764105347739736
see_v2x,packet_loss_mean,impaired_gru,30,vehicle_count,Q1-mild,19,1.8769440472807462,1.758218507170808,-6.752604352101935
see_v2x,packet_loss_mean,impaired_gru,30,vehicle_count,Q2-moderate,19,1.5271050717629528,1.6472637111848767,7.294438521082328
see_v2x,packet_loss_mean,impaired_gru,30,vehicle_count,Q3-high,20,1.5017197804926596,1.4620939221359062,-2.710212899855611
see_v2x,packet_loss_mean,impaired_gru,30,vehicle_count,Q4-severe,16,1.3567629078152528,1.4638202922718921,7.313560570958277
see_v2x,packet_loss_mean,graph_gru,5,flow_proxy,Q1-mild,19,13005.5646442393,14875.359788319673,12.569747358630629
see_v2x,packet_loss_mean,graph_gru,5,flow_proxy,Q2-moderate,19,12526.210344634635,13652.846586154115,8.252024472766143
see_v2x,packet_loss_mean,graph_gru,5,flow_proxy,Q3-high,20,14204.36083976227,13536.112610618195,-4.93678095304397
see_v2x,packet_loss_mean,graph_gru,5,flow_proxy,Q4-severe,16,12599.78312681312,11942.035782282437,-5.507832638602417
see_v2x,packet_loss_mean,graph_gru,5,speed_mean_kmh,Q1-mild,19,3.6201495739868896,4.022470568375693,10.001838088055433
see_v2x,packet_loss_mean,graph_gru,5,speed_mean_kmh,Q2-moderate,19,3.5433470828575335,3.7645012882972306,5.874727830210343
see_v2x,packet_loss_mean,graph_gru,5,speed_mean_kmh,Q3-high,20,4.0706785743665055,4.173142744779906,2.4553238754183044
see_v2x,packet_loss_mean,graph_gru,5,speed_mean_kmh,Q4-severe,16,3.780013796240424,3.864655697807963,2.190153741160757
see_v2x,packet_loss_mean,graph_gru,5,vehicle_count,Q1-mild,19,1.0286534366488016,1.1149580690077658,7.7406167984153535
see_v2x,packet_loss_mean,graph_gru,5,vehicle_count,Q2-moderate,19,0.9147755768884513,1.0196241560510562,10.28306141160592
see_v2x,packet_loss_mean,graph_gru,5,vehicle_count,Q3-high,20,1.0089514694063177,1.048736394090439,3.793605764894418
see_v2x,packet_loss_mean,graph_gru,5,vehicle_count,Q4-severe,16,0.9045578635276192,0.8814554493060189,-2.6209394902141887
see_v2x,packet_loss_mean,graph_gru,10,flow_proxy,Q1-mild,19,16387.547615664676,19794.374285439804,17.211085435922943
see_v2x,packet_loss_mean,graph_gru,10,flow_proxy,Q2-moderate,19,14122.600995891535,16117.335356469755,12.376328446725934
see_v2x,packet_loss_mean,graph_gru,10,flow_proxy,Q3-high,20,17049.069305903344,18196.844993833984,6.307553250681279
see_v2x,packet_loss_mean,graph_gru,10,flow_proxy,Q4-severe,16,15629.887244085314,15284.77578231125,-2.2578771627990024
see_v2x,packet_loss_mean,graph_gru,10,speed_mean_kmh,Q1-mild,19,4.37738747462046,4.890976634215922,10.500748561186308
see_v2x,packet_loss_mean,graph_gru,10,speed_mean_kmh,Q2-moderate,19,3.471954205955577,3.8731183885926725,10.357653481051905
see_v2x,packet_loss_mean,graph_gru,10,speed_mean_kmh,Q3-high,20,4.915392784534541,5.122373612926281,4.0407210334160855
see_v2x,packet_loss_mean,graph_gru,10,speed_mean_kmh,Q4-severe,16,3.860009652504315,3.907974689647755,1.227363041725006
see_v2x,packet_loss_mean,graph_gru,10,vehicle_count,Q1-mild,19,1.3699267556217374,1.537412346076459,10.893992739992798
see_v2x,packet_loss_mean,graph_gru,10,vehicle_count,Q2-moderate,19,1.2183418072045598,1.337944548256065,8.939289772021693
see_v2x,packet_loss_mean,graph_gru,10,vehicle_count,Q3-high,20,1.2790232537476658,1.3050336627650299,1.9930833633016318
see_v2x,packet_loss_mean,graph_gru,10,vehicle_count,Q4-severe,16,1.2062350862413673,1.2188895585310613,1.0381967830723533
see_v2x,packet_loss_mean,graph_gru,30,flow_proxy,Q1-mild,19,14464.933099688187,15887.883948196537,8.956201172837593
see_v2x,packet_loss_mean,graph_gru,30,flow_proxy,Q2-moderate,19,14690.384838189255,15970.228666952744,8.013935526239981
see_v2x,packet_loss_mean,graph_gru,30,flow_proxy,Q3-high,20,15736.468279804078,16435.599635850424,4.253762391004759
see_v2x,packet_loss_mean,graph_gru,30,flow_proxy,Q4-severe,16,13954.878759945263,15349.536303593675,9.08599136848833
see_v2x,packet_loss_mean,graph_gru,30,speed_mean_kmh,Q1-mild,19,3.599246062942318,4.093881348673679,12.082306310205606
see_v2x,packet_loss_mean,graph_gru,30,speed_mean_kmh,Q2-moderate,19,3.93344576649182,4.199915053194045,6.344635134110879
see_v2x,packet_loss_mean,graph_gru,30,speed_mean_kmh,Q3-high,20,4.72198030302928,4.858206519084584,2.804043328330315
see_v2x,packet_loss_mean,graph_gru,30,speed_mean_kmh,Q4-severe,16,4.718348304357274,5.068617886571561,6.910554106893926
see_v2x,packet_loss_mean,graph_gru,30,vehicle_count,Q1-mild,19,1.8769440472807462,1.781326600264253,-5.367766161776966
see_v2x,packet_loss_mean,graph_gru,30,vehicle_count,Q2-moderate,19,1.5271050717629528,1.608495264300626,5.060020619150509
see_v2x,packet_loss_mean,graph_gru,30,vehicle_count,Q3-high,20,1.5017197804926596,1.449027291829647,-3.636404130997348
see_v2x,packet_loss_mean,graph_gru,30,vehicle_count,Q4-severe,16,1.3567629078152528,1.505513245315219,9.880373817686602
see_v2x,packet_loss_mean,persistence,5,flow_proxy,Q1-mild,19,13005.5646442393,15565.227008587166,16.44474804597506
see_v2x,packet_loss_mean,persistence,5,flow_proxy,Q2-moderate,19,12526.210344634635,17217.437596683827,27.24695371017359
see_v2x,packet_loss_mean,persistence,5,flow_proxy,Q3-high,20,14204.36083976227,15857.232205747268,10.423454386856314
see_v2x,packet_loss_mean,persistence,5,flow_proxy,Q4-severe,16,12599.78312681312,15682.93340800918,19.659270373612298
see_v2x,packet_loss_mean,persistence,5,speed_mean_kmh,Q1-mild,19,3.6201495739868896,4.276209008453548,15.342080605403055
see_v2x,packet_loss_mean,persistence,5,speed_mean_kmh,Q2-moderate,19,3.5433470828575335,4.728307499551815,25.06098459756483
see_v2x,packet_loss_mean,persistence,5,speed_mean_kmh,Q3-high,20,4.0706785743665055,4.664291794217498,12.726759919142324
see_v2x,packet_loss_mean,persistence,5,speed_mean_kmh,Q4-severe,16,3.780013796240424,4.424172583328704,14.559983217192283
see_v2x,packet_loss_mean,persistence,5,vehicle_count,Q1-mild,19,1.0286534366488016,1.1518550968328292,10.695933842129334
see_v2x,packet_loss_mean,persistence,5,vehicle_count,Q2-moderate,19,0.9147755768884513,1.1044003814644838,17.169932756414692
see_v2x,packet_loss_mean,persistence,5,vehicle_count,Q3-high,20,1.0089514694063177,1.0500000362816526,3.9093871491434182
see_v2x,packet_loss_mean,persistence,5,vehicle_count,Q4-severe,16,0.9045578635276192,0.907786911290527,0.3557054730770192
see_v2x,packet_loss_mean,persistence,10,flow_proxy,Q1-mild,19,16387.547615664676,20732.48021915847,20.95712889901438
see_v2x,packet_loss_mean,persistence,10,flow_proxy,Q2-moderate,19,14122.600995891535,20362.400259110982,30.643731504219097
see_v2x,packet_loss_mean,persistence,10,flow_proxy,Q3-high,20,17049.069305903344,22080.086649748893,22.78531521931544
see_v2x,packet_loss_mean,persistence,10,flow_proxy,Q4-severe,16,15629.887244085314,19622.181105893193,20.345821090229492
see_v2x,packet_loss_mean,persistence,10,speed_mean_kmh,Q1-mild,19,4.37738747462046,5.0940421102833895,14.06848665050027
see_v2x,packet_loss_mean,persistence,10,speed_mean_kmh,Q2-moderate,19,3.471954205955577,4.965626835518242,30.08024316025254
see_v2x,packet_loss_mean,persistence,10,speed_mean_kmh,Q3-high,20,4.915392784534541,6.175289294864604,20.4022264890096
see_v2x,packet_loss_mean,persistence,10,speed_mean_kmh,Q4-severe,16,3.860009652504315,4.821344394832908,19.939142728840388
see_v2x,packet_loss_mean,persistence,10,vehicle_count,Q1-mild,19,1.3699267556217374,1.6704055880739903,17.98837556571355
see_v2x,packet_loss_mean,persistence,10,vehicle_count,Q2-moderate,19,1.2183418072045598,1.5254530250779121,20.13245972254182
see_v2x,packet_loss_mean,persistence,10,vehicle_count,Q3-high,20,1.2790232537476658,1.3967213613526566,8.426742084643976
see_v2x,packet_loss_mean,persistence,10,vehicle_count,Q4-severe,16,1.2062350862413673,1.3750000383220862,12.273814265436782
see_v2x,packet_loss_mean,persistence,30,flow_proxy,Q1-mild,19,14464.933099688187,32231.904781534282,55.122313751743626
see_v2x,packet_loss_mean,persistence,30,flow_proxy,Q2-moderate,19,14690.384838189255,29671.211354989082,50.48943346991399
see_v2x,packet_loss_mean,persistence,30,flow_proxy,Q3-high,20,15736.468279804078,28088.432863535494,43.975271399930556
see_v2x,packet_loss_mean,persistence,30,flow_proxy,Q4-severe,16,13954.878759945263,26201.33522551724,46.739818257966455
see_v2x,packet_loss_mean,persistence,30,speed_mean_kmh,Q1-mild,19,3.599246062942318,7.712430095872288,53.33188082700637
see_v2x,packet_loss_mean,persistence,30,speed_mean_kmh,Q2-moderate,19,3.93344576649182,6.972113592000238,43.58316572232345
see_v2x,packet_loss_mean,persistence,30,speed_mean_kmh,Q3-high,20,4.72198030302928,7.354921761785245,35.79836115805317
see_v2x,packet_loss_mean,persistence,30,speed_mean_kmh,Q4-severe,16,4.718348304357274,6.963031025193036,32.2371494467069
see_v2x,packet_loss_mean,persistence,30,vehicle_count,Q1-mild,19,1.8769440472807462,2.418464325968825,22.391079770508522
see_v2x,packet_loss_mean,persistence,30,vehicle_count,Q2-moderate,19,1.5271050717629528,2.314926744646035,34.032250536736505
see_v2x,packet_loss_mean,persistence,30,vehicle_count,Q3-high,20,1.5017197804926596,2.398360731914845,37.3855748950556
see_v2x,packet_loss_mean,persistence,30,vehicle_count,Q4-severe,16,1.3567629078152528,2.3442623786146735,42.12410161914414
see_v2x,jitter_mean_ms,impaired_gru,5,flow_proxy,Q1-mild,19,14043.230453662844,15040.00932576446,6.627514986931628
see_v2x,jitter_mean_ms,impaired_gru,5,flow_proxy,Q2-moderate,18,12485.591503047046,13905.167360297966,10.208980736924262
see_v2x,jitter_mean_ms,impaired_gru,5,flow_proxy,Q3-high,19,12678.924185150141,12820.500056379466,1.1042928950245285
see_v2x,jitter_mean_ms,impaired_gru,5,flow_proxy,Q4-severe,18,13240.327023364807,14962.018882705785,11.507082518990043
see_v2x,jitter_mean_ms,impaired_gru,5,speed_mean_kmh,Q1-mild,19,4.227811724169788,4.514670031152318,6.353915222325138
see_v2x,jitter_mean_ms,impaired_gru,5,speed_mean_kmh,Q2-moderate,18,3.5900651261445566,3.8744324911520533,7.339587537605591
see_v2x,jitter_mean_ms,impaired_gru,5,speed_mean_kmh,Q3-high,19,3.355626776196333,3.3934332569906025,1.1141070950777066
see_v2x,jitter_mean_ms,impaired_gru,5,speed_mean_kmh,Q4-severe,18,3.8496513849812564,4.0925013634773855,5.934023139735204
see_v2x,jitter_mean_ms,impaired_gru,5,vehicle_count,Q1-mild,19,1.011890495165335,1.0772084298111004,6.063630048908611
see_v2x,jitter_mean_ms,impaired_gru,5,vehicle_count,Q2-moderate,18,0.8744592361301804,0.9525195426250678,8.195139541205155
see_v2x,jitter_mean_ms,impaired_gru,5,vehicle_count,Q3-high,19,0.9399306543638729,0.9608546265932791,2.1776418026760433
see_v2x,jitter_mean_ms,impaired_gru,5,vehicle_count,Q4-severe,18,1.0417910205765482,1.1734229056955494,11.217770111552332
see_v2x,jitter_mean_ms,impaired_gru,10,flow_proxy,Q1-mild,19,17850.247548169333,17870.064667687042,0.11089562285430214
see_v2x,jitter_mean_ms,impaired_gru,10,flow_proxy,Q2-moderate,18,15607.189237494857,16843.650660721512,7.340816121942514
see_v2x,jitter_mean_ms,impaired_gru,10,flow_proxy,Q3-high,19,15257.473760907777,16101.526549242539,5.242066867094317
see_v2x,jitter_mean_ms,impaired_gru,10,flow_proxy,Q4-severe,18,14487.571916423743,17609.887424661527,17.730468304206227
see_v2x,jitter_mean_ms,impaired_gru,10,speed_mean_kmh,Q1-mild,19,4.798025911563691,5.0143775841726725,4.314626661949208
see_v2x,jitter_mean_ms,impaired_gru,10,speed_mean_kmh,Q2-moderate,18,3.83070618093872,4.100477572356881,6.579023686872611
see_v2x,jitter_mean_ms,impaired_gru,10,speed_mean_kmh,Q3-high,19,3.834718525954582,3.9600577456840247,3.165085649307469
see_v2x,jitter_mean_ms,impaired_gru,10,speed_mean_kmh,Q4-severe,18,4.235035916220023,4.614001226945861,8.213376877564208
see_v2x,jitter_mean_ms,impaired_gru,10,vehicle_count,Q1-mild,19,1.3419759661784756,1.3739560499009864,2.327591446033249
see_v2x,jitter_mean_ms,impaired_gru,10,vehicle_count,Q2-moderate,18,1.1851512107748983,1.227991782856603,3.488669250960321
see_v2x,jitter_mean_ms,impaired_gru,10,vehicle_count,Q3-high,19,1.1948942662570807,1.210177360646389,1.2628805297478984
see_v2x,jitter_mean_ms,impaired_gru,10,vehicle_count,Q4-severe,18,1.3624484965717283,1.5770693528052746,13.608840631573807
see_v2x,jitter_mean_ms,impaired_gru,30,flow_proxy,Q1-mild,19,15747.115857846882,15027.552385230638,-4.78829455502658
see_v2x,jitter_mean_ms,impaired_gru,30,flow_proxy,Q2-moderate,18,14787.24115587674,15032.326818539434,1.6303907280692265
see_v2x,jitter_mean_ms,impaired_gru,30,flow_proxy,Q3-high,19,14135.13718786135,15355.10666104806,7.945040696335001
see_v2x,jitter_mean_ms,impaired_gru,30,flow_proxy,Q4-severe,18,14334.739883368857,14628.55637422105,2.0085132349065336
see_v2x,jitter_mean_ms,impaired_gru,30,speed_mean_kmh,Q1-mild,19,4.846961823145619,5.048729708903811,3.996408938325987
see_v2x,jitter_mean_ms,impaired_gru,30,speed_mean_kmh,Q2-moderate,18,4.261809796922265,4.634601240047855,8.043657329133579
see_v2x,jitter_mean_ms,impaired_gru,30,speed_mean_kmh,Q3-high,19,4.203959264993617,4.637271475372802,9.344119958168678
see_v2x,jitter_mean_ms,impaired_gru,30,speed_mean_kmh,Q4-severe,18,3.576347037239131,4.083031474621352,12.40951580438791
see_v2x,jitter_mean_ms,impaired_gru,30,vehicle_count,Q1-mild,19,1.6065108238910693,1.5396522369341683,-4.342447269507323
see_v2x,jitter_mean_ms,impaired_gru,30,vehicle_count,Q2-moderate,18,1.5052284679929513,1.5321655534819927,1.758105398728861
see_v2x,jitter_mean_ms,impaired_gru,30,vehicle_count,Q3-high,19,1.2760740249796694,1.3793112884338588,7.484696425774971
see_v2x,jitter_mean_ms,impaired_gru,30,vehicle_count,Q4-severe,18,1.9197950469061307,1.9071043512865569,-0.6654431648938449
see_v2x,jitter_mean_ms,graph_gru,5,flow_proxy,Q1-mild,19,14043.230453662844,13952.914114908808,-0.6472937338406376
see_v2x,jitter_mean_ms,graph_gru,5,flow_proxy,Q2-moderate,18,12485.591503047046,13108.38602888774,4.751115236213897
see_v2x,jitter_mean_ms,graph_gru,5,flow_proxy,Q3-high,19,12678.924185150141,12521.275774249289,-1.2590443157951956
see_v2x,jitter_mean_ms,graph_gru,5,flow_proxy,Q4-severe,18,13240.327023364807,14715.010523883426,10.021627222923888
see_v2x,jitter_mean_ms,graph_gru,5,speed_mean_kmh,Q1-mild,19,4.227811724169788,4.501759018697971,6.085338926002349
see_v2x,jitter_mean_ms,graph_gru,5,speed_mean_kmh,Q2-moderate,18,3.5900651261445566,3.823010664562732,6.093248443383412
see_v2x,jitter_mean_ms,graph_gru,5,speed_mean_kmh,Q3-high,19,3.355626776196333,3.4522066657277555,2.797627680013179
see_v2x,jitter_mean_ms,graph_gru,5,speed_mean_kmh,Q4-severe,18,3.8496513849812564,4.072792853949618,5.4788317604733034
see_v2x,jitter_mean_ms,graph_gru,5,vehicle_count,Q1-mild,19,1.011890495165335,1.0498045620693919,3.611535700337077
see_v2x,jitter_mean_ms,graph_gru,5,vehicle_count,Q2-moderate,18,0.8744592361301804,0.9222910689545615,5.1861970603249885
see_v2x,jitter_mean_ms,graph_gru,5,vehicle_count,Q3-high,19,0.9399306543638729,0.9772186275893353,3.815724730490889
see_v2x,jitter_mean_ms,graph_gru,5,vehicle_count,Q4-severe,18,1.0417910205765482,1.1400220834513772,8.61659290983019
see_v2x,jitter_mean_ms,graph_gru,10,flow_proxy,Q1-mild,19,17850.247548169333,18154.80880749774,1.6775789960534182
see_v2x,jitter_mean_ms,graph_gru,10,flow_proxy,Q2-moderate,18,15607.189237494857,17586.729508719676,11.255874892726462
see_v2x,jitter_mean_ms,graph_gru,10,flow_proxy,Q3-high,19,15257.473760907777,16178.898471474411,5.6952252478168495
see_v2x,jitter_mean_ms,graph_gru,10,flow_proxy,Q4-severe,18,14487.571916423743,17884.123674028688,18.9919943493542
see_v2x,jitter_mean_ms,graph_gru,10,speed_mean_kmh,Q1-mild,19,4.798025911563691,5.0691430199821905,5.348381507780258
see_v2x,jitter_mean_ms,graph_gru,10,speed_mean_kmh,Q2-moderate,18,3.83070618093872,4.12281880407719,7.085264628682296
see_v2x,jitter_mean_ms,graph_gru,10,speed_mean_kmh,Q3-high,19,3.834718525954582,4.0861783541545424,6.153912183713228
see_v2x,jitter_mean_ms,graph_gru,10,speed_mean_kmh,Q4-severe,18,4.235035916220023,4.629501563570313,8.520693666080227
see_v2x,jitter_mean_ms,graph_gru,10,vehicle_count,Q1-mild,19,1.3419759661784756,1.361976245229396,1.4684748705513788
see_v2x,jitter_mean_ms,graph_gru,10,vehicle_count,Q2-moderate,18,1.1851512107748983,1.2755249639216433,7.085220203010839
see_v2x,jitter_mean_ms,graph_gru,10,vehicle_count,Q3-high,19,1.1948942662570807,1.2526413106960252,4.610022317231048
see_v2x,jitter_mean_ms,graph_gru,10,vehicle_count,Q4-severe,18,1.3624484965717283,1.533194681719053,11.136627727029248
see_v2x,jitter_mean_ms,graph_gru,30,flow_proxy,Q1-mild,19,15747.115857846882,15559.203106110688,-1.207727352452085
see_v2x,jitter_mean_ms,graph_gru,30,flow_proxy,Q2-moderate,18,14787.24115587674,15946.378332978835,7.26896824405669
see_v2x,jitter_mean_ms,graph_gru,30,flow_proxy,Q3-high,19,14135.13718786135,15724.278819782654,10.106292632772451
see_v2x,jitter_mean_ms,graph_gru,30,flow_proxy,Q4-severe,18,14334.739883368857,16565.985926486173,13.468839422038803
see_v2x,jitter_mean_ms,graph_gru,30,speed_mean_kmh,Q1-mild,19,4.846961823145619,5.0731771399100705,4.4590462757339715
see_v2x,jitter_mean_ms,graph_gru,30,speed_mean_kmh,Q2-moderate,18,4.261809796922265,4.589582244199199,7.14166190129922
see_v2x,jitter_mean_ms,graph_gru,30,speed_mean_kmh,Q3-high,19,4.203959264993617,4.480504919444534,6.172198419725912
see_v2x,jitter_mean_ms,graph_gru,30,speed_mean_kmh,Q4-severe,18,3.576347037239131,3.98398381550002,10.231888383977745
see_v2x,jitter_mean_ms,graph_gru,30,vehicle_count,Q1-mild,19,1.6065108238910693,1.4749414938403191,-8.920308344987363
see_v2x,jitter_mean_ms,graph_gru,30,vehicle_count,Q2-moderate,18,1.5052284679929513,1.5533267057850018,3.096466268382126
see_v2x,jitter_mean_ms,graph_gru,30,vehicle_count,Q3-high,19,1.2760740249796694,1.4149341308992447,9.81389182052844
see_v2x,jitter_mean_ms,graph_gru,30,vehicle_count,Q4-severe,18,1.9197950469061307,1.9226586452326333,0.14893950721357468
see_v2x,jitter_mean_ms,persistence,5,flow_proxy,Q1-mild,19,14043.230453662844,16510.89415108067,14.945669658083402
see_v2x,jitter_mean_ms,persistence,5,flow_proxy,Q2-moderate,18,12485.591503047046,15650.10432536458,20.22039442374
see_v2x,jitter_mean_ms,persistence,5,flow_proxy,Q3-high,19,12678.924185150141,15430.58230892876,17.83249697702345
see_v2x,jitter_mean_ms,persistence,5,flow_proxy,Q4-severe,18,13240.327023364807,16797.348641472196,21.17608971527257
see_v2x,jitter_mean_ms,persistence,5,speed_mean_kmh,Q1-mild,19,4.227811724169788,4.83361487442474,12.533128201980237
see_v2x,jitter_mean_ms,persistence,5,speed_mean_kmh,Q2-moderate,18,3.5900651261445566,4.2990972256027105,16.49258113043706
see_v2x,jitter_mean_ms,persistence,5,speed_mean_kmh,Q3-high,19,3.355626776196333,4.2714720346879,21.440975123096802
see_v2x,jitter_mean_ms,persistence,5,speed_mean_kmh,Q4-severe,18,3.8496513849812564,4.709889418651233,18.264505923153326
see_v2x,jitter_mean_ms,persistence,5,vehicle_count,Q1-mild,19,1.011890495165335,1.033649736442781,2.105088435645509
see_v2x,jitter_mean_ms,persistence,5,vehicle_count,Q2-moderate,18,0.8744592361301804,0.9735883697876473,10.181832046833621
see_v2x,jitter_mean_ms,persistence,5,vehicle_count,Q3-high,19,0.9399306543638729,1.032786919592306,8.990844342413231
see_v2x,jitter_mean_ms,persistence,5,vehicle_count,Q4-severe,18,1.0417910205765482,1.2003643485047848,13.210432882709133
see_v2x,jitter_mean_ms,persistence,10,flow_proxy,Q1-mild,19,17850.247548169333,22291.605069433735,19.923901878884454
see_v2x,jitter_mean_ms,persistence,10,flow_proxy,Q2-moderate,18,15607.189237494857,21860.034778426918,28.604005457026837
see_v2x,jitter_mean_ms,persistence,10,flow_proxy,Q3-high,19,15257.473760907777,19226.164409064964,20.642134144467843
see_v2x,jitter_mean_ms,persistence,10,flow_proxy,Q4-severe,18,14487.571916423743,19668.95075962381,26.34293464109792
see_v2x,jitter_mean_ms,persistence,10,speed_mean_kmh,Q1-mild,19,4.798025911563691,6.07796494407054,21.05867740566103
see_v2x,jitter_mean_ms,persistence,10,speed_mean_kmh,Q2-moderate,18,3.83070618093872,5.364701311747446,28.594231790504544
see_v2x,jitter_mean_ms,persistence,10,speed_mean_kmh,Q3-high,19,3.834718525954582,4.843635212129634,20.8297412977242
see_v2x,jitter_mean_ms,persistence,10,speed_mean_kmh,Q4-severe,18,4.235035916220023,4.872554422532906,13.083866278769928
see_v2x,jitter_mean_ms,persistence,10,vehicle_count,Q1-mild,19,1.3419759661784756,1.408973302109565,4.755046483512067
see_v2x,jitter_mean_ms,persistence,10,vehicle_count,Q2-moderate,18,1.1851512107748983,1.4371585185902243,17.535108535488543
see_v2x,jitter_mean_ms,persistence,10,vehicle_count,Q3-high,19,1.1948942662570807,1.4495254984419308,17.566523024389454
see_v2x,jitter_mean_ms,persistence,10,vehicle_count,Q4-severe,18,1.3624484965717283,1.6930783858327891,19.52832722187274
see_v2x,jitter_mean_ms,persistence,30,flow_proxy,Q1-mild,19,15747.115857846882,28408.537927839894,44.569073220697405
see_v2x,jitter_mean_ms,persistence,30,flow_proxy,Q2-moderate,18,14787.24115587674,30160.02766315061,50.97073079296667
see_v2x,jitter_mean_ms,persistence,30,flow_proxy,Q3-high,19,14135.13718786135,27194.20961797133,48.02151860105936
see_v2x,jitter_mean_ms,persistence,30,flow_proxy,Q4-severe,18,14334.739883368857,30989.807009211407,53.74369424400296
see_v2x,jitter_mean_ms,persistence,30,speed_mean_kmh,Q1-mild,19,4.846961823145619,7.394977732698614,34.4560321641098
see_v2x,jitter_mean_ms,persistence,30,speed_mean_kmh,Q2-moderate,18,4.261809796922265,7.672697653557233,44.45487110531611
see_v2x,jitter_mean_ms,persistence,30,speed_mean_kmh,Q3-high,19,4.203959264993617,6.829131085889097,38.440788206214755
see_v2x,jitter_mean_ms,persistence,30,speed_mean_kmh,Q4-severe,18,3.576347037239131,7.17481313284304,50.1541437241947
see_v2x,jitter_mean_ms,persistence,30,vehicle_count,Q1-mild,19,1.6065108238910693,2.339085495460366,31.318849604222372
see_v2x,jitter_mean_ms,persistence,30,vehicle_count,Q2-moderate,18,1.5052284679929513,2.4335155794771226,38.14592828162765
see_v2x,jitter_mean_ms,persistence,30,vehicle_count,Q3-high,19,1.2760740249796694,2.253667034311105,43.37788103167936
see_v2x,jitter_mean_ms,persistence,30,vehicle_count,Q4-severe,18,1.9197950469061307,2.463570252309326,22.072648534629817
see_v2x,throughput_mean_bps,impaired_gru,5,flow_proxy,Q1-mild,18,14649.833070748835,15016.817390572322,2.443822217973017
see_v2x,throughput_mean_bps,impaired_gru,5,flow_proxy,Q2-moderate,19,12241.251361186898,13025.714447241819,6.022418879452922
see_v2x,throughput_mean_bps,impaired_gru,5,flow_proxy,Q3-high,18,13173.578783668885,14053.556727638086,6.26160310178268
see_v2x,throughput_mean_bps,impaired_gru,5,flow_proxy,Q4-severe,19,12493.804335304745,14642.301158390537,14.673218368092114
see_v2x,throughput_mean_bps,impaired_gru,5,speed_mean_kmh,Q1-mild,18,4.691630846028378,4.812596931743098,2.513530369965007
see_v2x,throughput_mean_bps,impaired_gru,5,speed_mean_kmh,Q2-moderate,19,3.216206714504055,3.3877549234013826,5.063772683376752
see_v2x,throughput_mean_bps,impaired_gru,5,speed_mean_kmh,Q3-high,18,3.593277488289715,3.6340137943886663,1.1209727945930104
see_v2x,throughput_mean_bps,impaired_gru,5,speed_mean_kmh,Q4-severe,19,3.566523742837801,4.0659176443709155,12.282440127538226
see_v2x,throughput_mean_bps,impaired_gru,5,vehicle_count,Q1-mild,18,1.0894058706831442,1.0956508883968976,0.5699824390132671
see_v2x,throughput_mean_bps,impaired_gru,5,vehicle_count,Q2-moderate,19,0.8482885231904483,0.8847214745543304,4.118013634792057
see_v2x,throughput_mean_bps,impaired_gru,5,vehicle_count,Q3-high,18,0.9183465245951657,1.0263443873995897,10.522575373145122
see_v2x,throughput_mean_bps,impaired_gru,5,vehicle_count,Q4-severe,19,1.0168463897972615,1.1570810084518564,12.119688804697967
see_v2x,throughput_mean_bps,impaired_gru,10,flow_proxy,Q1-mild,18,18377.665992299575,17481.384773318205,-5.127060759790892
see_v2x,throughput_mean_bps,impaired_gru,10,flow_proxy,Q2-moderate,19,14783.924261587004,16043.263994186838,7.849647883718436
see_v2x,throughput_mean_bps,impaired_gru,10,flow_proxy,Q3-high,18,13781.644254431456,15512.893446623671,11.160066290327677
see_v2x,throughput_mean_bps,impaired_gru,10,flow_proxy,Q4-severe,19,16367.908433246754,19310.783937371216,15.239544462137216
see_v2x,throughput_mean_bps,impaired_gru,10,speed_mean_kmh,Q1-mild,18,5.12219015642369,5.149250419456001,0.5255184886234003
see_v2x,throughput_mean_bps,impaired_gru,10,speed_mean_kmh,Q2-moderate,19,3.657362065340845,3.8610882791432446,5.276393559174613
see_v2x,throughput_mean_bps,impaired_gru,10,speed_mean_kmh,Q3-high,18,3.552899249003892,3.722708455062068,4.561442499509414
see_v2x,throughput_mean_bps,impaired_gru,10,speed_mean_kmh,Q4-severe,19,4.398105974870107,4.964155400509458,11.402733775034243
see_v2x,throughput_mean_bps,impaired_gru,10,vehicle_count,Q1-mild,18,1.442586657863345,1.3916494519443239,-3.660203759059768
see_v2x,throughput_mean_bps,impaired_gru,10,vehicle_count,Q2-moderate,19,1.0755929241978226,1.1636304193158855,7.565760820625959
see_v2x,throughput_mean_bps,impaired_gru,10,vehicle_count,Q3-high,18,1.1873655953490931,1.2599419818695443,5.76029586987254
see_v2x,throughput_mean_bps,impaired_gru,10,vehicle_count,Q4-severe,19,1.383259106891175,1.5658953403506566,11.663374146847245
see_v2x,throughput_mean_bps,impaired_gru,30,flow_proxy,Q1-mild,18,15694.084929207464,16285.12291551724,3.6293124060257775
see_v2x,throughput_mean_bps,impaired_gru,30,flow_proxy,Q2-moderate,19,14746.921486023697,14314.188943701474,-3.023102070427339
see_v2x,throughput_mean_bps,impaired_gru,30,flow_proxy,Q3-high,18,14110.460065260517,14837.852544944159,4.902275969382125
see_v2x,throughput_mean_bps,impaired_gru,30,flow_proxy,Q4-severe,19,14488.692023158064,14683.330059492146,1.3255714851150104
see_v2x,throughput_mean_bps,impaired_gru,30,speed_mean_kmh,Q1-mild,18,4.88495805643909,5.093295022100366,4.090416210885837
see_v2x,throughput_mean_bps,impaired_gru,30,speed_mean_kmh,Q2-moderate,19,4.494449108867077,4.780081980854425,5.975480599157937
see_v2x,throughput_mean_bps,impaired_gru,30,speed_mean_kmh,Q3-high,18,3.90732161082434,4.440547894973929,12.008119168184491
see_v2x,throughput_mean_bps,impaired_gru,30,speed_mean_kmh,Q4-severe,19,3.652566137386022,4.132667432722629,11.617225484282208
see_v2x,throughput_mean_bps,impaired_gru,30,vehicle_count,Q1-mild,18,1.7787998827591618,1.7410814283258773,-2.166380825330741
see_v2x,throughput_mean_bps,impaired_gru,30,vehicle_count,Q2-moderate,19,1.2450195128545836,1.3244644973805102,5.998272062650494
see_v2x,throughput_mean_bps,impaired_gru,30,vehicle_count,Q3-high,18,1.3899037192245285,1.5053790732805175,7.670848847211656
see_v2x,throughput_mean_bps,impaired_gru,30,vehicle_count,Q4-severe,19,1.8803947271991575,1.777160567825348,-5.8089381827349404
see_v2x,throughput_mean_bps,graph_gru,5,flow_proxy,Q1-mild,18,14649.833070748835,14203.426682077119,-3.1429485198435136
see_v2x,throughput_mean_bps,graph_gru,5,flow_proxy,Q2-moderate,19,12241.251361186898,12104.43762056333,-1.130277547062836
see_v2x,throughput_mean_bps,graph_gru,5,flow_proxy,Q3-high,18,13173.578783668885,13298.26835561623,0.9376376578728868
see_v2x,throughput_mean_bps,graph_gru,5,flow_proxy,Q4-severe,19,12493.804335304745,14674.52212498428,14.860571070762447
see_v2x,throughput_mean_bps,graph_gru,5,speed_mean_kmh,Q1-mild,18,4.691630846028378,4.793737596480002,2.1300029086615044
see_v2x,throughput_mean_bps,graph_gru,5,speed_mean_kmh,Q2-moderate,19,3.216206714504055,3.3807601032767933,4.867348858220089
see_v2x,throughput_mean_bps,graph_gru,5,speed_mean_kmh,Q3-high,18,3.593277488289715,3.681189110435499,2.3881310975781536
see_v2x,throughput_mean_bps,graph_gru,5,speed_mean_kmh,Q4-severe,19,3.566523742837801,4.024562560556473,11.381083277712316
see_v2x,throughput_mean_bps,graph_gru,5,vehicle_count,Q1-mild,18,1.0894058706831442,1.076542401477688,-1.194887360526689
see_v2x,throughput_mean_bps,graph_gru,5,vehicle_count,Q2-moderate,19,0.8482885231904483,0.9020473767166702,5.9596484971700665
see_v2x,throughput_mean_bps,graph_gru,5,vehicle_count,Q3-high,18,0.9183465245951657,1.0090496362062416,8.988964215199461
see_v2x,throughput_mean_bps,graph_gru,5,vehicle_count,Q4-severe,19,1.0168463897972615,1.102922132152381,7.80433532571397
see_v2x,throughput_mean_bps,graph_gru,10,flow_proxy,Q1-mild,18,18377.665992299575,17969.573860254615,-2.2710173052425975
see_v2x,throughput_mean_bps,graph_gru,10,flow_proxy,Q2-moderate,19,14783.924261587004,16238.222005785985,8.956015896813648
see_v2x,throughput_mean_bps,graph_gru,10,flow_proxy,Q3-high,18,13781.644254431456,15613.221393171074,11.730936829855892
see_v2x,throughput_mean_bps,graph_gru,10,flow_proxy,Q4-severe,19,16367.908433246754,19884.171732544488,17.683730288553516
see_v2x,throughput_mean_bps,graph_gru,10,speed_mean_kmh,Q1-mild,18,5.12219015642369,5.170350824061988,0.9314777504268914
see_v2x,throughput_mean_bps,graph_gru,10,speed_mean_kmh,Q2-moderate,19,3.657362065340845,3.9875782841041896,8.281121884216885
see_v2x,throughput_mean_bps,graph_gru,10,speed_mean_kmh,Q3-high,18,3.552899249003892,3.8468046447654394,7.64024748169772
see_v2x,throughput_mean_bps,graph_gru,10,speed_mean_kmh,Q4-severe,19,4.398105974870107,4.916846678388403,10.550272082783287
see_v2x,throughput_mean_bps,graph_gru,10,vehicle_count,Q1-mild,18,1.442586657863345,1.3791153146995425,-4.6023230999648685
see_v2x,throughput_mean_bps,graph_gru,10,vehicle_count,Q2-moderate,19,1.0755929241978226,1.1936860252160437,9.89314589718289
see_v2x,throughput_mean_bps,graph_gru,10,vehicle_count,Q3-high,18,1.1873655953490931,1.2869460796039958,7.737735485527944
see_v2x,throughput_mean_bps,graph_gru,10,vehicle_count,Q4-severe,19,1.383259106891175,1.5560814530287905,11.106253126441745
see_v2x,throughput_mean_bps,graph_gru,30,flow_proxy,Q1-mild,18,15694.084929207464,16855.229715310106,6.888928870825482
see_v2x,throughput_mean_bps,graph_gru,30,flow_proxy,Q2-moderate,19,14746.921486023697,15224.008547384736,3.13378082964018
see_v2x,throughput_mean_bps,graph_gru,30,flow_proxy,Q3-high,18,14110.460065260517,15839.793322770562,10.917650390191284
see_v2x,throughput_mean_bps,graph_gru,30,flow_proxy,Q4-severe,19,14488.692023158064,15886.428219820087,8.798303667260534
see_v2x,throughput_mean_bps,graph_gru,30,speed_mean_kmh,Q1-mild,18,4.88495805643909,5.097532969752454,4.170152780918088
see_v2x,throughput_mean_bps,graph_gru,30,speed_mean_kmh,Q2-moderate,19,4.494449108867077,4.696723625499982,4.3067153260630935
see_v2x,throughput_mean_bps,graph_gru,30,speed_mean_kmh,Q3-high,18,3.90732161082434,4.233065995109609,7.695235176868784
see_v2x,throughput_mean_bps,graph_gru,30,speed_mean_kmh,Q4-severe,19,3.652566137386022,4.139769365805613,11.768849522560167
see_v2x,throughput_mean_bps,graph_gru,30,vehicle_count,Q1-mild,18,1.7787998827591618,1.622006067105306,-9.666660185002266
see_v2x,throughput_mean_bps,graph_gru,30,vehicle_count,Q2-moderate,19,1.2450195128545836,1.417784232730777,12.185543799205544
see_v2x,throughput_mean_bps,graph_gru,30,vehicle_count,Q3-high,18,1.3899037192245285,1.5018027071386202,7.450977857284243
see_v2x,throughput_mean_bps,graph_gru,30,vehicle_count,Q4-severe,19,1.8803947271991575,1.8057323594786157,-4.134741614124119
see_v2x,throughput_mean_bps,persistence,5,flow_proxy,Q1-mild,18,14649.833070748835,16979.361167180192,13.719762913888566
see_v2x,throughput_mean_bps,persistence,5,flow_proxy,Q2-moderate,19,12241.251361186898,15268.303007541552,19.82572421347352
see_v2x,throughput_mean_bps,persistence,5,flow_proxy,Q3-high,18,13173.578783668885,16588.645911240907,20.586774507350373
see_v2x,throughput_mean_bps,persistence,5,flow_proxy,Q4-severe,19,12493.804335304745,15611.595873072205,19.970998244601066
see_v2x,throughput_mean_bps,persistence,5,speed_mean_kmh,Q1-mild,18,4.691630846028378,5.474150344767408,14.294811943876153
see_v2x,throughput_mean_bps,persistence,5,speed_mean_kmh,Q2-moderate,19,3.216206714504055,3.9543777563209144,18.667185722714624
see_v2x,throughput_mean_bps,persistence,5,speed_mean_kmh,Q3-high,18,3.593277488289715,4.459225162919957,19.419240810914427
see_v2x,throughput_mean_bps,persistence,5,speed_mean_kmh,Q4-severe,19,3.566523742837801,4.274972334802168,16.572004093213653
see_v2x,throughput_mean_bps,persistence,5,vehicle_count,Q1-mild,18,1.0894058706831442,1.0473588767767934,-4.014573651611323
see_v2x,throughput_mean_bps,persistence,5,vehicle_count,Q2-moderate,19,0.8482885231904483,0.9542709493607445,11.106114582098634
see_v2x,throughput_mean_bps,persistence,5,vehicle_count,Q3-high,18,0.9183465245951657,1.0765027658699342,14.691670548360694
see_v2x,throughput_mean_bps,persistence,5,vehicle_count,Q4-severe,19,1.0168463897972615,1.1596204099176415,12.3121340111034
see_v2x,throughput_mean_bps,persistence,10,flow_proxy,Q1-mild,18,18377.665992299575,23341.804145829163,21.267157082262123
see_v2x,throughput_mean_bps,persistence,10,flow_proxy,Q2-moderate,19,14783.924261587004,19176.172920954286,22.904719713731154
see_v2x,throughput_mean_bps,persistence,10,flow_proxy,Q3-high,18,13781.644254431456,19761.351932519785,30.25960824190851
see_v2x,throughput_mean_bps,persistence,10,flow_proxy,Q4-severe,19,16367.908433246754,20850.277098314524,21.497885346703434
see_v2x,throughput_mean_bps,persistence,10,speed_mean_kmh,Q1-mild,18,5.12219015642369,6.496736978243552,21.157495282743206
see_v2x,throughput_mean_bps,persistence,10,speed_mean_kmh,Q2-moderate,19,3.657362065340845,4.871447867856799,24.922483683641353
see_v2x,throughput_mean_bps,persistence,10,speed_mean_kmh,Q3-high,18,3.552899249003892,4.815103021652461,26.213432284862282
see_v2x,throughput_mean_bps,persistence,10,speed_mean_kmh,Q4-severe,19,4.398105974870107,5.032125089339063,12.599430696828875
see_v2x,throughput_mean_bps,persistence,10,vehicle_count,Q1-mild,18,1.442586657863345,1.462659434934688,1.3723479611646188
see_v2x,throughput_mean_bps,persistence,10,vehicle_count,Q2-moderate,19,1.0755929241978226,1.3270060784832234,18.945893049576558
see_v2x,throughput_mean_bps,persistence,10,vehicle_count,Q3-high,18,1.1873655953490931,1.4881603320262533,20.212522010068035
see_v2x,throughput_mean_bps,persistence,10,vehicle_count,Q4-severe,19,1.383259106891175,1.701466852295499,18.701965489649357
see_v2x,throughput_mean_bps,persistence,30,flow_proxy,Q1-mild,18,15694.084929207464,27376.341474897414,42.672818632093936
see_v2x,throughput_mean_bps,persistence,30,flow_proxy,Q2-moderate,19,14746.921486023697,28108.709368847067,47.53611312238871
see_v2x,throughput_mean_bps,persistence,30,flow_proxy,Q3-high,18,14110.460065260517,28106.412123688762,49.796295581345795
see_v2x,throughput_mean_bps,persistence,30,flow_proxy,Q4-severe,19,14488.692023158064,32862.85182580443,55.91164120520147
see_v2x,throughput_mean_bps,persistence,30,speed_mean_kmh,Q1-mild,18,4.88495805643909,7.392014667474843,33.91574178924897
see_v2x,throughput_mean_bps,persistence,30,speed_mean_kmh,Q2-moderate,19,4.494449108867077,6.850585046063799,34.393207556939785
see_v2x,throughput_mean_bps,persistence,30,speed_mean_kmh,Q3-high,18,3.90732161082434,7.121142409810312,45.13069125040164
see_v2x,throughput_mean_bps,persistence,30,speed_mean_kmh,Q4-severe,19,3.652566137386022,7.690279918001395,52.5041197253885
see_v2x,throughput_mean_bps,persistence,30,vehicle_count,Q1-mild,18,1.7787998827591618,2.524590257598884,29.541046102068552
see_v2x,throughput_mean_bps,persistence,30,vehicle_count,Q2-moderate,19,1.2450195128545836,2.2381363915150323,44.37249123816543
see_v2x,throughput_mean_bps,persistence,30,vehicle_count,Q3-high,18,1.3899037192245285,2.2932605568350812,39.39180966501646
see_v2x,throughput_mean_bps,persistence,30,vehicle_count,Q4-severe,19,1.8803947271991575,2.429680891537738,22.607337613385322
