domain,sample_index,horizon_s,target,PICP,MPIW,source_file,start,latency_mean_ms,latency_p95_ms,aoi_mean_s,aoi_p95_s,packet_loss_mean,jitter_mean_ms,channel_busy_mean_pct,throughput_mean_bps,rsrp_mean_dbm,sinr_mean_db
cicv5g,0,5,speed_mean_kmh,0.819672131147541,8.307629986403485,20181024_d10_0830_0900.csv,669,466.8754858381062,663.1172379032258,0.3215761863175816,0.4477775171065494,,,,,,
cicv5g,0,5,vehicle_count,0.8032786885245902,2.3178795130582985,20181024_d10_0830_0900.csv,669,466.8754858381062,663.1172379032258,0.3215761863175816,0.4477775171065494,,,,,,
cicv5g,0,5,flow_proxy,0.819672131147541,29706.820493529398,20181024_d10_0830_0900.csv,669,466.8754858381062,663.1172379032258,0.3215761863175816,0.4477775171065494,,,,,,
cicv5g,0,10,speed_mean_kmh,0.8360655737704918,8.783730086240977,20181024_d10_0830_0900.csv,669,466.8754858381062,663.1172379032258,0.3215761863175816,0.4477775171065494,,,,,,
cicv5g,0,10,vehicle_count,0.8688524590163934,2.778744114188612,20181024_d10_0830_0900.csv,669,466.8754858381062,663.1172379032258,0.3215761863175816,0.4477775171065494,,,,,,
cicv5g,0,10,flow_proxy,0.8524590163934426,32513.250884662186,20181024_d10_0830_0900.csv,669,466.8754858381062,663.1172379032258,0.3215761863175816,0.4477775171065494,,,,,,
cicv5g,0,30,speed_mean_kmh,0.7377049180327869,9.523595318107036,20181024_d10_0830_0900.csv,669,466.8754858381062,663.1172379032258,0.3215761863175816,0.4477775171065494,,,,,,
cicv5g,0,30,vehicle_count,0.7540983606557377,3.3083139025518666,20181024_d10_0830_0900.csv,669,466.8754858381062,663.1172379032258,0.3215761863175816,0.4477775171065494,,,,,,
cicv5g,0,30,flow_proxy,0.7377049180327869,34040.46546084988,20181024_d10_0830_0900.csv,669,466.8754858381062,663.1172379032258,0.3215761863175816,0.4477775171065494,,,,,,
cicv5g,1,5,speed_mean_kmh,0.8032786885245902,7.955816696117084,20181024_d10_0830_0900.csv,670,457.3487181613385,652.9580645161291,0.31571002470141996,0.4413225806451614,,,,,,
cicv5g,1,5,vehicle_count,0.8852459016393442,2.324891218210134,20181024_d10_0830_0900.csv,670,457.3487181613385,652.9580645161291,0.31571002470141996,0.4413225806451614,,,,,,
cicv5g,1,5,flow_proxy,0.9180327868852459,29620.722217289665,20181024_d10_0830_0900.csv,670,457.3487181613385,652.9580645161291,0.31571002470141996,0.4413225806451614,,,,,,
cicv5g,1,10,speed_mean_kmh,0.819672131147541,8.417098273163024,20181024_d10_0830_0900.csv,670,457.3487181613385,652.9580645161291,0.31571002470141996,0.4413225806451614,,,,,,
cicv5g,1,10,vehicle_count,0.8688524590163934,2.7966794653638316,20181024_d10_0830_0900.csv,670,457.3487181613385,652.9580645161291,0.31571002470141996,0.4413225806451614,,,,,,
cicv5g,1,10,flow_proxy,0.8360655737704918,32396.066616764045,20181024_d10_0830_0900.csv,670,457.3487181613385,652.9580645161291,0.31571002470141996,0.4413225806451614,,,,,,
cicv5g,1,30,speed_mean_kmh,0.8688524590163934,9.11523028512431,20181024_d10_0830_0900.csv,670,457.3487181613385,652.9580645161291,0.31571002470141996,0.4413225806451614,,,,,,
cicv5g,1,30,vehicle_count,0.8360655737704918,3.295605382486987,20181024_d10_0830_0900.csv,670,457.3487181613385,652.9580645161291,0.31571002470141996,0.4413225806451614,,,,,,
cicv5g,1,30,flow_proxy,0.7868852459016393,33811.490447263765,20181024_d10_0830_0900.csv,670,457.3487181613385,652.9580645161291,0.31571002470141996,0.4413225806451614,,,,,,
cicv5g,2,5,speed_mean_kmh,0.8688524590163934,8.189087463867542,20181024_d10_0830_0900.csv,671,447.22186902481195,646.4116431451613,0.3094170465326354,0.4359234375,,,,,,
cicv5g,2,5,vehicle_count,0.9180327868852459,2.3102542541589077,20181024_d10_0830_0900.csv,671,447.22186902481195,646.4116431451613,0.3094170465326354,0.4359234375,,,,,,
cicv5g,2,5,flow_proxy,0.9180327868852459,29121.874880992073,20181024_d10_0830_0900.csv,671,447.22186902481195,646.4116431451613,0.3094170465326354,0.4359234375,,,,,,
cicv5g,2,10,speed_mean_kmh,0.8032786885245902,8.63720004739529,20181024_d10_0830_0900.csv,671,447.22186902481195,646.4116431451613,0.3094170465326354,0.4359234375,,,,,,
cicv5g,2,10,vehicle_count,0.9016393442622951,2.7565139461047496,20181024_d10_0830_0900.csv,671,447.22186902481195,646.4116431451613,0.3094170465326354,0.4359234375,,,,,,
cicv5g,2,10,flow_proxy,0.7868852459016393,31857.833481334208,20181024_d10_0830_0900.csv,671,447.22186902481195,646.4116431451613,0.3094170465326354,0.4359234375,,,,,,
cicv5g,2,30,speed_mean_kmh,0.8360655737704918,9.49856684704748,20181024_d10_0830_0900.csv,671,447.22186902481195,646.4116431451613,0.3094170465326354,0.4359234375,,,,,,
cicv5g,2,30,vehicle_count,0.8360655737704918,3.275098967334714,20181024_d10_0830_0900.csv,671,447.22186902481195,646.4116431451613,0.3094170465326354,0.4359234375,,,,,,
cicv5g,2,30,flow_proxy,0.8032786885245902,33947.58940450244,20181024_d10_0830_0900.csv,671,447.22186902481195,646.4116431451613,0.3094170465326354,0.4359234375,,,,,,
cicv5g,3,5,speed_mean_kmh,0.8524590163934426,7.9000904190539165,20181024_d10_0830_0900.csv,672,437.5434283682463,636.0143649193549,0.3033932933760698,0.43294894153225805,,,,,,
cicv5g,3,5,vehicle_count,0.9344262295081968,2.295711457458383,20181024_d10_0830_0900.csv,672,437.5434283682463,636.0143649193549,0.3033932933760698,0.43294894153225805,,,,,,
cicv5g,3,5,flow_proxy,0.9016393442622951,28511.65425870166,20181024_d10_0830_0900.csv,672,437.5434283682463,636.0143649193549,0.3033932933760698,0.43294894153225805,,,,,,
cicv5g,3,10,speed_mean_kmh,0.7377049180327869,8.411627562980343,20181024_d10_0830_0900.csv,672,437.5434283682463,636.0143649193549,0.3033932933760698,0.43294894153225805,,,,,,
cicv5g,3,10,vehicle_count,0.8688524590163934,2.735811847954661,20181024_d10_0830_0900.csv,672,437.5434283682463,636.0143649193549,0.3033932933760698,0.43294894153225805,,,,,,
cicv5g,3,10,flow_proxy,0.819672131147541,31119.383030393983,20181024_d10_0830_0900.csv,672,437.5434283682463,636.0143649193549,0.3033932933760698,0.43294894153225805,,,,,,
cicv5g,3,30,speed_mean_kmh,0.8524590163934426,9.525969293147279,20181024_d10_0830_0900.csv,672,437.5434283682463,636.0143649193549,0.3033932933760698,0.43294894153225805,,,,,,
cicv5g,3,30,vehicle_count,0.8688524590163934,3.2580587873687525,20181024_d10_0830_0900.csv,672,437.5434283682463,636.0143649193549,0.3033932933760698,0.43294894153225805,,,,,,
cicv5g,3,30,flow_proxy,0.8524590163934426,34103.70054532644,20181024_d10_0830_0900.csv,672,437.5434283682463,636.0143649193549,0.3033932933760698,0.43294894153225805,,,,,,
cicv5g,4,5,speed_mean_kmh,0.8852459016393442,7.471737456113148,20181024_d10_0830_0900.csv,673,432.688811037443,636.0143649193549,0.3006016741477333,0.43294894153225805,,,,,,
cicv5g,4,5,vehicle_count,0.9016393442622951,2.2470501395169507,20181024_d10_0830_0900.csv,673,432.688811037443,636.0143649193549,0.3006016741477333,0.43294894153225805,,,,,,
cicv5g,4,5,flow_proxy,0.9016393442622951,28077.507620774424,20181024_d10_0830_0900.csv,673,432.688811037443,636.0143649193549,0.3006016741477333,0.43294894153225805,,,,,,
cicv5g,4,10,speed_mean_kmh,0.7704918032786885,8.045307892451705,20181024_d10_0830_0900.csv,673,432.688811037443,636.0143649193549,0.3006016741477333,0.43294894153225805,,,,,,
cicv5g,4,10,vehicle_count,0.8688524590163934,2.6789844343885045,20181024_d10_0830_0900.csv,673,432.688811037443,636.0143649193549,0.3006016741477333,0.43294894153225805,,,,,,
cicv5g,4,10,flow_proxy,0.8032786885245902,30679.203444130337,20181024_d10_0830_0900.csv,673,432.688811037443,636.0143649193549,0.3006016741477333,0.43294894153225805,,,,,,
cicv5g,4,30,speed_mean_kmh,0.819672131147541,9.247965201486942,20181024_d10_0830_0900.csv,673,432.688811037443,636.0143649193549,0.3006016741477333,0.43294894153225805,,,,,,
cicv5g,4,30,vehicle_count,0.8360655737704918,3.209463811070738,20181024_d10_0830_0900.csv,673,432.688811037443,636.0143649193549,0.3006016741477333,0.43294894153225805,,,,,,
cicv5g,4,30,flow_proxy,0.7540983606557377,33792.992742191396,20181024_d10_0830_0900.csv,673,432.688811037443,636.0143649193549,0.3006016741477333,0.43294894153225805,,,,,,
cicv5g,5,5,speed_mean_kmh,0.8852459016393442,7.440681610020269,20181024_d10_0830_0900.csv,674,427.6108104432659,636.0143649193549,0.29766730100453664,0.43294894153225805,,,,,,
cicv5g,5,5,vehicle_count,0.9344262295081968,2.260051862409317,20181024_d10_0830_0900.csv,674,427.6108104432659,636.0143649193549,0.29766730100453664,0.43294894153225805,,,,,,
cicv5g,5,5,flow_proxy,0.9180327868852459,28165.065921741716,20181024_d10_0830_0900.csv,674,427.6108104432659,636.0143649193549,0.29766730100453664,0.43294894153225805,,,,,,
cicv5g,5,10,speed_mean_kmh,0.7049180327868853,7.998516385596778,20181024_d10_0830_0900.csv,674,427.6108104432659,636.0143649193549,0.29766730100453664,0.43294894153225805,,,,,,
cicv5g,5,10,vehicle_count,0.8360655737704918,2.68434927742115,20181024_d10_0830_0900.csv,674,427.6108104432659,636.0143649193549,0.29766730100453664,0.43294894153225805,,,,,,
cicv5g,5,10,flow_proxy,0.7540983606557377,30629.256196488124,20181024_d10_0830_0900.csv,674,427.6108104432659,636.0143649193549,0.29766730100453664,0.43294894153225805,,,,,,
cicv5g,5,30,speed_mean_kmh,0.819672131147541,9.21157083350869,20181024_d10_0830_0900.csv,674,427.6108104432659,636.0143649193549,0.29766730100453664,0.43294894153225805,,,,,,
cicv5g,5,30,vehicle_count,0.8852459016393442,3.2180296070882815,20181024_d10_0830_0900.csv,674,427.6108104432659,636.0143649193549,0.29766730100453664,0.43294894153225805,,,,,,
cicv5g,5,30,flow_proxy,0.8360655737704918,34071.75038971921,20181024_d10_0830_0900.csv,674,427.6108104432659,636.0143649193549,0.29766730100453664,0.43294894153225805,,,,,,
cicv5g,6,5,speed_mean_kmh,0.8524590163934426,8.30534187934062,20181024_d10_0830_0900.csv,675,421.3090033942815,630.7923753665689,0.2939171815302236,0.4235200100806451,,,,,,
cicv5g,6,5,vehicle_count,0.8852459016393442,2.2939407513647816,20181024_d10_0830_0900.csv,675,421.3090033942815,630.7923753665689,0.2939171815302236,0.4235200100806451,,,,,,
cicv5g,6,5,flow_proxy,0.8360655737704918,28796.288369507503,20181024_d10_0830_0900.csv,675,421.3090033942815,630.7923753665689,0.2939171815302236,0.4235200100806451,,,,,,
cicv5g,6,10,speed_mean_kmh,0.7049180327868853,8.771993315814964,20181024_d10_0830_0900.csv,675,421.3090033942815,630.7923753665689,0.2939171815302236,0.4235200100806451,,,,,,
cicv5g,6,10,vehicle_count,0.7704918032786885,2.714094915002662,20181024_d10_0830_0900.csv,675,421.3090033942815,630.7923753665689,0.2939171815302236,0.4235200100806451,,,,,,
cicv5g,6,10,flow_proxy,0.819672131147541,30961.4964364202,20181024_d10_0830_0900.csv,675,421.3090033942815,630.7923753665689,0.2939171815302236,0.4235200100806451,,,,,,
cicv5g,6,30,speed_mean_kmh,0.819672131147541,10.066303653414845,20181024_d10_0830_0900.csv,675,421.3090033942815,630.7923753665689,0.2939171815302236,0.4235200100806451,,,,,,
cicv5g,6,30,vehicle_count,0.9344262295081968,3.2371561284496364,20181024_d10_0830_0900.csv,675,421.3090033942815,630.7923753665689,0.2939171815302236,0.4235200100806451,,,,,,
cicv5g,6,30,flow_proxy,0.8360655737704918,34784.35259349545,20181024_d10_0830_0900.csv,675,421.3090033942815,630.7923753665689,0.2939171815302236,0.4235200100806451,,,,,,
cicv5g,7,5,speed_mean_kmh,0.8524590163934426,8.403270198390183,20181024_d10_0830_0900.csv,676,415.1848098458944,626.349853372434,0.2903124196254616,0.42220478830645164,,,,,,
cicv5g,7,5,vehicle_count,0.9180327868852459,2.3162941899553586,20181024_d10_0830_0900.csv,676,415.1848098458944,626.349853372434,0.2903124196254616,0.42220478830645164,,,,,,
cicv5g,7,5,flow_proxy,0.8688524590163934,29582.835856943053,20181024_d10_0830_0900.csv,676,415.1848098458944,626.349853372434,0.2903124196254616,0.42220478830645164,,,,,,
cicv5g,7,10,speed_mean_kmh,0.7377049180327869,8.91296152311841,20181024_d10_0830_0900.csv,676,415.1848098458944,626.349853372434,0.2903124196254616,0.42220478830645164,,,,,,
cicv5g,7,10,vehicle_count,0.7540983606557377,2.728521858045344,20181024_d10_0830_0900.csv,676,415.1848098458944,626.349853372434,0.2903124196254616,0.42220478830645164,,,,,,
cicv5g,7,10,flow_proxy,0.8360655737704918,31693.469182861492,20181024_d10_0830_0900.csv,676,415.1848098458944,626.349853372434,0.2903124196254616,0.42220478830645164,,,,,,
cicv5g,7,30,speed_mean_kmh,0.8852459016393442,10.192804357140762,20181024_d10_0830_0900.csv,676,415.1848098458944,626.349853372434,0.2903124196254616,0.42220478830645164,,,,,,
cicv5g,7,30,vehicle_count,0.9016393442622951,3.2338957457549578,20181024_d10_0830_0900.csv,676,415.1848098458944,626.349853372434,0.2903124196254616,0.42220478830645164,,,,,,
cicv5g,7,30,flow_proxy,0.8524590163934426,34871.675708841874,20181024_d10_0830_0900.csv,676,415.1848098458944,626.349853372434,0.2903124196254616,0.42220478830645164,,,,,,
cicv5g,8,5,speed_mean_kmh,0.7868852459016393,8.418739575956293,20181024_d10_0830_0900.csv,677,409.69683636104594,626.349853372434,0.28716543414566365,0.41984897360703816,,,,,,
cicv5g,8,5,vehicle_count,0.8524590163934426,2.3001454688192684,20181024_d10_0830_0900.csv,677,409.69683636104594,626.349853372434,0.28716543414566365,0.41984897360703816,,,,,,
cicv5g,8,5,flow_proxy,0.8688524590163934,29824.210598127873,20181024_d10_0830_0900.csv,677,409.69683636104594,626.349853372434,0.28716543414566365,0.41984897360703816,,,,,,
cicv5g,8,10,speed_mean_kmh,0.819672131147541,8.997579931991632,20181024_d10_0830_0900.csv,677,409.69683636104594,626.349853372434,0.28716543414566365,0.41984897360703816,,,,,,
cicv5g,8,10,vehicle_count,0.7540983606557377,2.710346301686001,20181024_d10_0830_0900.csv,677,409.69683636104594,626.349853372434,0.28716543414566365,0.41984897360703816,,,,,,
cicv5g,8,10,flow_proxy,0.8032786885245902,32260.547332594484,20181024_d10_0830_0900.csv,677,409.69683636104594,626.349853372434,0.28716543414566365,0.41984897360703816,,,,,,
cicv5g,8,30,speed_mean_kmh,0.8852459016393442,10.294551265867534,20181024_d10_0830_0900.csv,677,409.69683636104594,626.349853372434,0.28716543414566365,0.41984897360703816,,,,,,
cicv5g,8,30,vehicle_count,0.8852459016393442,3.213442626185589,20181024_d10_0830_0900.csv,677,409.69683636104594,626.349853372434,0.28716543414566365,0.41984897360703816,,,,,,
cicv5g,8,30,flow_proxy,0.8852459016393442,34929.171508124185,20181024_d10_0830_0900.csv,677,409.69683636104594,626.349853372434,0.28716543414566365,0.41984897360703816,,,,,,
cicv5g,9,5,speed_mean_kmh,0.7540983606557377,8.14868459890111,20181024_d10_0830_0900.csv,678,404.1702066567449,622.300606060606,0.2840549334736206,0.4185930303030303,,,,,,
cicv5g,9,5,vehicle_count,0.819672131147541,2.318510927358385,20181024_d10_0830_0900.csv,678,404.1702066567449,622.300606060606,0.2840549334736206,0.4185930303030303,,,,,,
cicv5g,9,5,flow_proxy,0.8524590163934426,29940.954713388353,20181024_d10_0830_0900.csv,678,404.1702066567449,622.300606060606,0.2840549334736206,0.4185930303030303,,,,,,
cicv5g,9,10,speed_mean_kmh,0.7868852459016393,8.864121019918219,20181024_d10_0830_0900.csv,678,404.1702066567449,622.300606060606,0.2840549334736206,0.4185930303030303,,,,,,
cicv5g,9,10,vehicle_count,0.7540983606557377,2.729552756534338,20181024_d10_0830_0900.csv,678,404.1702066567449,622.300606060606,0.2840549334736206,0.4185930303030303,,,,,,
cicv5g,9,10,flow_proxy,0.7377049180327869,32293.72021687636,20181024_d10_0830_0900.csv,678,404.1702066567449,622.300606060606,0.2840549334736206,0.4185930303030303,,,,,,
cicv5g,9,30,speed_mean_kmh,0.9016393442622951,10.19437657768559,20181024_d10_0830_0900.csv,678,404.1702066567449,622.300606060606,0.2840549334736206,0.4185930303030303,,,,,,
cicv5g,9,30,vehicle_count,0.9672131147540983,3.1911788515763995,20181024_d10_0830_0900.csv,678,404.1702066567449,622.300606060606,0.2840549334736206,0.4185930303030303,,,,,,
cicv5g,9,30,flow_proxy,0.8688524590163934,34689.91504934074,20181024_d10_0830_0900.csv,678,404.1702066567449,622.300606060606,0.2840549334736206,0.4185930303030303,,,,,,
cicv5g,10,5,speed_mean_kmh,0.7377049180327869,8.03853781846689,20181024_d10_0830_0900.csv,679,398.9738524900782,622.300606060606,0.2811669126402873,0.4185930303030303,,,,,,
cicv5g,10,5,vehicle_count,0.7704918032786885,2.3269216023415225,20181024_d10_0830_0900.csv,679,398.9738524900782,622.300606060606,0.2811669126402873,0.4185930303030303,,,,,,
cicv5g,10,5,flow_proxy,0.819672131147541,29745.842046003367,20181024_d10_0830_0900.csv,679,398.9738524900782,622.300606060606,0.2811669126402873,0.4185930303030303,,,,,,
cicv5g,10,10,speed_mean_kmh,0.7377049180327869,8.769737541873786,20181024_d10_0830_0900.csv,679,398.9738524900782,622.300606060606,0.2811669126402873,0.4185930303030303,,,,,,
cicv5g,10,10,vehicle_count,0.7704918032786885,2.750390585919111,20181024_d10_0830_0900.csv,679,398.9738524900782,622.300606060606,0.2811669126402873,0.4185930303030303,,,,,,
cicv5g,10,10,flow_proxy,0.7704918032786885,32162.62050211801,20181024_d10_0830_0900.csv,679,398.9738524900782,622.300606060606,0.2811669126402873,0.4185930303030303,,,,,,
cicv5g,10,30,speed_mean_kmh,0.9016393442622951,10.150373670286937,20181024_d10_0830_0900.csv,679,398.9738524900782,622.300606060606,0.2811669126402873,0.4185930303030303,,,,,,
cicv5g,10,30,vehicle_count,0.9180327868852459,3.2234434387636837,20181024_d10_0830_0900.csv,679,398.9738524900782,622.300606060606,0.2811669126402873,0.4185930303030303,,,,,,
cicv5g,10,30,flow_proxy,0.8688524590163934,34790.94699792973,20181024_d10_0830_0900.csv,679,398.9738524900782,622.300606060606,0.2811669126402873,0.4185930303030303,,,,,,
cicv5g,11,5,speed_mean_kmh,0.7868852459016393,8.221074516957549,20181024_d10_0830_0900.csv,680,393.51478438971975,612.5818181818181,0.27820210977290377,0.4147181818181818,,,,,,
cicv5g,11,5,vehicle_count,0.7704918032786885,2.313953820826884,20181024_d10_0830_0900.csv,680,393.51478438971975,612.5818181818181,0.27820210977290377,0.4147181818181818,,,,,,
cicv5g,11,5,flow_proxy,0.8524590163934426,30054.707986953505,20181024_d10_0830_0900.csv,680,393.51478438971975,612.5818181818181,0.27820210977290377,0.4147181818181818,,,,,,
cicv5g,11,10,speed_mean_kmh,0.7540983606557377,8.958955045038767,20181024_d10_0830_0900.csv,680,393.51478438971975,612.5818181818181,0.27820210977290377,0.4147181818181818,,,,,,
cicv5g,11,10,vehicle_count,0.7540983606557377,2.7326022613147205,20181024_d10_0830_0900.csv,680,393.51478438971975,612.5818181818181,0.27820210977290377,0.4147181818181818,,,,,,
cicv5g,11,10,flow_proxy,0.7868852459016393,32580.36533751782,20181024_d10_0830_0900.csv,680,393.51478438971975,612.5818181818181,0.27820210977290377,0.4147181818181818,,,,,,
cicv5g,11,30,speed_mean_kmh,0.8852459016393442,10.296245664370831,20181024_d10_0830_0900.csv,680,393.51478438971975,612.5818181818181,0.27820210977290377,0.4147181818181818,,,,,,
cicv5g,11,30,vehicle_count,0.9016393442622951,3.223159692220762,20181024_d10_0830_0900.csv,680,393.51478438971975,612.5818181818181,0.27820210977290377,0.4147181818181818,,,,,,
cicv5g,11,30,flow_proxy,0.9016393442622951,34680.262675237595,20181024_d10_0830_0900.csv,680,393.51478438971975,612.5818181818181,0.27820210977290377,0.4147181818181818,,,,,,
cicv5g,12,5,speed_mean_kmh,0.8360655737704918,7.8980158731599035,20181024_d10_0830_0900.csv,681,387.527410652346,579.6224431818181,0.2749435239143179,0.3744196022727272,,,,,,
cicv5g,12,5,vehicle_count,0.7704918032786885,2.3628550736975478,20181024_d10_0830_0900.csv,681,387.527410652346,579.6224431818181,0.2749435239143179,0.3744196022727272,,,,,,
cicv5g,12,5,flow_proxy,0.8688524590163934,30337.303455178702,20181024_d10_0830_0900.csv,681,387.527410652346,579.6224431818181,0.2749435239143179,0.3744196022727272,,,,,,
cicv5g,12,10,speed_mean_kmh,0.7213114754098361,8.66882566179052,20181024_d10_0830_0900.csv,681,387.527410652346,579.6224431818181,0.2749435239143179,0.3744196022727272,,,,,,
cicv5g,12,10,vehicle_count,0.819672131147541,2.7941383574935976,20181024_d10_0830_0900.csv,681,387.527410652346,579.6224431818181,0.2749435239143179,0.3744196022727272,,,,,,
cicv5g,12,10,flow_proxy,0.8032786885245902,32744.804405583454,20181024_d10_0830_0900.csv,681,387.527410652346,579.6224431818181,0.2749435239143179,0.3744196022727272,,,,,,
cicv5g,12,30,speed_mean_kmh,0.819672131147541,10.103694767469685,20181024_d10_0830_0900.csv,681,387.527410652346,579.6224431818181,0.2749435239143179,0.3744196022727272,,,,,,
cicv5g,12,30,vehicle_count,0.8852459016393442,3.2649685985166257,20181024_d10_0830_0900.csv,681,387.527410652346,579.6224431818181,0.2749435239143179,0.3744196022727272,,,,,,
cicv5g,12,30,flow_proxy,0.8524590163934426,35052.0809375559,20181024_d10_0830_0900.csv,681,387.527410652346,579.6224431818181,0.2749435239143179,0.3744196022727272,,,,,,
cicv5g,13,5,speed_mean_kmh,0.819672131147541,7.929124640395603,20181024_d10_0830_0900.csv,682,381.3034523190127,569.2252083333333,0.2714747739143179,0.3652389583333333,,,,,,
cicv5g,13,5,vehicle_count,0.8524590163934426,2.356370589697784,20181024_d10_0830_0900.csv,682,381.3034523190127,569.2252083333333,0.2714747739143179,0.3652389583333333,,,,,,
cicv5g,13,5,flow_proxy,0.8524590163934426,30800.69932472288,20181024_d10_0830_0900.csv,682,381.3034523190127,569.2252083333333,0.2714747739143179,0.3652389583333333,,,,,,
cicv5g,13,10,speed_mean_kmh,0.8032786885245902,8.74505440841086,20181024_d10_0830_0900.csv,682,381.3034523190127,569.2252083333333,0.2714747739143179,0.3652389583333333,,,,,,
cicv5g,13,10,vehicle_count,0.8360655737704918,2.770540497956745,20181024_d10_0830_0900.csv,682,381.3034523190127,569.2252083333333,0.2714747739143179,0.3652389583333333,,,,,,
cicv5g,13,10,flow_proxy,0.7868852459016393,33156.635230567845,20181024_d10_0830_0900.csv,682,381.3034523190127,569.2252083333333,0.2714747739143179,0.3652389583333333,,,,,,
cicv5g,13,30,speed_mean_kmh,0.7868852459016393,10.160561080290686,20181024_d10_0830_0900.csv,682,381.3034523190127,569.2252083333333,0.2714747739143179,0.3652389583333333,,,,,,
cicv5g,13,30,vehicle_count,0.8688524590163934,3.273897704117122,20181024_d10_0830_0900.csv,682,381.3034523190127,569.2252083333333,0.2714747739143179,0.3652389583333333,,,,,,
cicv5g,13,30,flow_proxy,0.8360655737704918,35203.11417012441,20181024_d10_0830_0900.csv,682,381.3034523190127,569.2252083333333,0.2714747739143179,0.3652389583333333,,,,,,
cicv5g,14,5,speed_mean_kmh,0.8524590163934426,7.930854443312562,20181024_d10_0830_0900.csv,683,375.58981595537637,553.7883333333333,0.2682328547223987,0.35291476190476184,,,,,,
cicv5g,14,5,vehicle_count,0.8852459016393442,2.3732522078231626,20181024_d10_0830_0900.csv,683,375.58981595537637,553.7883333333333,0.2682328547223987,0.35291476190476184,,,,,,
cicv5g,14,5,flow_proxy,0.8524590163934426,31153.7689260864,20181024_d10_0830_0900.csv,683,375.58981595537637,553.7883333333333,0.2682328547223987,0.35291476190476184,,,,,,
cicv5g,14,10,speed_mean_kmh,0.7704918032786885,8.768092420422652,20181024_d10_0830_0900.csv,683,375.58981595537637,553.7883333333333,0.2682328547223987,0.35291476190476184,,,,,,
cicv5g,14,10,vehicle_count,0.8688524590163934,2.7785577398239094,20181024_d10_0830_0900.csv,683,375.58981595537637,553.7883333333333,0.2682328547223987,0.35291476190476184,,,,,,
cicv5g,14,10,flow_proxy,0.7540983606557377,33392.10582934648,20181024_d10_0830_0900.csv,683,375.58981595537637,553.7883333333333,0.2682328547223987,0.35291476190476184,,,,,,
cicv5g,14,30,speed_mean_kmh,0.7868852459016393,10.182513229661717,20181024_d10_0830_0900.csv,683,375.58981595537637,553.7883333333333,0.2682328547223987,0.35291476190476184,,,,,,
cicv5g,14,30,vehicle_count,0.8852459016393442,3.273863814153739,20181024_d10_0830_0900.csv,683,375.58981595537637,553.7883333333333,0.2682328547223987,0.35291476190476184,,,,,,
cicv5g,14,30,flow_proxy,0.819672131147541,35277.608687928914,20181024_d10_0830_0900.csv,683,375.58981595537637,553.7883333333333,0.2682328547223987,0.35291476190476184,,,,,,
cicv5g,15,5,speed_mean_kmh,0.819672131147541,8.010122877054416,20181024_d10_0830_0900.csv,684,369.3368019442978,538.0514705882352,0.26459870679147657,0.3515076190476191,,,,,,
cicv5g,15,5,vehicle_count,0.819672131147541,2.3622914907385733,20181024_d10_0830_0900.csv,684,369.3368019442978,538.0514705882352,0.26459870679147657,0.3515076190476191,,,,,,
cicv5g,15,5,flow_proxy,0.8524590163934426,30906.22957807295,20181024_d10_0830_0900.csv,684,369.3368019442978,538.0514705882352,0.26459870679147657,0.3515076190476191,,,,,,
cicv5g,15,10,speed_mean_kmh,0.7213114754098361,8.816884268466387,20181024_d10_0830_0900.csv,684,369.3368019442978,538.0514705882352,0.26459870679147657,0.3515076190476191,,,,,,
cicv5g,15,10,vehicle_count,0.8360655737704918,2.7877639291955165,20181024_d10_0830_0900.csv,684,369.3368019442978,538.0514705882352,0.26459870679147657,0.3515076190476191,,,,,,
cicv5g,15,10,flow_proxy,0.7540983606557377,33486.57813765126,20181024_d10_0830_0900.csv,684,369.3368019442978,538.0514705882352,0.26459870679147657,0.3515076190476191,,,,,,
cicv5g,15,30,speed_mean_kmh,0.7704918032786885,9.998096303137864,20181024_d10_0830_0900.csv,684,369.3368019442978,538.0514705882352,0.26459870679147657,0.3515076190476191,,,,,,
cicv5g,15,30,vehicle_count,0.8524590163934426,3.313031130492423,20181024_d10_0830_0900.csv,684,369.3368019442978,538.0514705882352,0.26459870679147657,0.3515076190476191,,,,,,
cicv5g,15,30,flow_proxy,0.8032786885245902,35522.97109048725,20181024_d10_0830_0900.csv,684,369.3368019442978,538.0514705882352,0.26459870679147657,0.3515076190476191,,,,,,
cicv5g,16,5,speed_mean_kmh,0.819672131147541,8.130461109814497,20181024_d10_0830_0900.csv,685,364.46609487359075,535.4101102941177,0.26238335325612305,0.34855974025974024,,,,,,
cicv5g,16,5,vehicle_count,0.9180327868852459,2.3658200216548306,20181024_d10_0830_0900.csv,685,364.46609487359075,535.4101102941177,0.26238335325612305,0.34855974025974024,,,,,,
cicv5g,16,5,flow_proxy,0.8852459016393442,31471.698790064704,20181024_d10_0830_0900.csv,685,364.46609487359075,535.4101102941177,0.26238335325612305,0.34855974025974024,,,,,,
cicv5g,16,10,speed_mean_kmh,0.7704918032786885,8.87048867828173,20181024_d10_0830_0900.csv,685,364.46609487359075,535.4101102941177,0.26238335325612305,0.34855974025974024,,,,,,
cicv5g,16,10,vehicle_count,0.8360655737704918,2.788024946642912,20181024_d10_0830_0900.csv,685,364.46609487359075,535.4101102941177,0.26238335325612305,0.34855974025974024,,,,,,
cicv5g,16,10,flow_proxy,0.7377049180327869,34092.18920526211,20181024_d10_0830_0900.csv,685,364.46609487359075,535.4101102941177,0.26238335325612305,0.34855974025974024,,,,,,
cicv5g,16,30,speed_mean_kmh,0.7377049180327869,10.006939949258934,20181024_d10_0830_0900.csv,685,364.46609487359075,535.4101102941177,0.26238335325612305,0.34855974025974024,,,,,,
cicv5g,16,30,vehicle_count,0.8524590163934426,3.3421276751489994,20181024_d10_0830_0900.csv,685,364.46609487359075,535.4101102941177,0.26238335325612305,0.34855974025974024,,,,,,
cicv5g,16,30,flow_proxy,0.819672131147541,36146.0789849691,20181024_d10_0830_0900.csv,685,364.46609487359075,535.4101102941177,0.26238335325612305,0.34855974025974024,,,,,,
cicv5g,17,5,speed_mean_kmh,0.7704918032786885,8.139580132992458,20181024_d10_0830_0900.csv,686,360.35569500799926,535.4101102941177,0.26061599774537036,0.34855974025974024,,,,,,
cicv5g,17,5,vehicle_count,0.9344262295081968,2.3819734201780167,20181024_d10_0830_0900.csv,686,360.35569500799926,535.4101102941177,0.26061599774537036,0.34855974025974024,,,,,,
cicv5g,17,5,flow_proxy,0.8360655737704918,31669.58001962787,20181024_d10_0830_0900.csv,686,360.35569500799926,535.4101102941177,0.26061599774537036,0.34855974025974024,,,,,,
cicv5g,17,10,speed_mean_kmh,0.7704918032786885,8.967775091854216,20181024_d10_0830_0900.csv,686,360.35569500799926,535.4101102941177,0.26061599774537036,0.34855974025974024,,,,,,
cicv5g,17,10,vehicle_count,0.819672131147541,2.8176277789031663,20181024_d10_0830_0900.csv,686,360.35569500799926,535.4101102941177,0.26061599774537036,0.34855974025974024,,,,,,
cicv5g,17,10,flow_proxy,0.7377049180327869,34424.57555202897,20181024_d10_0830_0900.csv,686,360.35569500799926,535.4101102941177,0.26061599774537036,0.34855974025974024,,,,,,
cicv5g,17,30,speed_mean_kmh,0.7377049180327869,10.120697347080052,20181024_d10_0830_0900.csv,686,360.35569500799926,535.4101102941177,0.26061599774537036,0.34855974025974024,,,,,,
cicv5g,17,30,vehicle_count,0.8688524590163934,3.344770976281053,20181024_d10_0830_0900.csv,686,360.35569500799926,535.4101102941177,0.26061599774537036,0.34855974025974024,,,,,,
cicv5g,17,30,flow_proxy,0.819672131147541,36557.150796542584,20181024_d10_0830_0900.csv,686,360.35569500799926,535.4101102941177,0.26061599774537036,0.34855974025974024,,,,,,
cicv5g,18,5,speed_mean_kmh,0.7868852459016393,8.278529085840205,20181024_d10_0830_0900.csv,687,355.2187158413327,533.3670955882353,0.258990476912037,0.34855974025974024,,,,,,
cicv5g,18,5,vehicle_count,0.8524590163934426,2.3796546806690717,20181024_d10_0830_0900.csv,687,355.2187158413327,533.3670955882353,0.258990476912037,0.34855974025974024,,,,,,
cicv5g,18,5,flow_proxy,0.8032786885245902,31562.682183112694,20181024_d10_0830_0900.csv,687,355.2187158413327,533.3670955882353,0.258990476912037,0.34855974025974024,,,,,,
cicv5g,18,10,speed_mean_kmh,0.8688524590163934,9.055632900927808,20181024_d10_0830_0900.csv,687,355.2187158413327,533.3670955882353,0.258990476912037,0.34855974025974024,,,,,,
cicv5g,18,10,vehicle_count,0.8688524590163934,2.804946783969398,20181024_d10_0830_0900.csv,687,355.2187158413327,533.3670955882353,0.258990476912037,0.34855974025974024,,,,,,
cicv5g,18,10,flow_proxy,0.8032786885245902,34161.018627676225,20181024_d10_0830_0900.csv,687,355.2187158413327,533.3670955882353,0.258990476912037,0.34855974025974024,,,,,,
cicv5g,18,30,speed_mean_kmh,0.6885245901639344,10.217761078346603,20181024_d10_0830_0900.csv,687,355.2187158413327,533.3670955882353,0.258990476912037,0.34855974025974024,,,,,,
cicv5g,18,30,vehicle_count,0.8688524590163934,3.3537632687934793,20181024_d10_0830_0900.csv,687,355.2187158413327,533.3670955882353,0.258990476912037,0.34855974025974024,,,,,,
cicv5g,18,30,flow_proxy,0.819672131147541,37242.836596234774,20181024_d10_0830_0900.csv,687,355.2187158413327,533.3670955882353,0.258990476912037,0.34855974025974024,,,,,,
cicv5g,19,5,speed_mean_kmh,0.7704918032786885,8.22035599283797,20181024_d10_0830_0900.csv,688,351.15874852107123,520.8359625668448,0.2581101174349129,0.34855974025974024,,,,,,
cicv5g,19,5,vehicle_count,0.8524590163934426,2.336892475950915,20181024_d10_0830_0900.csv,688,351.15874852107123,520.8359625668448,0.2581101174349129,0.34855974025974024,,,,,,
cicv5g,19,5,flow_proxy,0.8032786885245902,31073.642708739466,20181024_d10_0830_0900.csv,688,351.15874852107123,520.8359625668448,0.2581101174349129,0.34855974025974024,,,,,,
cicv5g,19,10,speed_mean_kmh,0.8360655737704918,9.08459051999267,20181024_d10_0830_0900.csv,688,351.15874852107123,520.8359625668448,0.2581101174349129,0.34855974025974024,,,,,,
cicv5g,19,10,vehicle_count,0.9016393442622951,2.7553490143727806,20181024_d10_0830_0900.csv,688,351.15874852107123,520.8359625668448,0.2581101174349129,0.34855974025974024,,,,,,
cicv5g,19,10,flow_proxy,0.7704918032786885,33629.45088604913,20181024_d10_0830_0900.csv,688,351.15874852107123,520.8359625668448,0.2581101174349129,0.34855974025974024,,,,,,
cicv5g,19,30,speed_mean_kmh,0.7049180327868853,10.364279860334426,20181024_d10_0830_0900.csv,688,351.15874852107123,520.8359625668448,0.2581101174349129,0.34855974025974024,,,,,,
cicv5g,19,30,vehicle_count,0.8524590163934426,3.3051712046567086,20181024_d10_0830_0900.csv,688,351.15874852107123,520.8359625668448,0.2581101174349129,0.34855974025974024,,,,,,
cicv5g,19,30,flow_proxy,0.8360655737704918,37022.24952965035,20181024_d10_0830_0900.csv,688,351.15874852107123,520.8359625668448,0.2581101174349129,0.34855974025974024,,,,,,
cicv5g,20,5,speed_mean_kmh,0.7377049180327869,8.64198705416292,20181024_d10_0830_0900.csv,689,346.88711453414305,518.2487967914439,0.2569679278924292,0.34855974025974024,,,,,,
cicv5g,20,5,vehicle_count,0.8524590163934426,2.36148338379048,20181024_d10_0830_0900.csv,689,346.88711453414305,518.2487967914439,0.2569679278924292,0.34855974025974024,,,,,,
cicv5g,20,5,flow_proxy,0.7868852459016393,31561.993614068557,20181024_d10_0830_0900.csv,689,346.88711453414305,518.2487967914439,0.2569679278924292,0.34855974025974024,,,,,,
cicv5g,20,10,speed_mean_kmh,0.7868852459016393,9.539694138687508,20181024_d10_0830_0900.csv,689,346.88711453414305,518.2487967914439,0.2569679278924292,0.34855974025974024,,,,,,
cicv5g,20,10,vehicle_count,0.7868852459016393,2.8060438237176952,20181024_d10_0830_0900.csv,689,346.88711453414305,518.2487967914439,0.2569679278924292,0.34855974025974024,,,,,,
cicv5g,20,10,flow_proxy,0.7868852459016393,34410.40615757498,20181024_d10_0830_0900.csv,689,346.88711453414305,518.2487967914439,0.2569679278924292,0.34855974025974024,,,,,,
cicv5g,20,30,speed_mean_kmh,0.7868852459016393,10.85570846744929,20181024_d10_0830_0900.csv,689,346.88711453414305,518.2487967914439,0.2569679278924292,0.34855974025974024,,,,,,
cicv5g,20,30,vehicle_count,0.8852459016393442,3.3669529018893223,20181024_d10_0830_0900.csv,689,346.88711453414305,518.2487967914439,0.2569679278924292,0.34855974025974024,,,,,,
cicv5g,20,30,flow_proxy,0.8852459016393442,37999.034806736854,20181024_d10_0830_0900.csv,689,346.88711453414305,518.2487967914439,0.2569679278924292,0.34855974025974024,,,,,,
cicv5g,21,5,speed_mean_kmh,0.7540983606557377,9.149163599024876,20181024_d10_0830_0900.csv,690,342.4933496531907,518.2487967914439,0.2555832850352864,0.34855974025974024,,,,,,
cicv5g,21,5,vehicle_count,0.7704918032786885,2.4325911198699863,20181024_d10_0830_0900.csv,690,342.4933496531907,518.2487967914439,0.2555832850352864,0.34855974025974024,,,,,,
cicv5g,21,5,flow_proxy,0.7868852459016393,32736.591937528658,20181024_d10_0830_0900.csv,690,342.4933496531907,518.2487967914439,0.2555832850352864,0.34855974025974024,,,,,,
cicv5g,21,10,speed_mean_kmh,0.8852459016393442,9.945434245345393,20181024_d10_0830_0900.csv,690,342.4933496531907,518.2487967914439,0.2555832850352864,0.34855974025974024,,,,,,
cicv5g,21,10,vehicle_count,0.8360655737704918,2.8700108863745486,20181024_d10_0830_0900.csv,690,342.4933496531907,518.2487967914439,0.2555832850352864,0.34855974025974024,,,,,,
cicv5g,21,10,flow_proxy,0.7868852459016393,35589.80107565472,20181024_d10_0830_0900.csv,690,342.4933496531907,518.2487967914439,0.2555832850352864,0.34855974025974024,,,,,,
cicv5g,21,30,speed_mean_kmh,0.7540983606557377,11.091787675311258,20181024_d10_0830_0900.csv,690,342.4933496531907,518.2487967914439,0.2555832850352864,0.34855974025974024,,,,,,
cicv5g,21,30,vehicle_count,0.8688524590163934,3.4250631982869106,20181024_d10_0830_0900.csv,690,342.4933496531907,518.2487967914439,0.2555832850352864,0.34855974025974024,,,,,,
cicv5g,21,30,flow_proxy,0.819672131147541,38969.787564530816,20181024_d10_0830_0900.csv,690,342.4933496531907,518.2487967914439,0.2555832850352864,0.34855974025974024,,,,,,
cicv5g,22,5,speed_mean_kmh,0.7868852459016393,8.986470447038288,20181024_d10_0830_0900.csv,691,337.8414195061319,514.281948051948,0.2539879112607765,0.34855974025974024,,,,,,
cicv5g,22,5,vehicle_count,0.7868852459016393,2.4246187007652997,20181024_d10_0830_0900.csv,691,337.8414195061319,514.281948051948,0.2539879112607765,0.34855974025974024,,,,,,
cicv5g,22,5,flow_proxy,0.7377049180327869,32771.814874639225,20181024_d10_0830_0900.csv,691,337.8414195061319,514.281948051948,0.2539879112607765,0.34855974025974024,,,,,,
cicv5g,22,10,speed_mean_kmh,0.8852459016393442,9.723848723415866,20181024_d10_0830_0900.csv,691,337.8414195061319,514.281948051948,0.2539879112607765,0.34855974025974024,,,,,,
cicv5g,22,10,vehicle_count,0.9016393442622951,2.85718405926474,20181024_d10_0830_0900.csv,691,337.8414195061319,514.281948051948,0.2539879112607765,0.34855974025974024,,,,,,
cicv5g,22,10,flow_proxy,0.8524590163934426,35492.222536042485,20181024_d10_0830_0900.csv,691,337.8414195061319,514.281948051948,0.2539879112607765,0.34855974025974024,,,,,,
cicv5g,22,30,speed_mean_kmh,0.7704918032786885,10.675942434360994,20181024_d10_0830_0900.csv,691,337.8414195061319,514.281948051948,0.2539879112607765,0.34855974025974024,,,,,,
cicv5g,22,30,vehicle_count,0.7868852459016393,3.431618980800296,20181024_d10_0830_0900.csv,691,337.8414195061319,514.281948051948,0.2539879112607765,0.34855974025974024,,,,,,
cicv5g,22,30,flow_proxy,0.8032786885245902,38478.4215127504,20181024_d10_0830_0900.csv,691,337.8414195061319,514.281948051948,0.2539879112607765,0.34855974025974024,,,,,,
cicv5g,23,5,speed_mean_kmh,0.8688524590163934,8.737811325458834,20181024_d10_0830_0900.csv,692,333.2706415175171,514.281948051948,0.252412768945786,0.34855974025974024,,,,,,
cicv5g,23,5,vehicle_count,0.8032786885245902,2.3933285551610353,20181024_d10_0830_0900.csv,692,333.2706415175171,514.281948051948,0.252412768945786,0.34855974025974024,,,,,,
cicv5g,23,5,flow_proxy,0.8360655737704918,32348.96563462539,20181024_d10_0830_0900.csv,692,333.2706415175171,514.281948051948,0.252412768945786,0.34855974025974024,,,,,,
cicv5g,23,10,speed_mean_kmh,0.8524590163934426,9.525045281592623,20181024_d10_0830_0900.csv,692,333.2706415175171,514.281948051948,0.252412768945786,0.34855974025974024,,,,,,
cicv5g,23,10,vehicle_count,0.9344262295081968,2.8329227358343116,20181024_d10_0830_0900.csv,692,333.2706415175171,514.281948051948,0.252412768945786,0.34855974025974024,,,,,,
cicv5g,23,10,flow_proxy,0.8360655737704918,35291.11315713529,20181024_d10_0830_0900.csv,692,333.2706415175171,514.281948051948,0.252412768945786,0.34855974025974024,,,,,,
cicv5g,23,30,speed_mean_kmh,0.7377049180327869,10.452007829585295,20181024_d10_0830_0900.csv,692,333.2706415175171,514.281948051948,0.252412768945786,0.34855974025974024,,,,,,
cicv5g,23,30,vehicle_count,0.8032786885245902,3.3964557240199547,20181024_d10_0830_0900.csv,692,333.2706415175171,514.281948051948,0.252412768945786,0.34855974025974024,,,,,,
cicv5g,23,30,flow_proxy,0.7540983606557377,38329.551542615976,20181024_d10_0830_0900.csv,692,333.2706415175171,514.281948051948,0.252412768945786,0.34855974025974024,,,,,,
cicv5g,24,5,speed_mean_kmh,0.8524590163934426,8.702204141068615,20181024_d10_0830_0900.csv,693,329.35101786160317,514.281948051948,0.25143517565040335,0.34855974025974024,,,,,,
cicv5g,24,5,vehicle_count,0.8852459016393442,2.4049972214126414,20181024_d10_0830_0900.csv,693,329.35101786160317,514.281948051948,0.25143517565040335,0.34855974025974024,,,,,,
cicv5g,24,5,flow_proxy,0.8032786885245902,32612.26250040801,20181024_d10_0830_0900.csv,693,329.35101786160317,514.281948051948,0.25143517565040335,0.34855974025974024,,,,,,
cicv5g,24,10,speed_mean_kmh,0.7540983606557377,9.499594775193156,20181024_d10_0830_0900.csv,693,329.35101786160317,514.281948051948,0.25143517565040335,0.34855974025974024,,,,,,
cicv5g,24,10,vehicle_count,0.8688524590163934,2.832707208217567,20181024_d10_0830_0900.csv,693,329.35101786160317,514.281948051948,0.25143517565040335,0.34855974025974024,,,,,,
cicv5g,24,10,flow_proxy,0.7868852459016393,35516.782677521165,20181024_d10_0830_0900.csv,693,329.35101786160317,514.281948051948,0.25143517565040335,0.34855974025974024,,,,,,
cicv5g,24,30,speed_mean_kmh,0.7868852459016393,10.562986417352345,20181024_d10_0830_0900.csv,693,329.35101786160317,514.281948051948,0.25143517565040335,0.34855974025974024,,,,,,
cicv5g,24,30,vehicle_count,0.819672131147541,3.421130053612075,20181024_d10_0830_0900.csv,693,329.35101786160317,514.281948051948,0.25143517565040335,0.34855974025974024,,,,,,
cicv5g,24,30,flow_proxy,0.8032786885245902,38825.16635796029,20181024_d10_0830_0900.csv,693,329.35101786160317,514.281948051948,0.25143517565040335,0.34855974025974024,,,,,,
cicv5g,25,5,speed_mean_kmh,0.7868852459016393,8.957901548251048,20181024_d10_0830_0900.csv,694,325.36790774255553,514.281948051948,0.25047996731707006,0.34855974025974024,,,,,,
cicv5g,25,5,vehicle_count,0.7868852459016393,2.4588411488542805,20181024_d10_0830_0900.csv,694,325.36790774255553,514.281948051948,0.25047996731707006,0.34855974025974024,,,,,,
cicv5g,25,5,flow_proxy,0.7540983606557377,33744.53701341669,20181024_d10_0830_0900.csv,694,325.36790774255553,514.281948051948,0.25047996731707006,0.34855974025974024,,,,,,
cicv5g,25,10,speed_mean_kmh,0.8360655737704918,9.754508012799658,20181024_d10_0830_0900.csv,694,325.36790774255553,514.281948051948,0.25047996731707006,0.34855974025974024,,,,,,
cicv5g,25,10,vehicle_count,0.9344262295081968,2.8871004531148627,20181024_d10_0830_0900.csv,694,325.36790774255553,514.281948051948,0.25047996731707006,0.34855974025974024,,,,,,
cicv5g,25,10,flow_proxy,0.8360655737704918,36369.57854055973,20181024_d10_0830_0900.csv,694,325.36790774255553,514.281948051948,0.25047996731707006,0.34855974025974024,,,,,,
cicv5g,25,30,speed_mean_kmh,0.8032786885245902,10.779734310748976,20181024_d10_0830_0900.csv,694,325.36790774255553,514.281948051948,0.25047996731707006,0.34855974025974024,,,,,,
cicv5g,25,30,vehicle_count,0.819672131147541,3.4378998231252704,20181024_d10_0830_0900.csv,694,325.36790774255553,514.281948051948,0.25047996731707006,0.34855974025974024,,,,,,
cicv5g,25,30,flow_proxy,0.8688524590163934,39039.224095630794,20181024_d10_0830_0900.csv,694,325.36790774255553,514.281948051948,0.25047996731707006,0.34855974025974024,,,,,,
cicv5g,26,5,speed_mean_kmh,0.8360655737704918,9.325049174723297,20181024_d10_0830_0900.csv,695,321.1297259243737,514.281948051948,0.2492239500010527,0.34855974025974024,,,,,,
cicv5g,26,5,vehicle_count,0.8688524590163934,2.4256601576514893,20181024_d10_0830_0900.csv,695,321.1297259243737,514.281948051948,0.2492239500010527,0.34855974025974024,,,,,,
cicv5g,26,5,flow_proxy,0.7377049180327869,33606.010653459045,20181024_d10_0830_0900.csv,695,321.1297259243737,514.281948051948,0.2492239500010527,0.34855974025974024,,,,,,
cicv5g,26,10,speed_mean_kmh,0.8524590163934426,9.999068847106402,20181024_d10_0830_0900.csv,695,321.1297259243737,514.281948051948,0.2492239500010527,0.34855974025974024,,,,,,
cicv5g,26,10,vehicle_count,0.8688524590163934,2.8522157408003617,20181024_d10_0830_0900.csv,695,321.1297259243737,514.281948051948,0.2492239500010527,0.34855974025974024,,,,,,
cicv5g,26,10,flow_proxy,0.8032786885245902,36249.510332467056,20181024_d10_0830_0900.csv,695,321.1297259243737,514.281948051948,0.2492239500010527,0.34855974025974024,,,,,,
cicv5g,26,30,speed_mean_kmh,0.8032786885245902,10.855936845010673,20181024_d10_0830_0900.csv,695,321.1297259243737,514.281948051948,0.2492239500010527,0.34855974025974024,,,,,,
cicv5g,26,30,vehicle_count,0.8032786885245902,3.434495449942763,20181024_d10_0830_0900.csv,695,321.1297259243737,514.281948051948,0.2492239500010527,0.34855974025974024,,,,,,
cicv5g,26,30,flow_proxy,0.819672131147541,39800.57050800997,20181024_d10_0830_0900.csv,695,321.1297259243737,514.281948051948,0.2492239500010527,0.34855974025974024,,,,,,
cicv5g,27,5,speed_mean_kmh,0.8524590163934426,9.298687522918573,20181024_d10_0830_0900.csv,696,316.4231602678081,502.7137229437229,0.2476385964656992,0.34855974025974024,,,,,,
cicv5g,27,5,vehicle_count,0.8360655737704918,2.4249011210817777,20181024_d10_0830_0900.csv,696,316.4231602678081,502.7137229437229,0.2476385964656992,0.34855974025974024,,,,,,
cicv5g,27,5,flow_proxy,0.8032786885245902,34136.31619437456,20181024_d10_0830_0900.csv,696,316.4231602678081,502.7137229437229,0.2476385964656992,0.34855974025974024,,,,,,
cicv5g,27,10,speed_mean_kmh,0.8360655737704918,10.014321139427965,20181024_d10_0830_0900.csv,696,316.4231602678081,502.7137229437229,0.2476385964656992,0.34855974025974024,,,,,,
cicv5g,27,10,vehicle_count,0.8688524590163934,2.843879048423328,20181024_d10_0830_0900.csv,696,316.4231602678081,502.7137229437229,0.2476385964656992,0.34855974025974024,,,,,,
cicv5g,27,10,flow_proxy,0.819672131147541,36153.254964180494,20181024_d10_0830_0900.csv,696,316.4231602678081,502.7137229437229,0.2476385964656992,0.34855974025974024,,,,,,
cicv5g,27,30,speed_mean_kmh,0.7868852459016393,10.883055507551049,20181024_d10_0830_0900.csv,696,316.4231602678081,502.7137229437229,0.2476385964656992,0.34855974025974024,,,,,,
cicv5g,27,30,vehicle_count,0.7868852459016393,3.4938248727471066,20181024_d10_0830_0900.csv,696,316.4231602678081,502.7137229437229,0.2476385964656992,0.34855974025974024,,,,,,
cicv5g,27,30,flow_proxy,0.8032786885245902,40202.954273781455,20181024_d10_0830_0900.csv,696,316.4231602678081,502.7137229437229,0.2476385964656992,0.34855974025974024,,,,,,
cicv5g,28,5,speed_mean_kmh,0.8688524590163934,9.582960282420046,20181024_d10_0830_0900.csv,697,310.82655896061846,501.02891774891776,0.2454143480996861,0.34576532467532467,,,,,,
cicv5g,28,5,vehicle_count,0.8852459016393442,2.4452139572694382,20181024_d10_0830_0900.csv,697,310.82655896061846,501.02891774891776,0.2454143480996861,0.34576532467532467,,,,,,
cicv5g,28,5,flow_proxy,0.9180327868852459,34864.283850984204,20181024_d10_0830_0900.csv,697,310.82655896061846,501.02891774891776,0.2454143480996861,0.34576532467532467,,,,,,
cicv5g,28,10,speed_mean_kmh,0.8524590163934426,10.331030037095111,20181024_d10_0830_0900.csv,697,310.82655896061846,501.02891774891776,0.2454143480996861,0.34576532467532467,,,,,,
cicv5g,28,10,vehicle_count,0.819672131147541,2.8436555370815957,20181024_d10_0830_0900.csv,697,310.82655896061846,501.02891774891776,0.2454143480996861,0.34576532467532467,,,,,,
cicv5g,28,10,flow_proxy,0.8524590163934426,36848.85668687589,20181024_d10_0830_0900.csv,697,310.82655896061846,501.02891774891776,0.2454143480996861,0.34576532467532467,,,,,,
cicv5g,28,30,speed_mean_kmh,0.8032786885245902,10.998361343861315,20181024_d10_0830_0900.csv,697,310.82655896061846,501.02891774891776,0.2454143480996861,0.34576532467532467,,,,,,
cicv5g,28,30,vehicle_count,0.8032786885245902,3.517145763206389,20181024_d10_0830_0900.csv,697,310.82655896061846,501.02891774891776,0.2454143480996861,0.34576532467532467,,,,,,
cicv5g,28,30,flow_proxy,0.7868852459016393,41032.35574235042,20181024_d10_0830_0900.csv,697,310.82655896061846,501.02891774891776,0.2454143480996861,0.34576532467532467,,,,,,
cicv5g,29,5,speed_mean_kmh,0.8524590163934426,9.553127514255548,20181024_d10_0830_0900.csv,698,307.27551915075514,486.89251082251076,0.24484007596659044,0.34576532467532467,,,,,,
cicv5g,29,5,vehicle_count,0.8360655737704918,2.462140291373654,20181024_d10_0830_0900.csv,698,307.27551915075514,486.89251082251076,0.24484007596659044,0.34576532467532467,,,,,,
cicv5g,29,5,flow_proxy,0.8688524590163934,34650.97753148833,20181024_d10_0830_0900.csv,698,307.27551915075514,486.89251082251076,0.24484007596659044,0.34576532467532467,,,,,,
cicv5g,29,10,speed_mean_kmh,0.8524590163934426,10.381860802954954,20181024_d10_0830_0900.csv,698,307.27551915075514,486.89251082251076,0.24484007596659044,0.34576532467532467,,,,,,
cicv5g,29,10,vehicle_count,0.9016393442622951,2.87399176860974,20181024_d10_0830_0900.csv,698,307.27551915075514,486.89251082251076,0.24484007596659044,0.34576532467532467,,,,,,
cicv5g,29,10,flow_proxy,0.8524590163934426,36840.85427638554,20181024_d10_0830_0900.csv,698,307.27551915075514,486.89251082251076,0.24484007596659044,0.34576532467532467,,,,,,
cicv5g,29,30,speed_mean_kmh,0.7540983606557377,11.065151077412464,20181024_d10_0830_0900.csv,698,307.27551915075514,486.89251082251076,0.24484007596659044,0.34576532467532467,,,,,,
cicv5g,29,30,vehicle_count,0.7704918032786885,3.5392671411724494,20181024_d10_0830_0900.csv,698,307.27551915075514,486.89251082251076,0.24484007596659044,0.34576532467532467,,,,,,
cicv5g,29,30,flow_proxy,0.7704918032786885,41793.03038797146,20181024_d10_0830_0900.csv,698,307.27551915075514,486.89251082251076,0.24484007596659044,0.34576532467532467,,,,,,
cicv5g,30,5,speed_mean_kmh,0.8032786885245902,10.686918110815046,20181024_d10_0900_0930.csv,750,223.75511201304562,294.63780227596015,0.2189082183643408,0.27004264705882347,,,,,,
cicv5g,30,5,vehicle_count,0.8360655737704918,2.546603993865611,20181024_d10_0900_0930.csv,750,223.75511201304562,294.63780227596015,0.2189082183643408,0.27004264705882347,,,,,,
cicv5g,30,5,flow_proxy,0.8032786885245902,34355.29130831481,20181024_d10_0900_0930.csv,750,223.75511201304562,294.63780227596015,0.2189082183643408,0.27004264705882347,,,,,,
cicv5g,30,10,speed_mean_kmh,0.6885245901639344,11.534504142046341,20181024_d10_0900_0930.csv,750,223.75511201304562,294.63780227596015,0.2189082183643408,0.27004264705882347,,,,,,
cicv5g,30,10,vehicle_count,0.7213114754098361,3.045340961951854,20181024_d10_0900_0930.csv,750,223.75511201304562,294.63780227596015,0.2189082183643408,0.27004264705882347,,,,,,
cicv5g,30,10,flow_proxy,0.7049180327868853,37767.26238067058,20181024_d10_0900_0930.csv,750,223.75511201304562,294.63780227596015,0.2189082183643408,0.27004264705882347,,,,,,
cicv5g,30,30,speed_mean_kmh,0.8852459016393442,12.655886041232868,20181024_d10_0900_0930.csv,750,223.75511201304562,294.63780227596015,0.2189082183643408,0.27004264705882347,,,,,,
cicv5g,30,30,vehicle_count,0.7540983606557377,3.5760023071849014,20181024_d10_0900_0930.csv,750,223.75511201304562,294.63780227596015,0.2189082183643408,0.27004264705882347,,,,,,
cicv5g,30,30,flow_proxy,0.8360655737704918,43839.93043989406,20181024_d10_0900_0930.csv,750,223.75511201304562,294.63780227596015,0.2189082183643408,0.27004264705882347,,,,,,
cicv5g,31,5,speed_mean_kmh,0.819672131147541,11.182239198636852,20181024_d10_0900_0930.csv,751,221.93664354457718,294.63780227596015,0.21739380394992638,0.27004264705882347,,,,,,
cicv5g,31,5,vehicle_count,0.8360655737704918,2.5225053796996133,20181024_d10_0900_0930.csv,751,221.93664354457718,294.63780227596015,0.21739380394992638,0.27004264705882347,,,,,,
cicv5g,31,5,flow_proxy,0.7868852459016393,34323.59243327183,20181024_d10_0900_0930.csv,751,221.93664354457718,294.63780227596015,0.21739380394992638,0.27004264705882347,,,,,,
cicv5g,31,10,speed_mean_kmh,0.7049180327868853,11.893423647767765,20181024_d10_0900_0930.csv,751,221.93664354457718,294.63780227596015,0.21739380394992638,0.27004264705882347,,,,,,
cicv5g,31,10,vehicle_count,0.7377049180327869,3.0027283492485193,20181024_d10_0900_0930.csv,751,221.93664354457718,294.63780227596015,0.21739380394992638,0.27004264705882347,,,,,,
cicv5g,31,10,flow_proxy,0.7213114754098361,37545.56559788866,20181024_d10_0900_0930.csv,751,221.93664354457718,294.63780227596015,0.21739380394992638,0.27004264705882347,,,,,,
cicv5g,31,30,speed_mean_kmh,0.819672131147541,13.02391933993478,20181024_d10_0900_0930.csv,751,221.93664354457718,294.63780227596015,0.21739380394992638,0.27004264705882347,,,,,,
cicv5g,31,30,vehicle_count,0.8032786885245902,3.56053306353344,20181024_d10_0900_0930.csv,751,221.93664354457718,294.63780227596015,0.21739380394992638,0.27004264705882347,,,,,,
cicv5g,31,30,flow_proxy,0.8360655737704918,43837.225654508846,20181024_d10_0900_0930.csv,751,221.93664354457718,294.63780227596015,0.21739380394992638,0.27004264705882347,,,,,,
cicv5g,32,5,speed_mean_kmh,0.8032786885245902,10.860240862475994,20181024_d10_0900_0930.csv,752,220.44041445834804,294.63780227596015,0.2161520793682018,0.27004264705882347,,,,,,
cicv5g,32,5,vehicle_count,0.8524590163934426,2.4798599119113827,20181024_d10_0900_0930.csv,752,220.44041445834804,294.63780227596015,0.2161520793682018,0.27004264705882347,,,,,,
cicv5g,32,5,flow_proxy,0.8032786885245902,33837.94364629844,20181024_d10_0900_0930.csv,752,220.44041445834804,294.63780227596015,0.2161520793682018,0.27004264705882347,,,,,,
cicv5g,32,10,speed_mean_kmh,0.6885245901639344,11.526996312908166,20181024_d10_0900_0930.csv,752,220.44041445834804,294.63780227596015,0.2161520793682018,0.27004264705882347,,,,,,
cicv5g,32,10,vehicle_count,0.7868852459016393,2.9592193182084756,20181024_d10_0900_0930.csv,752,220.44041445834804,294.63780227596015,0.2161520793682018,0.27004264705882347,,,,,,
cicv5g,32,10,flow_proxy,0.7540983606557377,37045.74225633893,20181024_d10_0900_0930.csv,752,220.44041445834804,294.63780227596015,0.2161520793682018,0.27004264705882347,,,,,,
cicv5g,32,30,speed_mean_kmh,0.8688524590163934,12.699691758594472,20181024_d10_0900_0930.csv,752,220.44041445834804,294.63780227596015,0.2161520793682018,0.27004264705882347,,,,,,
cicv5g,32,30,vehicle_count,0.7377049180327869,3.515504502614192,20181024_d10_0900_0930.csv,752,220.44041445834804,294.63780227596015,0.2161520793682018,0.27004264705882347,,,,,,
cicv5g,32,30,flow_proxy,0.7540983606557377,42895.507780328546,20181024_d10_0900_0930.csv,752,220.44041445834804,294.63780227596015,0.2161520793682018,0.27004264705882347,,,,,,
cicv5g,33,5,speed_mean_kmh,0.7213114754098361,11.025522401686862,20181024_d10_0900_0930.csv,753,218.1718959398295,294.63780227596015,0.21409374603486847,0.27004264705882347,,,,,,
cicv5g,33,5,vehicle_count,0.8032786885245902,2.5134894800928422,20181024_d10_0900_0930.csv,753,218.1718959398295,294.63780227596015,0.21409374603486847,0.27004264705882347,,,,,,
cicv5g,33,5,flow_proxy,0.7704918032786885,34614.960689263215,20181024_d10_0900_0930.csv,753,218.1718959398295,294.63780227596015,0.21409374603486847,0.27004264705882347,,,,,,
cicv5g,33,10,speed_mean_kmh,0.6885245901639344,11.72866540652061,20181024_d10_0900_0930.csv,753,218.1718959398295,294.63780227596015,0.21409374603486847,0.27004264705882347,,,,,,
cicv5g,33,10,vehicle_count,0.7704918032786885,2.989907604851242,20181024_d10_0900_0930.csv,753,218.1718959398295,294.63780227596015,0.21409374603486847,0.27004264705882347,,,,,,
cicv5g,33,10,flow_proxy,0.7868852459016393,37599.22773935879,20181024_d10_0900_0930.csv,753,218.1718959398295,294.63780227596015,0.21409374603486847,0.27004264705882347,,,,,,
cicv5g,33,30,speed_mean_kmh,0.8524590163934426,12.699027213931464,20181024_d10_0900_0930.csv,753,218.1718959398295,294.63780227596015,0.21409374603486847,0.27004264705882347,,,,,,
cicv5g,33,30,vehicle_count,0.6885245901639344,3.5221910766301745,20181024_d10_0900_0930.csv,753,218.1718959398295,294.63780227596015,0.21409374603486847,0.27004264705882347,,,,,,
cicv5g,33,30,flow_proxy,0.7868852459016393,42893.61442128228,20181024_d10_0900_0930.csv,753,218.1718959398295,294.63780227596015,0.21409374603486847,0.27004264705882347,,,,,,
cicv5g,34,5,speed_mean_kmh,0.7213114754098361,11.281208519280074,20181024_d10_0900_0930.csv,754,216.83902556945912,294.63780227596015,0.21292013492375736,0.27004264705882347,,,,,,
cicv5g,34,5,vehicle_count,0.819672131147541,2.508941704605837,20181024_d10_0900_0930.csv,754,216.83902556945912,294.63780227596015,0.21292013492375736,0.27004264705882347,,,,,,
cicv5g,34,5,flow_proxy,0.7377049180327869,35240.54422491107,20181024_d10_0900_0930.csv,754,216.83902556945912,294.63780227596015,0.21292013492375736,0.27004264705882347,,,,,,
cicv5g,34,10,speed_mean_kmh,0.6721311475409836,11.829963342003829,20181024_d10_0900_0930.csv,754,216.83902556945912,294.63780227596015,0.21292013492375736,0.27004264705882347,,,,,,
cicv5g,34,10,vehicle_count,0.7049180327868853,2.979427095114153,20181024_d10_0900_0930.csv,754,216.83902556945912,294.63780227596015,0.21292013492375736,0.27004264705882347,,,,,,
cicv5g,34,10,flow_proxy,0.7704918032786885,38564.49553061725,20181024_d10_0900_0930.csv,754,216.83902556945912,294.63780227596015,0.21292013492375736,0.27004264705882347,,,,,,
cicv5g,34,30,speed_mean_kmh,0.7868852459016393,12.658207599738656,20181024_d10_0900_0930.csv,754,216.83902556945912,294.63780227596015,0.21292013492375736,0.27004264705882347,,,,,,
cicv5g,34,30,vehicle_count,0.7049180327868853,3.4980048075971997,20181024_d10_0900_0930.csv,754,216.83902556945912,294.63780227596015,0.21292013492375736,0.27004264705882347,,,,,,
cicv5g,34,30,flow_proxy,0.7213114754098361,42598.14653506051,20181024_d10_0900_0930.csv,754,216.83902556945912,294.63780227596015,0.21292013492375736,0.27004264705882347,,,,,,
cicv5g,35,5,speed_mean_kmh,0.6885245901639344,11.287036164868859,20181024_d10_0900_0930.csv,755,215.12188271231625,294.63780227596015,0.21130870635232876,0.27004264705882347,,,,,,
cicv5g,35,5,vehicle_count,0.7540983606557377,2.563170613436087,20181024_d10_0900_0930.csv,755,215.12188271231625,294.63780227596015,0.21130870635232876,0.27004264705882347,,,,,,
cicv5g,35,5,flow_proxy,0.7377049180327869,36375.626888092695,20181024_d10_0900_0930.csv,755,215.12188271231625,294.63780227596015,0.21130870635232876,0.27004264705882347,,,,,,
cicv5g,35,10,speed_mean_kmh,0.6885245901639344,11.891584974915004,20181024_d10_0900_0930.csv,755,215.12188271231625,294.63780227596015,0.21130870635232876,0.27004264705882347,,,,,,
cicv5g,35,10,vehicle_count,0.7049180327868853,3.0422356554688186,20181024_d10_0900_0930.csv,755,215.12188271231625,294.63780227596015,0.21130870635232876,0.27004264705882347,,,,,,
cicv5g,35,10,flow_proxy,0.7377049180327869,39465.95890776628,20181024_d10_0900_0930.csv,755,215.12188271231625,294.63780227596015,0.21130870635232876,0.27004264705882347,,,,,,
cicv5g,35,30,speed_mean_kmh,0.7377049180327869,12.63665223074096,20181024_d10_0900_0930.csv,755,215.12188271231625,294.63780227596015,0.21130870635232876,0.27004264705882347,,,,,,
cicv5g,35,30,vehicle_count,0.6885245901639344,3.5372626145017447,20181024_d10_0900_0930.csv,755,215.12188271231625,294.63780227596015,0.21130870635232876,0.27004264705882347,,,,,,
cicv5g,35,30,flow_proxy,0.7049180327868853,41995.112536908026,20181024_d10_0900_0930.csv,755,215.12188271231625,294.63780227596015,0.21130870635232876,0.27004264705882347,,,,,,
cicv5g,36,5,speed_mean_kmh,0.7540983606557377,11.080854655993196,20181024_d10_0900_0930.csv,756,213.2473580539681,294.63780227596015,0.20948822209802095,0.27004264705882347,,,,,,
cicv5g,36,5,vehicle_count,0.6885245901639344,2.5880895830291846,20181024_d10_0900_0930.csv,756,213.2473580539681,294.63780227596015,0.20948822209802095,0.27004264705882347,,,,,,
cicv5g,36,5,flow_proxy,0.7704918032786885,36418.929811465416,20181024_d10_0900_0930.csv,756,213.2473580539681,294.63780227596015,0.20948822209802095,0.27004264705882347,,,,,,
cicv5g,36,10,speed_mean_kmh,0.6229508196721312,11.790190517398955,20181024_d10_0900_0930.csv,756,213.2473580539681,294.63780227596015,0.20948822209802095,0.27004264705882347,,,,,,
cicv5g,36,10,vehicle_count,0.6721311475409836,3.0787918283708953,20181024_d10_0900_0930.csv,756,213.2473580539681,294.63780227596015,0.20948822209802095,0.27004264705882347,,,,,,
cicv5g,36,10,flow_proxy,0.6885245901639344,39304.28346207632,20181024_d10_0900_0930.csv,756,213.2473580539681,294.63780227596015,0.20948822209802095,0.27004264705882347,,,,,,
cicv5g,36,30,speed_mean_kmh,0.7868852459016393,12.667372806855912,20181024_d10_0900_0930.csv,756,213.2473580539681,294.63780227596015,0.20948822209802095,0.27004264705882347,,,,,,
cicv5g,36,30,vehicle_count,0.6885245901639344,3.5037189544178404,20181024_d10_0900_0930.csv,756,213.2473580539681,294.63780227596015,0.20948822209802095,0.27004264705882347,,,,,,
cicv5g,36,30,flow_proxy,0.7704918032786885,40838.66385957166,20181024_d10_0900_0930.csv,756,213.2473580539681,294.63780227596015,0.20948822209802095,0.27004264705882347,,,,,,
cicv5g,37,5,speed_mean_kmh,0.7540983606557377,10.965947119336578,20181024_d10_0900_0930.csv,757,210.24415292576296,294.63780227596015,0.20648501696981586,0.26902074303405576,,,,,,
cicv5g,37,5,vehicle_count,0.7868852459016393,2.5550204087989785,20181024_d10_0900_0930.csv,757,210.24415292576296,294.63780227596015,0.20648501696981586,0.26902074303405576,,,,,,
cicv5g,37,5,flow_proxy,0.819672131147541,35641.31319707213,20181024_d10_0900_0930.csv,757,210.24415292576296,294.63780227596015,0.20648501696981586,0.26902074303405576,,,,,,
cicv5g,37,10,speed_mean_kmh,0.7213114754098361,11.515083608731354,20181024_d10_0900_0930.csv,757,210.24415292576296,294.63780227596015,0.20648501696981586,0.26902074303405576,,,,,,
cicv5g,37,10,vehicle_count,0.7704918032786885,3.04650161574664,20181024_d10_0900_0930.csv,757,210.24415292576296,294.63780227596015,0.20648501696981586,0.26902074303405576,,,,,,
cicv5g,37,10,flow_proxy,0.7213114754098361,38534.54028990224,20181024_d10_0900_0930.csv,757,210.24415292576296,294.63780227596015,0.20648501696981586,0.26902074303405576,,,,,,
cicv5g,37,30,speed_mean_kmh,0.7540983606557377,12.16691948922957,20181024_d10_0900_0930.csv,757,210.24415292576296,294.63780227596015,0.20648501696981586,0.26902074303405576,,,,,,
cicv5g,37,30,vehicle_count,0.7049180327868853,3.48703704279237,20181024_d10_0900_0930.csv,757,210.24415292576296,294.63780227596015,0.20648501696981586,0.26902074303405576,,,,,,
cicv5g,37,30,flow_proxy,0.7213114754098361,39457.03873762947,20181024_d10_0900_0930.csv,757,210.24415292576296,294.63780227596015,0.20648501696981586,0.26902074303405576,,,,,,
cicv5g,38,5,speed_mean_kmh,0.7868852459016393,10.778741795199792,20181024_d10_0900_0930.csv,758,207.22767173869354,289.563080495356,0.20346853578274646,0.26818424369747895,,,,,,
cicv5g,38,5,vehicle_count,0.7704918032786885,2.5332143312823083,20181024_d10_0900_0930.csv,758,207.22767173869354,289.563080495356,0.20346853578274646,0.26818424369747895,,,,,,
cicv5g,38,5,flow_proxy,0.8032786885245902,35103.07768450729,20181024_d10_0900_0930.csv,758,207.22767173869354,289.563080495356,0.20346853578274646,0.26818424369747895,,,,,,
cicv5g,38,10,speed_mean_kmh,0.7213114754098361,11.484648673680118,20181024_d10_0900_0930.csv,758,207.22767173869354,289.563080495356,0.20346853578274646,0.26818424369747895,,,,,,
cicv5g,38,10,vehicle_count,0.8360655737704918,3.0381251168015755,20181024_d10_0900_0930.csv,758,207.22767173869354,289.563080495356,0.20346853578274646,0.26818424369747895,,,,,,
cicv5g,38,10,flow_proxy,0.7704918032786885,38499.80946612193,20181024_d10_0900_0930.csv,758,207.22767173869354,289.563080495356,0.20346853578274646,0.26818424369747895,,,,,,
cicv5g,38,30,speed_mean_kmh,0.7704918032786885,12.440032933020142,20181024_d10_0900_0930.csv,758,207.22767173869354,289.563080495356,0.20346853578274646,0.26818424369747895,,,,,,
cicv5g,38,30,vehicle_count,0.7377049180327869,3.4887887875391272,20181024_d10_0900_0930.csv,758,207.22767173869354,289.563080495356,0.20346853578274646,0.26818424369747895,,,,,,
cicv5g,38,30,flow_proxy,0.7868852459016393,39638.9337458439,20181024_d10_0900_0930.csv,758,207.22767173869354,289.563080495356,0.20346853578274646,0.26818424369747895,,,,,,
cicv5g,39,5,speed_mean_kmh,0.7049180327868853,11.289321238826334,20181024_d10_0900_0930.csv,759,204.58386221488402,289.563080495356,0.2008247262589369,0.2675735294117647,,,,,,
cicv5g,39,5,vehicle_count,0.7868852459016393,2.5736715781726662,20181024_d10_0900_0930.csv,759,204.58386221488402,289.563080495356,0.2008247262589369,0.2675735294117647,,,,,,
cicv5g,39,5,flow_proxy,0.7868852459016393,35687.241950160394,20181024_d10_0900_0930.csv,759,204.58386221488402,289.563080495356,0.2008247262589369,0.2675735294117647,,,,,,
cicv5g,39,10,speed_mean_kmh,0.7377049180327869,11.918602863074257,20181024_d10_0900_0930.csv,759,204.58386221488402,289.563080495356,0.2008247262589369,0.2675735294117647,,,,,,
cicv5g,39,10,vehicle_count,0.7377049180327869,3.088857956942137,20181024_d10_0900_0930.csv,759,204.58386221488402,289.563080495356,0.2008247262589369,0.2675735294117647,,,,,,
cicv5g,39,10,flow_proxy,0.7377049180327869,39151.65260924836,20181024_d10_0900_0930.csv,759,204.58386221488402,289.563080495356,0.2008247262589369,0.2675735294117647,,,,,,
cicv5g,39,30,speed_mean_kmh,0.8360655737704918,12.76038832709246,20181024_d10_0900_0930.csv,759,204.58386221488402,289.563080495356,0.2008247262589369,0.2675735294117647,,,,,,
cicv5g,39,30,vehicle_count,0.7704918032786885,3.538432582202911,20181024_d10_0900_0930.csv,759,204.58386221488402,289.563080495356,0.2008247262589369,0.2675735294117647,,,,,,
cicv5g,39,30,flow_proxy,0.8360655737704918,39225.283171828094,20181024_d10_0900_0930.csv,759,204.58386221488402,289.563080495356,0.2008247262589369,0.2675735294117647,,,,,,
cicv5g,40,5,speed_mean_kmh,0.7704918032786885,11.34048087022934,20181024_d10_0900_0930.csv,760,201.81336671938845,289.563080495356,0.19805423076344145,0.2617058823529412,,,,,,
cicv5g,40,5,vehicle_count,0.7868852459016393,2.570988759183906,20181024_d10_0900_0930.csv,760,201.81336671938845,289.563080495356,0.19805423076344145,0.2617058823529412,,,,,,
cicv5g,40,5,flow_proxy,0.8032786885245902,36012.40094840808,20181024_d10_0900_0930.csv,760,201.81336671938845,289.563080495356,0.19805423076344145,0.2617058823529412,,,,,,
cicv5g,40,10,speed_mean_kmh,0.7868852459016393,11.908226965481973,20181024_d10_0900_0930.csv,760,201.81336671938845,289.563080495356,0.19805423076344145,0.2617058823529412,,,,,,
cicv5g,40,10,vehicle_count,0.6885245901639344,3.075565104934205,20181024_d10_0900_0930.csv,760,201.81336671938845,289.563080495356,0.19805423076344145,0.2617058823529412,,,,,,
cicv5g,40,10,flow_proxy,0.7213114754098361,39191.70879524084,20181024_d10_0900_0930.csv,760,201.81336671938845,289.563080495356,0.19805423076344145,0.2617058823529412,,,,,,
cicv5g,40,30,speed_mean_kmh,0.819672131147541,12.582677269276603,20181024_d10_0900_0930.csv,760,201.81336671938845,289.563080495356,0.19805423076344145,0.2617058823529412,,,,,,
cicv5g,40,30,vehicle_count,0.6885245901639344,3.5574936952889606,20181024_d10_0900_0930.csv,760,201.81336671938845,289.563080495356,0.19805423076344145,0.2617058823529412,,,,,,
cicv5g,40,30,flow_proxy,0.8688524590163934,39537.397751866476,20181024_d10_0900_0930.csv,760,201.81336671938845,289.563080495356,0.19805423076344145,0.2617058823529412,,,,,,
cicv5g,41,5,speed_mean_kmh,0.639344262295082,11.52611737515441,20181024_d10_0900_0930.csv,761,199.0242138787651,289.563080495356,0.19526507792281797,0.26139852941176467,,,,,,
cicv5g,41,5,vehicle_count,0.7049180327868853,2.6359734462004765,20181024_d10_0900_0930.csv,761,199.0242138787651,289.563080495356,0.19526507792281797,0.26139852941176467,,,,,,
cicv5g,41,5,flow_proxy,0.6885245901639344,37039.985716623225,20181024_d10_0900_0930.csv,761,199.0242138787651,289.563080495356,0.19526507792281797,0.26139852941176467,,,,,,
cicv5g,41,10,speed_mean_kmh,0.8032786885245902,12.049385046001241,20181024_d10_0900_0930.csv,761,199.0242138787651,289.563080495356,0.19526507792281797,0.26139852941176467,,,,,,
cicv5g,41,10,vehicle_count,0.7540983606557377,3.134647898397911,20181024_d10_0900_0930.csv,761,199.0242138787651,289.563080495356,0.19526507792281797,0.26139852941176467,,,,,,
cicv5g,41,10,flow_proxy,0.7704918032786885,40066.16854484462,20181024_d10_0900_0930.csv,761,199.0242138787651,289.563080495356,0.19526507792281797,0.26139852941176467,,,,,,
cicv5g,41,30,speed_mean_kmh,0.7868852459016393,12.570184620074231,20181024_d10_0900_0930.csv,761,199.0242138787651,289.563080495356,0.19526507792281797,0.26139852941176467,,,,,,
cicv5g,41,30,vehicle_count,0.6885245901639344,3.6201606579003243,20181024_d10_0900_0930.csv,761,199.0242138787651,289.563080495356,0.19526507792281797,0.26139852941176467,,,,,,
cicv5g,41,30,flow_proxy,0.8032786885245902,39495.05026283119,20181024_d10_0900_0930.csv,761,199.0242138787651,289.563080495356,0.19526507792281797,0.26139852941176467,,,,,,
cicv5g,42,5,speed_mean_kmh,0.639344262295082,10.881662886668565,20181024_d10_0900_0930.csv,762,196.33807553453852,289.563080495356,0.1925789395785914,0.26139852941176467,,,,,,
cicv5g,42,5,vehicle_count,0.6885245901639344,2.616895796151704,20181024_d10_0900_0930.csv,762,196.33807553453852,289.563080495356,0.1925789395785914,0.26139852941176467,,,,,,
cicv5g,42,5,flow_proxy,0.6885245901639344,37261.25018551513,20181024_d10_0900_0930.csv,762,196.33807553453852,289.563080495356,0.1925789395785914,0.26139852941176467,,,,,,
cicv5g,42,10,speed_mean_kmh,0.8032786885245902,11.549508636203655,20181024_d10_0900_0930.csv,762,196.33807553453852,289.563080495356,0.1925789395785914,0.26139852941176467,,,,,,
cicv5g,42,10,vehicle_count,0.6721311475409836,3.1228762215282293,20181024_d10_0900_0930.csv,762,196.33807553453852,289.563080495356,0.1925789395785914,0.26139852941176467,,,,,,
cicv5g,42,10,flow_proxy,0.7540983606557377,40162.42467845271,20181024_d10_0900_0930.csv,762,196.33807553453852,289.563080495356,0.1925789395785914,0.26139852941176467,,,,,,
cicv5g,42,30,speed_mean_kmh,0.7540983606557377,12.199238233669563,20181024_d10_0900_0930.csv,762,196.33807553453852,289.563080495356,0.1925789395785914,0.26139852941176467,,,,,,
cicv5g,42,30,vehicle_count,0.7213114754098361,3.604920441427014,20181024_d10_0900_0930.csv,762,196.33807553453852,289.563080495356,0.1925789395785914,0.26139852941176467,,,,,,
cicv5g,42,30,flow_proxy,0.819672131147541,39352.128974495994,20181024_d10_0900_0930.csv,762,196.33807553453852,289.563080495356,0.1925789395785914,0.26139852941176467,,,,,,
cicv5g,43,5,speed_mean_kmh,0.8032786885245902,11.509748185414077,20181024_d10_0900_0930.csv,763,195.72077394723695,289.563080495356,0.19130180893146076,0.26139852941176467,,,,,,
cicv5g,43,5,vehicle_count,0.8688524590163934,2.688138501478933,20181024_d10_0900_0930.csv,763,195.72077394723695,289.563080495356,0.19130180893146076,0.26139852941176467,,,,,,
cicv5g,43,5,flow_proxy,0.8360655737704918,38220.17429630611,20181024_d10_0900_0930.csv,763,195.72077394723695,289.563080495356,0.19130180893146076,0.26139852941176467,,,,,,
cicv5g,43,10,speed_mean_kmh,0.8360655737704918,12.027794072110353,20181024_d10_0900_0930.csv,763,195.72077394723695,289.563080495356,0.19130180893146076,0.26139852941176467,,,,,,
cicv5g,43,10,vehicle_count,0.7540983606557377,3.2056005582657727,20181024_d10_0900_0930.csv,763,195.72077394723695,289.563080495356,0.19130180893146076,0.26139852941176467,,,,,,
cicv5g,43,10,flow_proxy,0.7540983606557377,41455.77149422244,20181024_d10_0900_0930.csv,763,195.72077394723695,289.563080495356,0.19130180893146076,0.26139852941176467,,,,,,
cicv5g,43,30,speed_mean_kmh,0.8360655737704918,12.162500497431084,20181024_d10_0900_0930.csv,763,195.72077394723695,289.563080495356,0.19130180893146076,0.26139852941176467,,,,,,
cicv5g,43,30,vehicle_count,0.7540983606557377,3.6576095908107016,20181024_d10_0900_0930.csv,763,195.72077394723695,289.563080495356,0.19130180893146076,0.26139852941176467,,,,,,
cicv5g,43,30,flow_proxy,0.8524590163934426,39575.95694578304,20181024_d10_0900_0930.csv,763,195.72077394723695,289.563080495356,0.19130180893146076,0.26139852941176467,,,,,,
cicv5g,44,5,speed_mean_kmh,0.819672131147541,11.25900690517339,20181024_d10_0900_0930.csv,764,195.20251580187355,289.563080495356,0.19012960341767632,0.26139852941176467,,,,,,
cicv5g,44,5,vehicle_count,0.7868852459016393,2.6635204640032173,20181024_d10_0900_0930.csv,764,195.20251580187355,289.563080495356,0.19012960341767632,0.26139852941176467,,,,,,
cicv5g,44,5,flow_proxy,0.7868852459016393,38365.594452155754,20181024_d10_0900_0930.csv,764,195.20251580187355,289.563080495356,0.19012960341767632,0.26139852941176467,,,,,,
cicv5g,44,10,speed_mean_kmh,0.7540983606557377,11.799288827085599,20181024_d10_0900_0930.csv,764,195.20251580187355,289.563080495356,0.19012960341767632,0.26139852941176467,,,,,,
cicv5g,44,10,vehicle_count,0.7868852459016393,3.1852992903057817,20181024_d10_0900_0930.csv,764,195.20251580187355,289.563080495356,0.19012960341767632,0.26139852941176467,,,,,,
cicv5g,44,10,flow_proxy,0.7704918032786885,41524.1423498994,20181024_d10_0900_0930.csv,764,195.20251580187355,289.563080495356,0.19012960341767632,0.26139852941176467,,,,,,
cicv5g,44,30,speed_mean_kmh,0.7049180327868853,12.041887354035895,20181024_d10_0900_0930.csv,764,195.20251580187355,289.563080495356,0.19012960341767632,0.26139852941176467,,,,,,
cicv5g,44,30,vehicle_count,0.7377049180327869,3.674808525091463,20181024_d10_0900_0930.csv,764,195.20251580187355,289.563080495356,0.19012960341767632,0.26139852941176467,,,,,,
cicv5g,44,30,flow_proxy,0.7704918032786885,39139.671269007245,20181024_d10_0900_0930.csv,764,195.20251580187355,289.563080495356,0.19012960341767632,0.26139852941176467,,,,,,
cicv5g,45,5,speed_mean_kmh,0.7868852459016393,11.392953457128874,20181024_d10_0900_0930.csv,765,194.19479574415345,289.563080495356,0.1885540262170991,0.26139852941176467,,,,,,
cicv5g,45,5,vehicle_count,0.7868852459016393,2.6797430780998863,20181024_d10_0900_0930.csv,765,194.19479574415345,289.563080495356,0.1885540262170991,0.26139852941176467,,,,,,
cicv5g,45,5,flow_proxy,0.8360655737704918,38489.154706365945,20181024_d10_0900_0930.csv,765,194.19479574415345,289.563080495356,0.1885540262170991,0.26139852941176467,,,,,,
cicv5g,45,10,speed_mean_kmh,0.7868852459016393,11.796565815805813,20181024_d10_0900_0930.csv,765,194.19479574415345,289.563080495356,0.1885540262170991,0.26139852941176467,,,,,,
cicv5g,45,10,vehicle_count,0.819672131147541,3.195190585055342,20181024_d10_0900_0930.csv,765,194.19479574415345,289.563080495356,0.1885540262170991,0.26139852941176467,,,,,,
cicv5g,45,10,flow_proxy,0.8032786885245902,41356.75417335259,20181024_d10_0900_0930.csv,765,194.19479574415345,289.563080495356,0.1885540262170991,0.26139852941176467,,,,,,
cicv5g,45,30,speed_mean_kmh,0.7704918032786885,12.049187225885637,20181024_d10_0900_0930.csv,765,194.19479574415345,289.563080495356,0.1885540262170991,0.26139852941176467,,,,,,
cicv5g,45,30,vehicle_count,0.7213114754098361,3.682867834439531,20181024_d10_0900_0930.csv,765,194.19479574415345,289.563080495356,0.1885540262170991,0.26139852941176467,,,,,,
cicv5g,45,30,flow_proxy,0.7704918032786885,38379.71472688338,20181024_d10_0900_0930.csv,765,194.19479574415345,289.563080495356,0.1885540262170991,0.26139852941176467,,,,,,
cicv5g,46,5,speed_mean_kmh,0.7704918032786885,11.835841612085487,20181024_d10_0900_0930.csv,766,193.4989370043161,289.563080495356,0.18730044390002593,0.26139852941176467,,,,,,
cicv5g,46,5,vehicle_count,0.819672131147541,2.6852540894792924,20181024_d10_0900_0930.csv,766,193.4989370043161,289.563080495356,0.18730044390002593,0.26139852941176467,,,,,,
cicv5g,46,5,flow_proxy,0.7868852459016393,39391.34305171424,20181024_d10_0900_0930.csv,766,193.4989370043161,289.563080495356,0.18730044390002593,0.26139852941176467,,,,,,
cicv5g,46,10,speed_mean_kmh,0.819672131147541,12.113476972778333,20181024_d10_0900_0930.csv,766,193.4989370043161,289.563080495356,0.18730044390002593,0.26139852941176467,,,,,,
cicv5g,46,10,vehicle_count,0.7377049180327869,3.198150436400868,20181024_d10_0900_0930.csv,766,193.4989370043161,289.563080495356,0.18730044390002593,0.26139852941176467,,,,,,
cicv5g,46,10,flow_proxy,0.7704918032786885,42417.76199321896,20181024_d10_0900_0930.csv,766,193.4989370043161,289.563080495356,0.18730044390002593,0.26139852941176467,,,,,,
cicv5g,46,30,speed_mean_kmh,0.7213114754098361,12.086075572718023,20181024_d10_0900_0930.csv,766,193.4989370043161,289.563080495356,0.18730044390002593,0.26139852941176467,,,,,,
cicv5g,46,30,vehicle_count,0.7049180327868853,3.7033520109100317,20181024_d10_0900_0930.csv,766,193.4989370043161,289.563080495356,0.18730044390002593,0.26139852941176467,,,,,,
cicv5g,46,30,flow_proxy,0.7868852459016393,38162.98267753889,20181024_d10_0900_0930.csv,766,193.4989370043161,289.563080495356,0.18730044390002593,0.26139852941176467,,,,,,
cicv5g,47,5,speed_mean_kmh,0.7868852459016393,11.575911574518956,20181024_d10_0900_0930.csv,767,192.7918189487605,289.563080495356,0.18607229409843862,0.26139852941176467,,,,,,
cicv5g,47,5,vehicle_count,0.8032786885245902,2.755459462932794,20181024_d10_0900_0930.csv,767,192.7918189487605,289.563080495356,0.18607229409843862,0.26139852941176467,,,,,,
cicv5g,47,5,flow_proxy,0.819672131147541,40520.99165383692,20181024_d10_0900_0930.csv,767,192.7918189487605,289.563080495356,0.18607229409843862,0.26139852941176467,,,,,,
cicv5g,47,10,speed_mean_kmh,0.8852459016393442,11.860448335568288,20181024_d10_0900_0930.csv,767,192.7918189487605,289.563080495356,0.18607229409843862,0.26139852941176467,,,,,,
cicv5g,47,10,vehicle_count,0.7213114754098361,3.2677298599763565,20181024_d10_0900_0930.csv,767,192.7918189487605,289.563080495356,0.18607229409843862,0.26139852941176467,,,,,,
cicv5g,47,10,flow_proxy,0.7868852459016393,43175.0220989196,20181024_d10_0900_0930.csv,767,192.7918189487605,289.563080495356,0.18607229409843862,0.26139852941176467,,,,,,
cicv5g,47,30,speed_mean_kmh,0.7704918032786885,11.860513049544885,20181024_d10_0900_0930.csv,767,192.7918189487605,289.563080495356,0.18607229409843862,0.26139852941176467,,,,,,
cicv5g,47,30,vehicle_count,0.6721311475409836,3.7461487581582618,20181024_d10_0900_0930.csv,767,192.7918189487605,289.563080495356,0.18607229409843862,0.26139852941176467,,,,,,
cicv5g,47,30,flow_proxy,0.7868852459016393,38269.81794322228,20181024_d10_0900_0930.csv,767,192.7918189487605,289.563080495356,0.18607229409843862,0.26139852941176467,,,,,,
cicv5g,48,5,speed_mean_kmh,0.8852459016393442,11.257139535106756,20181024_d10_0900_0930.csv,768,192.176395483337,289.563080495356,0.18492097319711773,0.26139852941176467,,,,,,
cicv5g,48,5,vehicle_count,0.7704918032786885,2.720429291525834,20181024_d10_0900_0930.csv,768,192.176395483337,289.563080495356,0.18492097319711773,0.26139852941176467,,,,,,
cicv5g,48,5,flow_proxy,0.8032786885245902,39650.99474909731,20181024_d10_0900_0930.csv,768,192.176395483337,289.563080495356,0.18492097319711773,0.26139852941176467,,,,,,
cicv5g,48,10,speed_mean_kmh,0.7868852459016393,11.648714675448081,20181024_d10_0900_0930.csv,768,192.176395483337,289.563080495356,0.18492097319711773,0.26139852941176467,,,,,,
cicv5g,48,10,vehicle_count,0.8360655737704918,3.252228859397679,20181024_d10_0900_0930.csv,768,192.176395483337,289.563080495356,0.18492097319711773,0.26139852941176467,,,,,,
cicv5g,48,10,flow_proxy,0.8360655737704918,42825.80937012089,20181024_d10_0900_0930.csv,768,192.176395483337,289.563080495356,0.18492097319711773,0.26139852941176467,,,,,,
cicv5g,48,30,speed_mean_kmh,0.7704918032786885,11.71754202165263,20181024_d10_0900_0930.csv,768,192.176395483337,289.563080495356,0.18492097319711773,0.26139852941176467,,,,,,
cicv5g,48,30,vehicle_count,0.7704918032786885,3.7582610590198158,20181024_d10_0900_0930.csv,768,192.176395483337,289.563080495356,0.18492097319711773,0.26139852941176467,,,,,,
cicv5g,48,30,flow_proxy,0.819672131147541,38246.88550145776,20181024_d10_0900_0930.csv,768,192.176395483337,289.563080495356,0.18492097319711773,0.26139852941176467,,,,,,
cicv5g,49,5,speed_mean_kmh,0.8032786885245902,11.193049202619324,20181024_d10_0900_0930.csv,769,191.7319887462832,289.563080495356,0.18396417329767079,0.26139852941176467,,,,,,
cicv5g,49,5,vehicle_count,0.8360655737704918,2.7875316457755037,20181024_d10_0900_0930.csv,769,191.7319887462832,289.563080495356,0.18396417329767079,0.26139852941176467,,,,,,
cicv5g,49,5,flow_proxy,0.8360655737704918,40174.13623126382,20181024_d10_0900_0930.csv,769,191.7319887462832,289.563080495356,0.18396417329767079,0.26139852941176467,,,,,,
cicv5g,49,10,speed_mean_kmh,0.819672131147541,11.63549679629015,20181024_d10_0900_0930.csv,769,191.7319887462832,289.563080495356,0.18396417329767079,0.26139852941176467,,,,,,
cicv5g,49,10,vehicle_count,0.7868852459016393,3.342023511003949,20181024_d10_0900_0930.csv,769,191.7319887462832,289.563080495356,0.18396417329767079,0.26139852941176467,,,,,,
cicv5g,49,10,flow_proxy,0.9016393442622951,43098.45664428566,20181024_d10_0900_0930.csv,769,191.7319887462832,289.563080495356,0.18396417329767079,0.26139852941176467,,,,,,
cicv5g,49,30,speed_mean_kmh,0.8032786885245902,11.759321542784045,20181024_d10_0900_0930.csv,769,191.7319887462832,289.563080495356,0.18396417329767079,0.26139852941176467,,,,,,
cicv5g,49,30,vehicle_count,0.7377049180327869,3.787347626656792,20181024_d10_0900_0930.csv,769,191.7319887462832,289.563080495356,0.18396417329767079,0.26139852941176467,,,,,,
cicv5g,49,30,flow_proxy,0.7540983606557377,38510.51471390638,20181024_d10_0900_0930.csv,769,191.7319887462832,289.563080495356,0.18396417329767079,0.26139852941176467,,,,,,
cicv5g,50,5,speed_mean_kmh,0.8360655737704918,10.58079578117606,20181024_d10_0900_0930.csv,770,189.73175027251534,279.913025210084,0.18208081346725213,0.2555171428571429,,,,,,
cicv5g,50,5,vehicle_count,0.7868852459016393,2.690262501904707,20181024_d10_0900_0930.csv,770,189.73175027251534,279.913025210084,0.18208081346725213,0.2555171428571429,,,,,,
cicv5g,50,5,flow_proxy,0.819672131147541,39773.08867047534,20181024_d10_0900_0930.csv,770,189.73175027251534,279.913025210084,0.18208081346725213,0.2555171428571429,,,,,,
cicv5g,50,10,speed_mean_kmh,0.7868852459016393,11.207082586168605,20181024_d10_0900_0930.csv,770,189.73175027251534,279.913025210084,0.18208081346725213,0.2555171428571429,,,,,,
cicv5g,50,10,vehicle_count,0.7868852459016393,3.190109459562653,20181024_d10_0900_0930.csv,770,189.73175027251534,279.913025210084,0.18208081346725213,0.2555171428571429,,,,,,
cicv5g,50,10,flow_proxy,0.8688524590163934,42431.425069511526,20181024_d10_0900_0930.csv,770,189.73175027251534,279.913025210084,0.18208081346725213,0.2555171428571429,,,,,,
cicv5g,50,30,speed_mean_kmh,0.7868852459016393,11.638432607734826,20181024_d10_0900_0930.csv,770,189.73175027251534,279.913025210084,0.18208081346725213,0.2555171428571429,,,,,,
cicv5g,50,30,vehicle_count,0.7377049180327869,3.708356448611069,20181024_d10_0900_0930.csv,770,189.73175027251534,279.913025210084,0.18208081346725213,0.2555171428571429,,,,,,
cicv5g,50,30,flow_proxy,0.819672131147541,37320.280779117915,20181024_d10_0900_0930.csv,770,189.73175027251534,279.913025210084,0.18208081346725213,0.2555171428571429,,,,,,
cicv5g,51,5,speed_mean_kmh,0.8032786885245902,10.642109071102494,20181024_d10_0900_0930.csv,771,187.7084014593058,270.2542857142857,0.18015981243526039,0.24993571428571426,,,,,,
cicv5g,51,5,vehicle_count,0.8032786885245902,2.709313412539028,20181024_d10_0900_0930.csv,771,187.7084014593058,270.2542857142857,0.18015981243526039,0.24993571428571426,,,,,,
cicv5g,51,5,flow_proxy,0.8032786885245902,39789.7538711577,20181024_d10_0900_0930.csv,771,187.7084014593058,270.2542857142857,0.18015981243526039,0.24993571428571426,,,,,,
cicv5g,51,10,speed_mean_kmh,0.8032786885245902,11.192947391745351,20181024_d10_0900_0930.csv,771,187.7084014593058,270.2542857142857,0.18015981243526039,0.24993571428571426,,,,,,
cicv5g,51,10,vehicle_count,0.8032786885245902,3.213868992167134,20181024_d10_0900_0930.csv,771,187.7084014593058,270.2542857142857,0.18015981243526039,0.24993571428571426,,,,,,
cicv5g,51,10,flow_proxy,0.8360655737704918,42160.22309343306,20181024_d10_0900_0930.csv,771,187.7084014593058,270.2542857142857,0.18015981243526039,0.24993571428571426,,,,,,
cicv5g,51,30,speed_mean_kmh,0.8688524590163934,11.443577156265851,20181024_d10_0900_0930.csv,771,187.7084014593058,270.2542857142857,0.18015981243526039,0.24993571428571426,,,,,,
cicv5g,51,30,vehicle_count,0.6885245901639344,3.785215185050189,20181024_d10_0900_0930.csv,771,187.7084014593058,270.2542857142857,0.18015981243526039,0.24993571428571426,,,,,,
cicv5g,51,30,flow_proxy,0.8360655737704918,37215.478903126575,20181024_d10_0900_0930.csv,771,187.7084014593058,270.2542857142857,0.18015981243526039,0.24993571428571426,,,,,,
cicv5g,52,5,speed_mean_kmh,0.9016393442622951,10.294639883278574,20181024_d10_0900_0930.csv,772,185.8973147146665,261.6621008403361,0.17834312140212197,0.2472166806722689,,,,,,
cicv5g,52,5,vehicle_count,0.7377049180327869,2.68947616299938,20181024_d10_0900_0930.csv,772,185.8973147146665,261.6621008403361,0.17834312140212197,0.2472166806722689,,,,,,
cicv5g,52,5,flow_proxy,0.8360655737704918,39391.41847067086,20181024_d10_0900_0930.csv,772,185.8973147146665,261.6621008403361,0.17834312140212197,0.2472166806722689,,,,,,
cicv5g,52,10,speed_mean_kmh,0.819672131147541,10.946808641638327,20181024_d10_0900_0930.csv,772,185.8973147146665,261.6621008403361,0.17834312140212197,0.2472166806722689,,,,,,
cicv5g,52,10,vehicle_count,0.7704918032786885,3.196519751343983,20181024_d10_0900_0930.csv,772,185.8973147146665,261.6621008403361,0.17834312140212197,0.2472166806722689,,,,,,
cicv5g,52,10,flow_proxy,0.7704918032786885,41426.04946784561,20181024_d10_0900_0930.csv,772,185.8973147146665,261.6621008403361,0.17834312140212197,0.2472166806722689,,,,,,
cicv5g,52,30,speed_mean_kmh,0.9180327868852459,11.337988961396087,20181024_d10_0900_0930.csv,772,185.8973147146665,261.6621008403361,0.17834312140212197,0.2472166806722689,,,,,,
cicv5g,52,30,vehicle_count,0.6885245901639344,3.717546538701048,20181024_d10_0900_0930.csv,772,185.8973147146665,261.6621008403361,0.17834312140212197,0.2472166806722689,,,,,,
cicv5g,52,30,flow_proxy,0.819672131147541,36296.60364979477,20181024_d10_0900_0930.csv,772,185.8973147146665,261.6621008403361,0.17834312140212197,0.2472166806722689,,,,,,
cicv5g,53,5,speed_mean_kmh,0.819672131147541,9.838255083048278,20181024_d10_0900_0930.csv,773,184.1657243007231,255.56323529411762,0.17663432510582566,0.24460147058823534,,,,,,
cicv5g,53,5,vehicle_count,0.8032786885245902,2.725244211995529,20181024_d10_0900_0930.csv,773,184.1657243007231,255.56323529411762,0.17663432510582566,0.24460147058823534,,,,,,
cicv5g,53,5,flow_proxy,0.8524590163934426,39287.360893044926,20181024_d10_0900_0930.csv,773,184.1657243007231,255.56323529411762,0.17663432510582566,0.24460147058823534,,,,,,
cicv5g,53,10,speed_mean_kmh,0.7213114754098361,10.748254260864044,20181024_d10_0900_0930.csv,773,184.1657243007231,255.56323529411762,0.17663432510582566,0.24460147058823534,,,,,,
cicv5g,53,10,vehicle_count,0.7377049180327869,3.246023706898732,20181024_d10_0900_0930.csv,773,184.1657243007231,255.56323529411762,0.17663432510582566,0.24460147058823534,,,,,,
cicv5g,53,10,flow_proxy,0.7868852459016393,41396.208816633894,20181024_d10_0900_0930.csv,773,184.1657243007231,255.56323529411762,0.17663432510582566,0.24460147058823534,,,,,,
cicv5g,53,30,speed_mean_kmh,0.8688524590163934,11.324522966307015,20181024_d10_0900_0930.csv,773,184.1657243007231,255.56323529411762,0.17663432510582566,0.24460147058823534,,,,,,
cicv5g,53,30,vehicle_count,0.6885245901639344,3.760443102286368,20181024_d10_0900_0930.csv,773,184.1657243007231,255.56323529411762,0.17663432510582566,0.24460147058823534,,,,,,
cicv5g,53,30,flow_proxy,0.8524590163934426,36492.069710187454,20181024_d10_0900_0930.csv,773,184.1657243007231,255.56323529411762,0.17663432510582566,0.24460147058823534,,,,,,
cicv5g,54,5,speed_mean_kmh,0.8852459016393442,10.244463809944438,20181024_d10_0900_0930.csv,774,182.62909426409308,248.95377583465816,0.17511299421449478,0.24002794117647058,,,,,,
cicv5g,54,5,vehicle_count,0.8852459016393442,2.716662501260672,20181024_d10_0900_0930.csv,774,182.62909426409308,248.95377583465816,0.17511299421449478,0.24002794117647058,,,,,,
cicv5g,54,5,flow_proxy,0.9508196721311475,39320.711714579156,20181024_d10_0900_0930.csv,774,182.62909426409308,248.95377583465816,0.17511299421449478,0.24002794117647058,,,,,,
cicv5g,54,10,speed_mean_kmh,0.7213114754098361,10.797854777901545,20181024_d10_0900_0930.csv,774,182.62909426409308,248.95377583465816,0.17511299421449478,0.24002794117647058,,,,,,
cicv5g,54,10,vehicle_count,0.7377049180327869,3.2319859454011697,20181024_d10_0900_0930.csv,774,182.62909426409308,248.95377583465816,0.17511299421449478,0.24002794117647058,,,,,,
cicv5g,54,10,flow_proxy,0.7868852459016393,40937.71413564978,20181024_d10_0900_0930.csv,774,182.62909426409308,248.95377583465816,0.17511299421449478,0.24002794117647058,,,,,,
cicv5g,54,30,speed_mean_kmh,0.8360655737704918,10.938385427020862,20181024_d10_0900_0930.csv,774,182.62909426409308,248.95377583465816,0.17511299421449478,0.24002794117647058,,,,,,
cicv5g,54,30,vehicle_count,0.7540983606557377,3.788611057727625,20181024_d10_0900_0930.csv,774,182.62909426409308,248.95377583465816,0.17511299421449478,0.24002794117647058,,,,,,
cicv5g,54,30,flow_proxy,0.8688524590163934,36344.424695117516,20181024_d10_0900_0930.csv,774,182.62909426409308,248.95377583465816,0.17511299421449478,0.24002794117647058,,,,,,
cicv5g,55,5,speed_mean_kmh,0.8524590163934426,10.10987307768283,20181024_d10_0900_0930.csv,775,181.16582045456929,247.16490461049284,0.1736307918335424,0.2365529411764706,,,,,,
cicv5g,55,5,vehicle_count,0.8524590163934426,2.743388789234417,20181024_d10_0900_0930.csv,775,181.16582045456929,247.16490461049284,0.1736307918335424,0.2365529411764706,,,,,,
cicv5g,55,5,flow_proxy,0.9180327868852459,39280.1259492895,20181024_d10_0900_0930.csv,775,181.16582045456929,247.16490461049284,0.1736307918335424,0.2365529411764706,,,,,,
cicv5g,55,10,speed_mean_kmh,0.6885245901639344,10.648549829488038,20181024_d10_0900_0930.csv,775,181.16582045456929,247.16490461049284,0.1736307918335424,0.2365529411764706,,,,,,
cicv5g,55,10,vehicle_count,0.7377049180327869,3.268523845117636,20181024_d10_0900_0930.csv,775,181.16582045456929,247.16490461049284,0.1736307918335424,0.2365529411764706,,,,,,
cicv5g,55,10,flow_proxy,0.7213114754098361,40616.60160097872,20181024_d10_0900_0930.csv,775,181.16582045456929,247.16490461049284,0.1736307918335424,0.2365529411764706,,,,,,
cicv5g,55,30,speed_mean_kmh,0.8360655737704918,10.732251247681853,20181024_d10_0900_0930.csv,775,181.16582045456929,247.16490461049284,0.1736307918335424,0.2365529411764706,,,,,,
cicv5g,55,30,vehicle_count,0.7540983606557377,3.814504141961237,20181024_d10_0900_0930.csv,775,181.16582045456929,247.16490461049284,0.1736307918335424,0.2365529411764706,,,,,,
cicv5g,55,30,flow_proxy,0.8032786885245902,36536.03181889642,20181024_d10_0900_0930.csv,775,181.16582045456929,247.16490461049284,0.1736307918335424,0.2365529411764706,,,,,,
cicv5g,56,5,speed_mean_kmh,0.8360655737704918,10.134096351999672,20181024_d10_0900_0930.csv,776,180.13089869070018,240.54999999999998,0.17251514460736886,0.2365529411764706,,,,,,
cicv5g,56,5,vehicle_count,0.8032786885245902,2.6825058200290957,20181024_d10_0900_0930.csv,776,180.13089869070018,240.54999999999998,0.17251514460736886,0.2365529411764706,,,,,,
cicv5g,56,5,flow_proxy,0.8688524590163934,38500.91286261906,20181024_d10_0900_0930.csv,776,180.13089869070018,240.54999999999998,0.17251514460736886,0.2365529411764706,,,,,,
cicv5g,56,10,speed_mean_kmh,0.7049180327868853,10.715284988963035,20181024_d10_0900_0930.csv,776,180.13089869070018,240.54999999999998,0.17251514460736886,0.2365529411764706,,,,,,
cicv5g,56,10,vehicle_count,0.7540983606557377,3.205948276118966,20181024_d10_0900_0930.csv,776,180.13089869070018,240.54999999999998,0.17251514460736886,0.2365529411764706,,,,,,
cicv5g,56,10,flow_proxy,0.7868852459016393,40099.29131216302,20181024_d10_0900_0930.csv,776,180.13089869070018,240.54999999999998,0.17251514460736886,0.2365529411764706,,,,,,
cicv5g,56,30,speed_mean_kmh,0.8360655737704918,10.814976016849922,20181024_d10_0900_0930.csv,776,180.13089869070018,240.54999999999998,0.17251514460736886,0.2365529411764706,,,,,,
cicv5g,56,30,vehicle_count,0.7213114754098361,3.7932171384003994,20181024_d10_0900_0930.csv,776,180.13089869070018,240.54999999999998,0.17251514460736886,0.2365529411764706,,,,,,
cicv5g,56,30,flow_proxy,0.819672131147541,36473.52130836255,20181024_d10_0900_0930.csv,776,180.13089869070018,240.54999999999998,0.17251514460736886,0.2365529411764706,,,,,,
cicv5g,57,5,speed_mean_kmh,0.8524590163934426,9.727588059576643,20181024_d10_0900_0930.csv,777,178.7022023472979,233.75147058823526,0.17099295329841283,0.23294558823529413,,,,,,
cicv5g,57,5,vehicle_count,0.7540983606557377,2.731694340666169,20181024_d10_0900_0930.csv,777,178.7022023472979,233.75147058823526,0.17099295329841283,0.23294558823529413,,,,,,
cicv5g,57,5,flow_proxy,0.819672131147541,38420.91024469687,20181024_d10_0900_0930.csv,777,178.7022023472979,233.75147058823526,0.17099295329841283,0.23294558823529413,,,,,,
cicv5g,57,10,speed_mean_kmh,0.7213114754098361,10.536052125069038,20181024_d10_0900_0930.csv,777,178.7022023472979,233.75147058823526,0.17099295329841283,0.23294558823529413,,,,,,
cicv5g,57,10,vehicle_count,0.7540983606557377,3.271721652599261,20181024_d10_0900_0930.csv,777,178.7022023472979,233.75147058823526,0.17099295329841283,0.23294558823529413,,,,,,
cicv5g,57,10,flow_proxy,0.6885245901639344,40003.31449771654,20181024_d10_0900_0930.csv,777,178.7022023472979,233.75147058823526,0.17099295329841283,0.23294558823529413,,,,,,
cicv5g,57,30,speed_mean_kmh,0.8688524590163934,10.897834864550944,20181024_d10_0900_0930.csv,777,178.7022023472979,233.75147058823526,0.17099295329841283,0.23294558823529413,,,,,,
cicv5g,57,30,vehicle_count,0.7213114754098361,3.8383313318890453,20181024_d10_0900_0930.csv,777,178.7022023472979,233.75147058823526,0.17099295329841283,0.23294558823529413,,,,,,
cicv5g,57,30,flow_proxy,0.7868852459016393,36987.61221424431,20181024_d10_0900_0930.csv,777,178.7022023472979,233.75147058823526,0.17099295329841283,0.23294558823529413,,,,,,
cicv5g,58,5,speed_mean_kmh,0.7868852459016393,9.418660274661766,20181024_d10_0900_0930.csv,778,177.26928181066222,228.52967914438503,0.16944344349449128,0.22849732620320856,,,,,,
cicv5g,58,5,vehicle_count,0.7213114754098361,2.752729441620194,20181024_d10_0900_0930.csv,778,177.26928181066222,228.52967914438503,0.16944344349449128,0.22849732620320856,,,,,,
cicv5g,58,5,flow_proxy,0.819672131147541,38045.53589276514,20181024_d10_0900_0930.csv,778,177.26928181066222,228.52967914438503,0.16944344349449128,0.22849732620320856,,,,,,
cicv5g,58,10,speed_mean_kmh,0.7213114754098361,10.276156010822428,20181024_d10_0900_0930.csv,778,177.26928181066222,228.52967914438503,0.16944344349449128,0.22849732620320856,,,,,,
cicv5g,58,10,vehicle_count,0.7540983606557377,3.303256990579133,20181024_d10_0900_0930.csv,778,177.26928181066222,228.52967914438503,0.16944344349449128,0.22849732620320856,,,,,,
cicv5g,58,10,flow_proxy,0.7868852459016393,39755.4103232558,20181024_d10_0900_0930.csv,778,177.26928181066222,228.52967914438503,0.16944344349449128,0.22849732620320856,,,,,,
cicv5g,58,30,speed_mean_kmh,0.8688524590163934,10.8477818065524,20181024_d10_0900_0930.csv,778,177.26928181066222,228.52967914438503,0.16944344349449128,0.22849732620320856,,,,,,
cicv5g,58,30,vehicle_count,0.7213114754098361,3.846386517542966,20181024_d10_0900_0930.csv,778,177.26928181066222,228.52967914438503,0.16944344349449128,0.22849732620320856,,,,,,
cicv5g,58,30,flow_proxy,0.7868852459016393,36796.13204107072,20181024_d10_0900_0930.csv,778,177.26928181066222,228.52967914438503,0.16944344349449128,0.22849732620320856,,,,,,
cicv5g,59,5,speed_mean_kmh,0.7704918032786885,9.50457055731247,20181024_d10_0900_0930.csv,779,175.93272350312864,227.2807792207792,0.1679556467968649,0.2272807792207792,,,,,,
cicv5g,59,5,vehicle_count,0.7704918032786885,2.701955848360324,20181024_d10_0900_0930.csv,779,175.93272350312864,227.2807792207792,0.1679556467968649,0.2272807792207792,,,,,,
cicv5g,59,5,flow_proxy,0.8032786885245902,36868.009669506486,20181024_d10_0900_0930.csv,779,175.93272350312864,227.2807792207792,0.1679556467968649,0.2272807792207792,,,,,,
cicv5g,59,10,speed_mean_kmh,0.8032786885245902,10.310569471852808,20181024_d10_0900_0930.csv,779,175.93272350312864,227.2807792207792,0.1679556467968649,0.2272807792207792,,,,,,
cicv5g,59,10,vehicle_count,0.7704918032786885,3.247198661791383,20181024_d10_0900_0930.csv,779,175.93272350312864,227.2807792207792,0.1679556467968649,0.2272807792207792,,,,,,
cicv5g,59,10,flow_proxy,0.8360655737704918,38631.64695082124,20181024_d10_0900_0930.csv,779,175.93272350312864,227.2807792207792,0.1679556467968649,0.2272807792207792,,,,,,
cicv5g,59,30,speed_mean_kmh,0.8688524590163934,10.903538466494133,20181024_d10_0900_0930.csv,779,175.93272350312864,227.2807792207792,0.1679556467968649,0.2272807792207792,,,,,,
cicv5g,59,30,vehicle_count,0.7377049180327869,3.802137880600745,20181024_d10_0900_0930.csv,779,175.93272350312864,227.2807792207792,0.1679556467968649,0.2272807792207792,,,,,,
cicv5g,59,30,flow_proxy,0.8032786885245902,36539.43557474093,20181024_d10_0900_0930.csv,779,175.93272350312864,227.2807792207792,0.1679556467968649,0.2272807792207792,,,,,,
cicv5g,60,5,speed_mean_kmh,0.7213114754098361,9.228698850574776,20181024_d10_0900_0930.csv,780,174.64809554938307,225.71597402597402,0.16649457339314436,0.22571597402597404,,,,,,
cicv5g,60,5,vehicle_count,0.7213114754098361,2.7291959436153106,20181024_d10_0900_0930.csv,780,174.64809554938307,225.71597402597402,0.16649457339314436,0.22571597402597404,,,,,,
cicv5g,60,5,flow_proxy,0.7377049180327869,36546.13531524562,20181024_d10_0900_0930.csv,780,174.64809554938307,225.71597402597402,0.16649457339314436,0.22571597402597404,,,,,,
cicv5g,60,10,speed_mean_kmh,0.819672131147541,10.007072363948103,20181024_d10_0900_0930.csv,780,174.64809554938307,225.71597402597402,0.16649457339314436,0.22571597402597404,,,,,,
cicv5g,60,10,vehicle_count,0.819672131147541,3.277253539521133,20181024_d10_0900_0930.csv,780,174.64809554938307,225.71597402597402,0.16649457339314436,0.22571597402597404,,,,,,
cicv5g,60,10,flow_proxy,0.8524590163934426,38213.01144351829,20181024_d10_0900_0930.csv,780,174.64809554938307,225.71597402597402,0.16649457339314436,0.22571597402597404,,,,,,
cicv5g,60,30,speed_mean_kmh,0.8524590163934426,10.86715936496451,20181024_d10_0900_0930.csv,780,174.64809554938307,225.71597402597402,0.16649457339314436,0.22571597402597404,,,,,,
cicv5g,60,30,vehicle_count,0.7540983606557377,3.8112116279374444,20181024_d10_0900_0930.csv,780,174.64809554938307,225.71597402597402,0.16649457339314436,0.22571597402597404,,,,,,
cicv5g,60,30,flow_proxy,0.819672131147541,36691.69095619505,20181024_d10_0900_0930.csv,780,174.64809554938307,225.71597402597402,0.16649457339314436,0.22571597402597404,,,,,,
cicv5g,61,5,speed_mean_kmh,0.7704918032786885,9.575136277957082,20181024_d10_0900_0930.csv,781,173.47542083847304,220.60753246753245,0.16511729838057526,0.22060753246753245,,,,,,
cicv5g,61,5,vehicle_count,0.7213114754098361,2.688367870101068,20181024_d10_0900_0930.csv,781,173.47542083847304,220.60753246753245,0.16511729838057526,0.22060753246753245,,,,,,
cicv5g,61,5,flow_proxy,0.8360655737704918,36189.51142161465,20181024_d10_0900_0930.csv,781,173.47542083847304,220.60753246753245,0.16511729838057526,0.22060753246753245,,,,,,
cicv5g,61,10,speed_mean_kmh,0.7540983606557377,10.332949875520846,20181024_d10_0900_0930.csv,781,173.47542083847304,220.60753246753245,0.16511729838057526,0.22060753246753245,,,,,,
cicv5g,61,10,vehicle_count,0.7704918032786885,3.2209460765913103,20181024_d10_0900_0930.csv,781,173.47542083847304,220.60753246753245,0.16511729838057526,0.22060753246753245,,,,,,
cicv5g,61,10,flow_proxy,0.819672131147541,37979.140413090216,20181024_d10_0900_0930.csv,781,173.47542083847304,220.60753246753245,0.16511729838057526,0.22060753246753245,,,,,,
cicv5g,61,30,speed_mean_kmh,0.8688524590163934,11.24460671907884,20181024_d10_0900_0930.csv,781,173.47542083847304,220.60753246753245,0.16511729838057526,0.22060753246753245,,,,,,
cicv5g,61,30,vehicle_count,0.7213114754098361,3.7714927464133967,20181024_d10_0900_0930.csv,781,173.47542083847304,220.60753246753245,0.16511729838057526,0.22060753246753245,,,,,,
cicv5g,61,30,flow_proxy,0.8032786885245902,36476.78366525919,20181024_d10_0900_0930.csv,781,173.47542083847304,220.60753246753245,0.16511729838057526,0.22060753246753245,,,,,,
cicv5g,62,5,speed_mean_kmh,0.6721311475409836,9.58992285494796,20181024_d10_0900_0930.csv,782,172.466326761818,217.82926406926404,0.16392568397871696,0.217829264069264,,,,,,
cicv5g,62,5,vehicle_count,0.7377049180327869,2.7497662312041156,20181024_d10_0900_0930.csv,782,172.466326761818,217.82926406926404,0.16392568397871696,0.217829264069264,,,,,,
cicv5g,62,5,flow_proxy,0.7868852459016393,36687.2684878387,20181024_d10_0900_0930.csv,782,172.466326761818,217.82926406926404,0.16392568397871696,0.217829264069264,,,,,,
cicv5g,62,10,speed_mean_kmh,0.7868852459016393,10.327460284802621,20181024_d10_0900_0930.csv,782,172.466326761818,217.82926406926404,0.16392568397871696,0.217829264069264,,,,,,
cicv5g,62,10,vehicle_count,0.819672131147541,3.2913038026144776,20181024_d10_0900_0930.csv,782,172.466326761818,217.82926406926404,0.16392568397871696,0.217829264069264,,,,,,
cicv5g,62,10,flow_proxy,0.8360655737704918,38400.40772193567,20181024_d10_0900_0930.csv,782,172.466326761818,217.82926406926404,0.16392568397871696,0.217829264069264,,,,,,
cicv5g,62,30,speed_mean_kmh,0.8360655737704918,11.030188392459058,20181024_d10_0900_0930.csv,782,172.466326761818,217.82926406926404,0.16392568397871696,0.217829264069264,,,,,,
cicv5g,62,30,vehicle_count,0.7213114754098361,3.7985886257484234,20181024_d10_0900_0930.csv,782,172.466326761818,217.82926406926404,0.16392568397871696,0.217829264069264,,,,,,
cicv5g,62,30,flow_proxy,0.8360655737704918,36184.55009733669,20181024_d10_0900_0930.csv,782,172.466326761818,217.82926406926404,0.16392568397871696,0.217829264069264,,,,,,
cicv5g,63,5,speed_mean_kmh,0.7377049180327869,9.489951971264023,20181024_d10_0900_0930.csv,783,171.6319799974712,217.38770562770563,0.1629229611459941,0.2173877056277056,,,,,,
cicv5g,63,5,vehicle_count,0.7540983606557377,2.7172523872713223,20181024_d10_0900_0930.csv,783,171.6319799974712,217.38770562770563,0.1629229611459941,0.2173877056277056,,,,,,
cicv5g,63,5,flow_proxy,0.819672131147541,35680.181001091936,20181024_d10_0900_0930.csv,783,171.6319799974712,217.38770562770563,0.1629229611459941,0.2173877056277056,,,,,,
cicv5g,63,10,speed_mean_kmh,0.7868852459016393,10.259506328387467,20181024_d10_0900_0930.csv,783,171.6319799974712,217.38770562770563,0.1629229611459941,0.2173877056277056,,,,,,
cicv5g,63,10,vehicle_count,0.8032786885245902,3.2590275773287485,20181024_d10_0900_0930.csv,783,171.6319799974712,217.38770562770563,0.1629229611459941,0.2173877056277056,,,,,,
cicv5g,63,10,flow_proxy,0.8360655737704918,37719.19875161899,20181024_d10_0900_0930.csv,783,171.6319799974712,217.38770562770563,0.1629229611459941,0.2173877056277056,,,,,,
cicv5g,63,30,speed_mean_kmh,0.8032786885245902,11.342475709823205,20181024_d10_0900_0930.csv,783,171.6319799974712,217.38770562770563,0.1629229611459941,0.2173877056277056,,,,,,
cicv5g,63,30,vehicle_count,0.7213114754098361,3.752462251229069,20181024_d10_0900_0930.csv,783,171.6319799974712,217.38770562770563,0.1629229611459941,0.2173877056277056,,,,,,
cicv5g,63,30,flow_proxy,0.8360655737704918,35961.296209952525,20181024_d10_0900_0930.csv,783,171.6319799974712,217.38770562770563,0.1629229611459941,0.2173877056277056,,,,,,
cicv5g,64,5,speed_mean_kmh,0.7704918032786885,9.71603327274653,20181024_d10_0900_0930.csv,784,170.58304060353186,209.2404464285714,0.1617344384187214,0.2092404464285714,,,,,,
cicv5g,64,5,vehicle_count,0.7868852459016393,2.7055496965880446,20181024_d10_0900_0930.csv,784,170.58304060353186,209.2404464285714,0.1617344384187214,0.2092404464285714,,,,,,
cicv5g,64,5,flow_proxy,0.8524590163934426,36051.80385131659,20181024_d10_0900_0930.csv,784,170.58304060353186,209.2404464285714,0.1617344384187214,0.2092404464285714,,,,,,
cicv5g,64,10,speed_mean_kmh,0.7213114754098361,10.307243757710374,20181024_d10_0900_0930.csv,784,170.58304060353186,209.2404464285714,0.1617344384187214,0.2092404464285714,,,,,,
cicv5g,64,10,vehicle_count,0.7868852459016393,3.2349949884101994,20181024_d10_0900_0930.csv,784,170.58304060353186,209.2404464285714,0.1617344384187214,0.2092404464285714,,,,,,
cicv5g,64,10,flow_proxy,0.7704918032786885,37933.29967197624,20181024_d10_0900_0930.csv,784,170.58304060353186,209.2404464285714,0.1617344384187214,0.2092404464285714,,,,,,
cicv5g,64,30,speed_mean_kmh,0.8032786885245902,11.331903927356574,20181024_d10_0900_0930.csv,784,170.58304060353186,209.2404464285714,0.1617344384187214,0.2092404464285714,,,,,,
cicv5g,64,30,vehicle_count,0.6885245901639344,3.7320707023155464,20181024_d10_0900_0930.csv,784,170.58304060353186,209.2404464285714,0.1617344384187214,0.2092404464285714,,,,,,
cicv5g,64,30,flow_proxy,0.7868852459016393,35734.85373802752,20181024_d10_0900_0930.csv,784,170.58304060353186,209.2404464285714,0.1617344384187214,0.2092404464285714,,,,,,
cicv5g,65,5,speed_mean_kmh,0.8360655737704918,9.746048856428818,20181024_d10_0900_0930.csv,785,169.6861874566787,208.35729166666667,0.16071920920349217,0.20643749999999997,,,,,,
cicv5g,65,5,vehicle_count,0.9016393442622951,2.6664671717328043,20181024_d10_0900_0930.csv,785,169.6861874566787,208.35729166666667,0.16071920920349217,0.20643749999999997,,,,,,
cicv5g,65,5,flow_proxy,0.9180327868852459,35815.79986982477,20181024_d10_0900_0930.csv,785,169.6861874566787,208.35729166666667,0.16071920920349217,0.20643749999999997,,,,,,
cicv5g,65,10,speed_mean_kmh,0.8032786885245902,10.192132426102393,20181024_d10_0900_0930.csv,785,169.6861874566787,208.35729166666667,0.16071920920349217,0.20643749999999997,,,,,,
cicv5g,65,10,vehicle_count,0.8032786885245902,3.2010052442842074,20181024_d10_0900_0930.csv,785,169.6861874566787,208.35729166666667,0.16071920920349217,0.20643749999999997,,,,,,
cicv5g,65,10,flow_proxy,0.819672131147541,37567.67773094634,20181024_d10_0900_0930.csv,785,169.6861874566787,208.35729166666667,0.16071920920349217,0.20643749999999997,,,,,,
cicv5g,65,30,speed_mean_kmh,0.8032786885245902,10.95703651850502,20181024_d10_0900_0930.csv,785,169.6861874566787,208.35729166666667,0.16071920920349217,0.20643749999999997,,,,,,
cicv5g,65,30,vehicle_count,0.6557377049180327,3.691492672581791,20181024_d10_0900_0930.csv,785,169.6861874566787,208.35729166666667,0.16071920920349217,0.20643749999999997,,,,,,
cicv5g,65,30,flow_proxy,0.7868852459016393,35383.34402425357,20181024_d10_0900_0930.csv,785,169.6861874566787,208.35729166666667,0.16071920920349217,0.20643749999999997,,,,,,
cicv5g,66,5,speed_mean_kmh,0.7377049180327869,9.64245487652959,20181024_d10_0900_0930.csv,786,169.04529201578328,207.49166666666667,0.15997831376259672,0.19763835227272727,,,,,,
cicv5g,66,5,vehicle_count,0.8360655737704918,2.625606186446055,20181024_d10_0900_0930.csv,786,169.04529201578328,207.49166666666667,0.15997831376259672,0.19763835227272727,,,,,,
cicv5g,66,5,flow_proxy,0.8360655737704918,35241.62048728173,20181024_d10_0900_0930.csv,786,169.04529201578328,207.49166666666667,0.15997831376259672,0.19763835227272727,,,,,,
cicv5g,66,10,speed_mean_kmh,0.7868852459016393,10.2250557254541,20181024_d10_0900_0930.csv,786,169.04529201578328,207.49166666666667,0.15997831376259672,0.19763835227272727,,,,,,
cicv5g,66,10,vehicle_count,0.7540983606557377,3.161280099438262,20181024_d10_0900_0930.csv,786,169.04529201578328,207.49166666666667,0.15997831376259672,0.19763835227272727,,,,,,
cicv5g,66,10,flow_proxy,0.7377049180327869,37476.50249730514,20181024_d10_0900_0930.csv,786,169.04529201578328,207.49166666666667,0.15997831376259672,0.19763835227272727,,,,,,
cicv5g,66,30,speed_mean_kmh,0.7868852459016393,11.188439888912718,20181024_d10_0900_0930.csv,786,169.04529201578328,207.49166666666667,0.15997831376259672,0.19763835227272727,,,,,,
cicv5g,66,30,vehicle_count,0.6885245901639344,3.6483407866765436,20181024_d10_0900_0930.csv,786,169.04529201578328,207.49166666666667,0.15997831376259672,0.19763835227272727,,,,,,
cicv5g,66,30,flow_proxy,0.819672131147541,35732.40559045717,20181024_d10_0900_0930.csv,786,169.04529201578328,207.49166666666667,0.15997831376259672,0.19763835227272727,,,,,,
cicv5g,67,5,speed_mean_kmh,0.8032786885245902,9.95188425988485,20181024_d10_0900_0930.csv,787,168.6098753491166,207.49166666666667,0.1594733137625967,0.19763835227272727,,,,,,
cicv5g,67,5,vehicle_count,0.8360655737704918,2.678948917622507,20181024_d10_0900_0930.csv,787,168.6098753491166,207.49166666666667,0.1594733137625967,0.19763835227272727,,,,,,
cicv5g,67,5,flow_proxy,0.8360655737704918,36242.30021527776,20181024_d10_0900_0930.csv,787,168.6098753491166,207.49166666666667,0.1594733137625967,0.19763835227272727,,,,,,
cicv5g,67,10,speed_mean_kmh,0.7049180327868853,10.26477894432947,20181024_d10_0900_0930.csv,787,168.6098753491166,207.49166666666667,0.1594733137625967,0.19763835227272727,,,,,,
cicv5g,67,10,vehicle_count,0.8032786885245902,3.221304909171283,20181024_d10_0900_0930.csv,787,168.6098753491166,207.49166666666667,0.1594733137625967,0.19763835227272727,,,,,,
cicv5g,67,10,flow_proxy,0.7213114754098361,37975.65854806801,20181024_d10_0900_0930.csv,787,168.6098753491166,207.49166666666667,0.1594733137625967,0.19763835227272727,,,,,,
cicv5g,67,30,speed_mean_kmh,0.7540983606557377,10.985389728585455,20181024_d10_0900_0930.csv,787,168.6098753491166,207.49166666666667,0.1594733137625967,0.19763835227272727,,,,,,
cicv5g,67,30,vehicle_count,0.7213114754098361,3.6740046262097765,20181024_d10_0900_0930.csv,787,168.6098753491166,207.49166666666667,0.1594733137625967,0.19763835227272727,,,,,,
cicv5g,67,30,flow_proxy,0.7704918032786885,36036.484410540375,20181024_d10_0900_0930.csv,787,168.6098753491166,207.49166666666667,0.1594733137625967,0.19763835227272727,,,,,,
cicv5g,68,5,speed_mean_kmh,0.819672131147541,9.791735295521528,20181024_d10_0900_0930.csv,788,167.84403575011908,206.36924342105263,0.15866010574254658,0.1968135026737968,,,,,,
cicv5g,68,5,vehicle_count,0.8360655737704918,2.637344842122955,20181024_d10_0900_0930.csv,788,167.84403575011908,206.36924342105263,0.15866010574254658,0.1968135026737968,,,,,,
cicv5g,68,5,flow_proxy,0.8524590163934426,35184.805708190426,20181024_d10_0900_0930.csv,788,167.84403575011908,206.36924342105263,0.15866010574254658,0.1968135026737968,,,,,,
cicv5g,68,10,speed_mean_kmh,0.6557377049180327,10.26748171945017,20181024_d10_0900_0930.csv,788,167.84403575011908,206.36924342105263,0.15866010574254658,0.1968135026737968,,,,,,
cicv5g,68,10,vehicle_count,0.7540983606557377,3.1791201653303527,20181024_d10_0900_0930.csv,788,167.84403575011908,206.36924342105263,0.15866010574254658,0.1968135026737968,,,,,,
cicv5g,68,10,flow_proxy,0.7049180327868853,37102.28928885761,20181024_d10_0900_0930.csv,788,167.84403575011908,206.36924342105263,0.15866010574254658,0.1968135026737968,,,,,,
cicv5g,68,30,speed_mean_kmh,0.7868852459016393,11.245932434347866,20181024_d10_0900_0930.csv,788,167.84403575011908,206.36924342105263,0.15866010574254658,0.1968135026737968,,,,,,
cicv5g,68,30,vehicle_count,0.7213114754098361,3.6205436763156027,20181024_d10_0900_0930.csv,788,167.84403575011908,206.36924342105263,0.15866010574254658,0.1968135026737968,,,,,,
cicv5g,68,30,flow_proxy,0.7213114754098361,35802.893719702595,20181024_d10_0900_0930.csv,788,167.84403575011908,206.36924342105263,0.15866010574254658,0.1968135026737968,,,,,,
cicv5g,69,5,speed_mean_kmh,0.8032786885245902,9.602423318760902,20181024_d10_0900_0930.csv,789,167.2258644538228,202.74855182926828,0.15802156407587994,0.19182408088235295,,,,,,
cicv5g,69,5,vehicle_count,0.7868852459016393,2.604195754180516,20181024_d10_0900_0930.csv,789,167.2258644538228,202.74855182926828,0.15802156407587994,0.19182408088235295,,,,,,
cicv5g,69,5,flow_proxy,0.7213114754098361,34916.09965429813,20181024_d10_0900_0930.csv,789,167.2258644538228,202.74855182926828,0.15802156407587994,0.19182408088235295,,,,,,
cicv5g,69,10,speed_mean_kmh,0.6229508196721312,10.134433654049108,20181024_d10_0900_0930.csv,789,167.2258644538228,202.74855182926828,0.15802156407587994,0.19182408088235295,,,,,,
cicv5g,69,10,vehicle_count,0.7540983606557377,3.1314049385746703,20181024_d10_0900_0930.csv,789,167.2258644538228,202.74855182926828,0.15802156407587994,0.19182408088235295,,,,,,
cicv5g,69,10,flow_proxy,0.6885245901639344,36800.715621201874,20181024_d10_0900_0930.csv,789,167.2258644538228,202.74855182926828,0.15802156407587994,0.19182408088235295,,,,,,
cicv5g,69,30,speed_mean_kmh,0.819672131147541,11.115545021543618,20181024_d10_0900_0930.csv,789,167.2258644538228,202.74855182926828,0.15802156407587994,0.19182408088235295,,,,,,
cicv5g,69,30,vehicle_count,0.6885245901639344,3.578791481360808,20181024_d10_0900_0930.csv,789,167.2258644538228,202.74855182926828,0.15802156407587994,0.19182408088235295,,,,,,
cicv5g,69,30,flow_proxy,0.7540983606557377,35509.341294084814,20181024_d10_0900_0930.csv,789,167.2258644538228,202.74855182926828,0.15802156407587994,0.19182408088235295,,,,,,
cicv5g,70,5,speed_mean_kmh,0.8360655737704918,9.3564529837401,20181024_d10_0900_0930.csv,790,166.6631850279855,202.74855182926828,0.1574588846500426,0.19133457661290326,,,,,,
cicv5g,70,5,vehicle_count,0.7704918032786885,2.620214825476136,20181024_d10_0900_0930.csv,790,166.6631850279855,202.74855182926828,0.1574588846500426,0.19133457661290326,,,,,,
cicv5g,70,5,flow_proxy,0.8032786885245902,35266.45435875579,20181024_d10_0900_0930.csv,790,166.6631850279855,202.74855182926828,0.1574588846500426,0.19133457661290326,,,,,,
cicv5g,70,10,speed_mean_kmh,0.7049180327868853,9.859572763778429,20181024_d10_0900_0930.csv,790,166.6631850279855,202.74855182926828,0.1574588846500426,0.19133457661290326,,,,,,
cicv5g,70,10,vehicle_count,0.7704918032786885,3.137495546504103,20181024_d10_0900_0930.csv,790,166.6631850279855,202.74855182926828,0.1574588846500426,0.19133457661290326,,,,,,
cicv5g,70,10,flow_proxy,0.6721311475409836,36956.92989489798,20181024_d10_0900_0930.csv,790,166.6631850279855,202.74855182926828,0.1574588846500426,0.19133457661290326,,,,,,
cicv5g,70,30,speed_mean_kmh,0.8524590163934426,10.716746994858967,20181024_d10_0900_0930.csv,790,166.6631850279855,202.74855182926828,0.1574588846500426,0.19133457661290326,,,,,,
cicv5g,70,30,vehicle_count,0.7049180327868853,3.5801133889985604,20181024_d10_0900_0930.csv,790,166.6631850279855,202.74855182926828,0.1574588846500426,0.19133457661290326,,,,,,
cicv5g,70,30,flow_proxy,0.7868852459016393,35141.899001042926,20181024_d10_0900_0930.csv,790,166.6631850279855,202.74855182926828,0.1574588846500426,0.19133457661290326,,,,,,
cicv5g,71,5,speed_mean_kmh,0.819672131147541,9.772802643482338,20181024_d10_0900_0930.csv,791,165.79942968610516,197.08246054519367,0.15659512930816227,0.19069946236559138,,,,,,
cicv5g,71,5,vehicle_count,0.7540983606557377,2.6110580769298597,20181024_d10_0900_0930.csv,791,165.79942968610516,197.08246054519367,0.15659512930816227,0.19069946236559138,,,,,,
cicv5g,71,5,flow_proxy,0.7868852459016393,35071.63803313824,20181024_d10_0900_0930.csv,791,165.79942968610516,197.08246054519367,0.15659512930816227,0.19069946236559138,,,,,,
cicv5g,71,10,speed_mean_kmh,0.7377049180327869,10.140369077164786,20181024_d10_0900_0930.csv,791,165.79942968610516,197.08246054519367,0.15659512930816227,0.19069946236559138,,,,,,
cicv5g,71,10,vehicle_count,0.7213114754098361,3.128964155252553,20181024_d10_0900_0930.csv,791,165.79942968610516,197.08246054519367,0.15659512930816227,0.19069946236559138,,,,,,
cicv5g,71,10,flow_proxy,0.7049180327868853,36839.855114359685,20181024_d10_0900_0930.csv,791,165.79942968610516,197.08246054519367,0.15659512930816227,0.19069946236559138,,,,,,
cicv5g,71,30,speed_mean_kmh,0.819672131147541,10.768889895203898,20181024_d10_0900_0930.csv,791,165.79942968610516,197.08246054519367,0.15659512930816227,0.19069946236559138,,,,,,
cicv5g,71,30,vehicle_count,0.7377049180327869,3.573007004989204,20181024_d10_0900_0930.csv,791,165.79942968610516,197.08246054519367,0.15659512930816227,0.19069946236559138,,,,,,
cicv5g,71,30,flow_proxy,0.8524590163934426,35203.10106689241,20181024_d10_0900_0930.csv,791,165.79942968610516,197.08246054519367,0.15659512930816227,0.19069946236559138,,,,,,
cicv5g,72,5,speed_mean_kmh,0.7704918032786885,9.575297376222062,20181024_d10_0900_0930.csv,792,165.14516875096186,197.08246054519367,0.15594086837301901,0.19069946236559138,,,,,,
cicv5g,72,5,vehicle_count,0.819672131147541,2.60772625070674,20181024_d10_0900_0930.csv,792,165.14516875096186,197.08246054519367,0.15594086837301901,0.19069946236559138,,,,,,
cicv5g,72,5,flow_proxy,0.7540983606557377,34538.58353850943,20181024_d10_0900_0930.csv,792,165.14516875096186,197.08246054519367,0.15594086837301901,0.19069946236559138,,,,,,
cicv5g,72,10,speed_mean_kmh,0.7704918032786885,10.021269348347078,20181024_d10_0900_0930.csv,792,165.14516875096186,197.08246054519367,0.15594086837301901,0.19069946236559138,,,,,,
cicv5g,72,10,vehicle_count,0.8032786885245902,3.131773214256044,20181024_d10_0900_0930.csv,792,165.14516875096186,197.08246054519367,0.15594086837301901,0.19069946236559138,,,,,,
cicv5g,72,10,flow_proxy,0.7540983606557377,36641.93060934355,20181024_d10_0900_0930.csv,792,165.14516875096186,197.08246054519367,0.15594086837301901,0.19069946236559138,,,,,,
cicv5g,72,30,speed_mean_kmh,0.8032786885245902,10.770148393911619,20181024_d10_0900_0930.csv,792,165.14516875096186,197.08246054519367,0.15594086837301901,0.19069946236559138,,,,,,
cicv5g,72,30,vehicle_count,0.7377049180327869,3.5713888096632522,20181024_d10_0900_0930.csv,792,165.14516875096186,197.08246054519367,0.15594086837301901,0.19069946236559138,,,,,,
cicv5g,72,30,flow_proxy,0.819672131147541,35451.92532015574,20181024_d10_0900_0930.csv,792,165.14516875096186,197.08246054519367,0.15594086837301901,0.19069946236559138,,,,,,
cicv5g,73,5,speed_mean_kmh,0.7377049180327869,9.413062277701906,20181024_d10_0900_0930.csv,793,164.432284979032,197.08246054519367,0.15522798460108916,0.1853130208333333,,,,,,
cicv5g,73,5,vehicle_count,0.819672131147541,2.576746380129201,20181024_d10_0900_0930.csv,793,164.432284979032,197.08246054519367,0.15522798460108916,0.1853130208333333,,,,,,
cicv5g,73,5,flow_proxy,0.7540983606557377,33595.44067045459,20181024_d10_0900_0930.csv,793,164.432284979032,197.08246054519367,0.15522798460108916,0.1853130208333333,,,,,,
cicv5g,73,10,speed_mean_kmh,0.7704918032786885,9.941585611013611,20181024_d10_0900_0930.csv,793,164.432284979032,197.08246054519367,0.15522798460108916,0.1853130208333333,,,,,,
cicv5g,73,10,vehicle_count,0.7540983606557377,3.1034837970383684,20181024_d10_0900_0930.csv,793,164.432284979032,197.08246054519367,0.15522798460108916,0.1853130208333333,,,,,,
cicv5g,73,10,flow_proxy,0.7868852459016393,35952.520662390576,20181024_d10_0900_0930.csv,793,164.432284979032,197.08246054519367,0.15522798460108916,0.1853130208333333,,,,,,
cicv5g,73,30,speed_mean_kmh,0.7704918032786885,10.778598753731298,20181024_d10_0900_0930.csv,793,164.432284979032,197.08246054519367,0.15522798460108916,0.1853130208333333,,,,,,
cicv5g,73,30,vehicle_count,0.6885245901639344,3.545463841944035,20181024_d10_0900_0930.csv,793,164.432284979032,197.08246054519367,0.15522798460108916,0.1853130208333333,,,,,,
cicv5g,73,30,flow_proxy,0.7704918032786885,35298.06865417553,20181024_d10_0900_0930.csv,793,164.432284979032,197.08246054519367,0.15522798460108916,0.1853130208333333,,,,,,
see_v2x,0,5,speed_mean_kmh,0.8032786885245902,8.184277474234776,20181024_d10_0830_0900.csv,669,17.79680947089947,22.433656666666664,0.022033503915343915,0.022666649999999997,0.013914477513227514,38.14066461640211,,138598.07696007693,,
see_v2x,0,5,vehicle_count,0.819672131147541,2.303452069055329,20181024_d10_0830_0900.csv,669,17.79680947089947,22.433656666666664,0.022033503915343915,0.022666649999999997,0.013914477513227514,38.14066461640211,,138598.07696007693,,
see_v2x,0,5,flow_proxy,0.8032786885245902,29505.625665315412,20181024_d10_0830_0900.csv,669,17.79680947089947,22.433656666666664,0.022033503915343915,0.022666649999999997,0.013914477513227514,38.14066461640211,,138598.07696007693,,
see_v2x,0,10,speed_mean_kmh,0.8360655737704918,8.672752725899675,20181024_d10_0830_0900.csv,669,17.79680947089947,22.433656666666664,0.022033503915343915,0.022666649999999997,0.013914477513227514,38.14066461640211,,138598.07696007693,,
see_v2x,0,10,vehicle_count,0.8688524590163934,2.7631923913809247,20181024_d10_0830_0900.csv,669,17.79680947089947,22.433656666666664,0.022033503915343915,0.022666649999999997,0.013914477513227514,38.14066461640211,,138598.07696007693,,
see_v2x,0,10,flow_proxy,0.8524590163934426,32323.165104098327,20181024_d10_0830_0900.csv,669,17.79680947089947,22.433656666666664,0.022033503915343915,0.022666649999999997,0.013914477513227514,38.14066461640211,,138598.07696007693,,
see_v2x,0,30,speed_mean_kmh,0.7377049180327869,9.412606736366827,20181024_d10_0830_0900.csv,669,17.79680947089947,22.433656666666664,0.022033503915343915,0.022666649999999997,0.013914477513227514,38.14066461640211,,138598.07696007693,,
see_v2x,0,30,vehicle_count,0.7704918032786885,3.291983562218847,20181024_d10_0830_0900.csv,669,17.79680947089947,22.433656666666664,0.022033503915343915,0.022666649999999997,0.013914477513227514,38.14066461640211,,138598.07696007693,,
see_v2x,0,30,flow_proxy,0.6885245901639344,34035.60221368371,20181024_d10_0830_0900.csv,669,17.79680947089947,22.433656666666664,0.022033503915343915,0.022666649999999997,0.013914477513227514,38.14066461640211,,138598.07696007693,,
see_v2x,1,5,speed_mean_kmh,0.819672131147541,7.854675091031736,20181024_d10_0830_0900.csv,670,17.868895661375664,22.666650000000004,0.022105590105820104,0.0229757,0.013438287037037037,38.739374140211645,,136393.07696007696,,
see_v2x,1,5,vehicle_count,0.8688524590163934,2.3154008248397644,20181024_d10_0830_0900.csv,670,17.868895661375664,22.666650000000004,0.022105590105820104,0.0229757,0.013438287037037037,38.739374140211645,,136393.07696007696,,
see_v2x,1,5,flow_proxy,0.9180327868852459,29480.964779695412,20181024_d10_0830_0900.csv,670,17.868895661375664,22.666650000000004,0.022105590105820104,0.0229757,0.013438287037037037,38.739374140211645,,136393.07696007696,,
see_v2x,1,10,speed_mean_kmh,0.819672131147541,8.315624232089407,20181024_d10_0830_0900.csv,670,17.868895661375664,22.666650000000004,0.022105590105820104,0.0229757,0.013438287037037037,38.739374140211645,,136393.07696007696,,
see_v2x,1,10,vehicle_count,0.8524590163934426,2.787407236243295,20181024_d10_0830_0900.csv,670,17.868895661375664,22.666650000000004,0.022105590105820104,0.0229757,0.013438287037037037,38.739374140211645,,136393.07696007696,,
see_v2x,1,10,flow_proxy,0.8360655737704918,32275.087026704176,20181024_d10_0830_0900.csv,670,17.868895661375664,22.666650000000004,0.022105590105820104,0.0229757,0.013438287037037037,38.739374140211645,,136393.07696007696,,
see_v2x,1,30,speed_mean_kmh,0.8524590163934426,9.032257425937425,20181024_d10_0830_0900.csv,670,17.868895661375664,22.666650000000004,0.022105590105820104,0.0229757,0.013438287037037037,38.739374140211645,,136393.07696007696,,
see_v2x,1,30,vehicle_count,0.819672131147541,3.2886376115522795,20181024_d10_0830_0900.csv,670,17.868895661375664,22.666650000000004,0.022105590105820104,0.0229757,0.013438287037037037,38.739374140211645,,136393.07696007696,,
see_v2x,1,30,flow_proxy,0.7540983606557377,33861.96852654747,20181024_d10_0830_0900.csv,670,17.868895661375664,22.666650000000004,0.022105590105820104,0.0229757,0.013438287037037037,38.739374140211645,,136393.07696007696,,
see_v2x,2,5,speed_mean_kmh,0.8688524590163934,8.073591169268521,20181024_d10_0830_0900.csv,671,17.75586093915344,22.666650000000004,0.021992555383597883,0.0229757,0.013993842592592594,37.913151917989424,,136484.74362674364,,
see_v2x,2,5,vehicle_count,0.9016393442622951,2.3013274859336423,20181024_d10_0830_0900.csv,671,17.75586093915344,22.666650000000004,0.021992555383597883,0.0229757,0.013993842592592594,37.913151917989424,,136484.74362674364,,
see_v2x,2,5,flow_proxy,0.9180327868852459,29000.42758671997,20181024_d10_0830_0900.csv,671,17.75586093915344,22.666650000000004,0.021992555383597883,0.0229757,0.013993842592592594,37.913151917989424,,136484.74362674364,,
see_v2x,2,10,speed_mean_kmh,0.819672131147541,8.522247044161528,20181024_d10_0830_0900.csv,671,17.75586093915344,22.666650000000004,0.021992555383597883,0.0229757,0.013993842592592594,37.913151917989424,,136484.74362674364,,
see_v2x,2,10,vehicle_count,0.9016393442622951,2.7483096034804673,20181024_d10_0830_0900.csv,671,17.75586093915344,22.666650000000004,0.021992555383597883,0.0229757,0.013993842592592594,37.913151917989424,,136484.74362674364,,
see_v2x,2,10,flow_proxy,0.8032786885245902,31760.637648862874,20181024_d10_0830_0900.csv,671,17.75586093915344,22.666650000000004,0.021992555383597883,0.0229757,0.013993842592592594,37.913151917989424,,136484.74362674364,,
see_v2x,2,30,speed_mean_kmh,0.8360655737704918,9.40650712050949,20181024_d10_0830_0900.csv,671,17.75586093915344,22.666650000000004,0.021992555383597883,0.0229757,0.013993842592592594,37.913151917989424,,136484.74362674364,,
see_v2x,2,30,vehicle_count,0.8360655737704918,3.269528895374161,20181024_d10_0830_0900.csv,671,17.75586093915344,22.666650000000004,0.021992555383597883,0.0229757,0.013993842592592594,37.913151917989424,,136484.74362674364,,
see_v2x,2,30,flow_proxy,0.7868852459016393,33993.93449249515,20181024_d10_0830_0900.csv,671,17.75586093915344,22.666650000000004,0.021992555383597883,0.0229757,0.013993842592592594,37.913151917989424,,136484.74362674364,,
see_v2x,3,5,speed_mean_kmh,0.8524590163934426,7.7999941633769625,20181024_d10_0830_0900.csv,672,17.91032205026455,22.666650000000004,0.022147016494708998,0.0229757,0.013993842592592594,37.95298525132275,,130798.07696007696,,
see_v2x,3,5,vehicle_count,0.9344262295081968,2.28723224319815,20181024_d10_0830_0900.csv,672,17.91032205026455,22.666650000000004,0.022147016494708998,0.0229757,0.013993842592592594,37.95298525132275,,130798.07696007696,,
see_v2x,3,5,flow_proxy,0.9016393442622951,28409.01511173851,20181024_d10_0830_0900.csv,672,17.91032205026455,22.666650000000004,0.022147016494708998,0.0229757,0.013993842592592594,37.95298525132275,,130798.07696007696,,
see_v2x,3,10,speed_mean_kmh,0.7540983606557377,8.312041831856536,20181024_d10_0830_0900.csv,672,17.91032205026455,22.666650000000004,0.022147016494708998,0.0229757,0.013993842592592594,37.95298525132275,,130798.07696007696,,
see_v2x,3,10,vehicle_count,0.8524590163934426,2.726743504397474,20181024_d10_0830_0900.csv,672,17.91032205026455,22.666650000000004,0.022147016494708998,0.0229757,0.013993842592592594,37.95298525132275,,130798.07696007696,,
see_v2x,3,10,flow_proxy,0.8360655737704918,31030.69758477103,20181024_d10_0830_0900.csv,672,17.91032205026455,22.666650000000004,0.022147016494708998,0.0229757,0.013993842592592594,37.95298525132275,,130798.07696007696,,
see_v2x,3,30,speed_mean_kmh,0.8524590163934426,9.448641787733036,20181024_d10_0830_0900.csv,672,17.91032205026455,22.666650000000004,0.022147016494708998,0.0229757,0.013993842592592594,37.95298525132275,,130798.07696007696,,
see_v2x,3,30,vehicle_count,0.8688524590163934,3.249324741202346,20181024_d10_0830_0900.csv,672,17.91032205026455,22.666650000000004,0.022147016494708998,0.0229757,0.013993842592592594,37.95298525132275,,130798.07696007696,,
see_v2x,3,30,flow_proxy,0.8360655737704918,34119.15166778646,20181024_d10_0830_0900.csv,672,17.91032205026455,22.666650000000004,0.022147016494708998,0.0229757,0.013993842592592594,37.95298525132275,,130798.07696007696,,
see_v2x,4,5,speed_mean_kmh,0.8688524590163934,7.4081108859856615,20181024_d10_0830_0900.csv,673,17.980863716931218,22.9757,0.02221755816137566,0.02332059523809524,0.013993842592592592,38.96265191798942,,131078.07696007696,,
see_v2x,4,5,vehicle_count,0.9016393442622951,2.241765198331689,20181024_d10_0830_0900.csv,673,17.980863716931218,22.9757,0.02221755816137566,0.02332059523809524,0.013993842592592592,38.96265191798942,,131078.07696007696,,
see_v2x,4,5,flow_proxy,0.9016393442622951,28047.42487285661,20181024_d10_0830_0900.csv,673,17.980863716931218,22.9757,0.02221755816137566,0.02332059523809524,0.013993842592592592,38.96265191798942,,131078.07696007696,,
see_v2x,4,10,speed_mean_kmh,0.7704918032786885,7.97830095909628,20181024_d10_0830_0900.csv,673,17.980863716931218,22.9757,0.02221755816137566,0.02332059523809524,0.013993842592592592,38.96265191798942,,131078.07696007696,,
see_v2x,4,10,vehicle_count,0.8688524590163934,2.6733884416880738,20181024_d10_0830_0900.csv,673,17.980863716931218,22.9757,0.02221755816137566,0.02332059523809524,0.013993842592592592,38.96265191798942,,131078.07696007696,,
see_v2x,4,10,flow_proxy,0.8032786885245902,30682.190146132005,20181024_d10_0830_0900.csv,673,17.980863716931218,22.9757,0.02221755816137566,0.02332059523809524,0.013993842592592592,38.96265191798942,,131078.07696007696,,
see_v2x,4,30,speed_mean_kmh,0.8524590163934426,9.1911849666695,20181024_d10_0830_0900.csv,673,17.980863716931218,22.9757,0.02221755816137566,0.02332059523809524,0.013993842592592592,38.96265191798942,,131078.07696007696,,
see_v2x,4,30,vehicle_count,0.8360655737704918,3.2019337412173696,20181024_d10_0830_0900.csv,673,17.980863716931218,22.9757,0.02221755816137566,0.02332059523809524,0.013993842592592592,38.96265191798942,,131078.07696007696,,
see_v2x,4,30,flow_proxy,0.7540983606557377,33878.13803080338,20181024_d10_0830_0900.csv,673,17.980863716931218,22.9757,0.02221755816137566,0.02332059523809524,0.013993842592592592,38.96265191798942,,131078.07696007696,,
see_v2x,5,5,speed_mean_kmh,0.8852459016393442,7.387598962522656,20181024_d10_0830_0900.csv,674,17.970398955026454,22.9757,0.022207093399470898,0.02332059523809524,0.013398604497354498,38.92930429894181,,127509.18807118807,,
see_v2x,5,5,vehicle_count,0.9180327868852459,2.256529473529836,20181024_d10_0830_0900.csv,674,17.970398955026454,22.9757,0.022207093399470898,0.02332059523809524,0.013398604497354498,38.92930429894181,,127509.18807118807,,
see_v2x,5,5,flow_proxy,0.9180327868852459,28174.849432526957,20181024_d10_0830_0900.csv,674,17.970398955026454,22.9757,0.022207093399470898,0.02332059523809524,0.013398604497354498,38.92930429894181,,127509.18807118807,,
see_v2x,5,10,speed_mean_kmh,0.7049180327868853,7.937602696395277,20181024_d10_0830_0900.csv,674,17.970398955026454,22.9757,0.022207093399470898,0.02332059523809524,0.013398604497354498,38.92930429894181,,127509.18807118807,,
see_v2x,5,10,vehicle_count,0.8360655737704918,2.6795457551162905,20181024_d10_0830_0900.csv,674,17.970398955026454,22.9757,0.022207093399470898,0.02332059523809524,0.013398604497354498,38.92930429894181,,127509.18807118807,,
see_v2x,5,10,flow_proxy,0.7540983606557377,30652.725685232494,20181024_d10_0830_0900.csv,674,17.970398955026454,22.9757,0.022207093399470898,0.02332059523809524,0.013398604497354498,38.92930429894181,,127509.18807118807,,
see_v2x,5,30,speed_mean_kmh,0.819672131147541,9.177684712764131,20181024_d10_0830_0900.csv,674,17.970398955026454,22.9757,0.022207093399470898,0.02332059523809524,0.013398604497354498,38.92930429894181,,127509.18807118807,,
see_v2x,5,30,vehicle_count,0.8852459016393442,3.210501873291828,20181024_d10_0830_0900.csv,674,17.970398955026454,22.9757,0.022207093399470898,0.02332059523809524,0.013398604497354498,38.92930429894181,,127509.18807118807,,
see_v2x,5,30,flow_proxy,0.8360655737704918,34188.78641715895,20181024_d10_0830_0900.csv,674,17.970398955026454,22.9757,0.022207093399470898,0.02332059523809524,0.013398604497354498,38.92930429894181,,127509.18807118807,,
see_v2x,6,5,speed_mean_kmh,0.8524590163934426,8.270447182862934,20181024_d10_0830_0900.csv,675,17.98624562169312,22.9757,0.022222940066137568,0.02332059523809524,0.012704854497354498,38.83613763227513,,123871.09283309284,,
see_v2x,6,5,vehicle_count,0.8852459016393442,2.291466563878926,20181024_d10_0830_0900.csv,675,17.98624562169312,22.9757,0.022222940066137568,0.02332059523809524,0.012704854497354498,38.83613763227513,,123871.09283309284,,
see_v2x,6,5,flow_proxy,0.819672131147541,28804.77826661168,20181024_d10_0830_0900.csv,675,17.98624562169312,22.9757,0.022222940066137568,0.02332059523809524,0.012704854497354498,38.83613763227513,,123871.09283309284,,
see_v2x,6,10,speed_mean_kmh,0.6885245901639344,8.728398579300542,20181024_d10_0830_0900.csv,675,17.98624562169312,22.9757,0.022222940066137568,0.02332059523809524,0.012704854497354498,38.83613763227513,,123871.09283309284,,
see_v2x,6,10,vehicle_count,0.7868852459016393,2.710951786017994,20181024_d10_0830_0900.csv,675,17.98624562169312,22.9757,0.022222940066137568,0.02332059523809524,0.012704854497354498,38.83613763227513,,123871.09283309284,,
see_v2x,6,10,flow_proxy,0.8360655737704918,30979.75846884891,20181024_d10_0830_0900.csv,675,17.98624562169312,22.9757,0.022222940066137568,0.02332059523809524,0.012704854497354498,38.83613763227513,,123871.09283309284,,
see_v2x,6,30,speed_mean_kmh,0.819672131147541,10.051987346867964,20181024_d10_0830_0900.csv,675,17.98624562169312,22.9757,0.022222940066137568,0.02332059523809524,0.012704854497354498,38.83613763227513,,123871.09283309284,,
see_v2x,6,30,vehicle_count,0.9180327868852459,3.232651177157229,20181024_d10_0830_0900.csv,675,17.98624562169312,22.9757,0.022222940066137568,0.02332059523809524,0.012704854497354498,38.83613763227513,,123871.09283309284,,
see_v2x,6,30,flow_proxy,0.8360655737704918,34894.571415173654,20181024_d10_0830_0900.csv,675,17.98624562169312,22.9757,0.022222940066137568,0.02332059523809524,0.012704854497354498,38.83613763227513,,123871.09283309284,,
see_v2x,7,5,speed_mean_kmh,0.8360655737704918,8.37384055775393,20181024_d10_0830_0900.csv,676,17.922851970899465,22.9757,0.022159546415343914,0.02332059523809524,0.012704854497354498,39.10648683862434,,130232.5743145743,,
see_v2x,7,5,vehicle_count,0.9180327868852459,2.3152356661431965,20181024_d10_0830_0900.csv,676,17.922851970899465,22.9757,0.022159546415343914,0.02332059523809524,0.012704854497354498,39.10648683862434,,130232.5743145743,,
see_v2x,7,5,flow_proxy,0.8688524590163934,29584.518555444294,20181024_d10_0830_0900.csv,676,17.922851970899465,22.9757,0.022159546415343914,0.02332059523809524,0.012704854497354498,39.10648683862434,,130232.5743145743,,
see_v2x,7,10,speed_mean_kmh,0.7213114754098361,8.874781730743743,20181024_d10_0830_0900.csv,676,17.922851970899465,22.9757,0.022159546415343914,0.02332059523809524,0.012704854497354498,39.10648683862434,,130232.5743145743,,
see_v2x,7,10,vehicle_count,0.7704918032786885,2.7266305919038403,20181024_d10_0830_0900.csv,676,17.922851970899465,22.9757,0.022159546415343914,0.02332059523809524,0.012704854497354498,39.10648683862434,,130232.5743145743,,
see_v2x,7,10,flow_proxy,0.8524590163934426,31697.718247915673,20181024_d10_0830_0900.csv,676,17.922851970899465,22.9757,0.022159546415343914,0.02332059523809524,0.012704854497354498,39.10648683862434,,130232.5743145743,,
see_v2x,7,30,speed_mean_kmh,0.8852459016393442,10.186438809949529,20181024_d10_0830_0900.csv,676,17.922851970899465,22.9757,0.022159546415343914,0.02332059523809524,0.012704854497354498,39.10648683862434,,130232.5743145743,,
see_v2x,7,30,vehicle_count,0.8852459016393442,3.2317255225145356,20181024_d10_0830_0900.csv,676,17.922851970899465,22.9757,0.022159546415343914,0.02332059523809524,0.012704854497354498,39.10648683862434,,130232.5743145743,,
see_v2x,7,30,flow_proxy,0.8524590163934426,34952.444912219646,20181024_d10_0830_0900.csv,676,17.922851970899465,22.9757,0.022159546415343914,0.02332059523809524,0.012704854497354498,39.10648683862434,,130232.5743145743,,
see_v2x,8,5,speed_mean_kmh,0.7868852459016393,8.39247089483258,20181024_d10_0830_0900.csv,677,18.102908637566138,22.9757,0.022339603082010585,0.02332059523809524,0.012704854497354498,39.297536838624346,,129927.81240981241,,
see_v2x,8,5,vehicle_count,0.8524590163934426,2.299733270785616,20181024_d10_0830_0900.csv,677,18.102908637566138,22.9757,0.022339603082010585,0.02332059523809524,0.012704854497354498,39.297536838624346,,129927.81240981241,,
see_v2x,8,5,flow_proxy,0.8688524590163934,29865.39993539034,20181024_d10_0830_0900.csv,677,18.102908637566138,22.9757,0.022339603082010585,0.02332059523809524,0.012704854497354498,39.297536838624346,,129927.81240981241,,
see_v2x,8,10,speed_mean_kmh,0.819672131147541,8.96784074003818,20181024_d10_0830_0900.csv,677,18.102908637566138,22.9757,0.022339603082010585,0.02332059523809524,0.012704854497354498,39.297536838624346,,129927.81240981241,,
see_v2x,8,10,vehicle_count,0.7704918032786885,2.709439437009001,20181024_d10_0830_0900.csv,677,18.102908637566138,22.9757,0.022339603082010585,0.02332059523809524,0.012704854497354498,39.297536838624346,,129927.81240981241,,
see_v2x,8,10,flow_proxy,0.819672131147541,32309.76543755646,20181024_d10_0830_0900.csv,677,18.102908637566138,22.9757,0.022339603082010585,0.02332059523809524,0.012704854497354498,39.297536838624346,,129927.81240981241,,
see_v2x,8,30,speed_mean_kmh,0.8852459016393442,10.293236076456154,20181024_d10_0830_0900.csv,677,18.102908637566138,22.9757,0.022339603082010585,0.02332059523809524,0.012704854497354498,39.297536838624346,,129927.81240981241,,
see_v2x,8,30,vehicle_count,0.8688524590163934,3.2114942888026,20181024_d10_0830_0900.csv,677,18.102908637566138,22.9757,0.022339603082010585,0.02332059523809524,0.012704854497354498,39.297536838624346,,129927.81240981241,,
see_v2x,8,30,flow_proxy,0.8852459016393442,35025.62425978708,20181024_d10_0830_0900.csv,677,18.102908637566138,22.9757,0.022339603082010585,0.02332059523809524,0.012704854497354498,39.297536838624346,,129927.81240981241,,
see_v2x,9,5,speed_mean_kmh,0.7540983606557377,8.12432288732612,20181024_d10_0830_0900.csv,678,18.006757526455026,22.684683333333336,0.022243451970899473,0.02332059523809524,0.012704854497354498,39.296192394179904,,129486.88648388648,,
see_v2x,9,5,vehicle_count,0.819672131147541,2.315507451600119,20181024_d10_0830_0900.csv,678,18.006757526455026,22.684683333333336,0.022243451970899473,0.02332059523809524,0.012704854497354498,39.296192394179904,,129486.88648388648,,
see_v2x,9,5,flow_proxy,0.8688524590163934,29961.80343977328,20181024_d10_0830_0900.csv,678,18.006757526455026,22.684683333333336,0.022243451970899473,0.02332059523809524,0.012704854497354498,39.296192394179904,,129486.88648388648,,
see_v2x,9,10,speed_mean_kmh,0.7868852459016393,8.829835620307039,20181024_d10_0830_0900.csv,678,18.006757526455026,22.684683333333336,0.022243451970899473,0.02332059523809524,0.012704854497354498,39.296192394179904,,129486.88648388648,,
see_v2x,9,10,vehicle_count,0.7704918032786885,2.7261791304485734,20181024_d10_0830_0900.csv,678,18.006757526455026,22.684683333333336,0.022243451970899473,0.02332059523809524,0.012704854497354498,39.296192394179904,,129486.88648388648,,
see_v2x,9,10,flow_proxy,0.7540983606557377,32326.189909834833,20181024_d10_0830_0900.csv,678,18.006757526455026,22.684683333333336,0.022243451970899473,0.02332059523809524,0.012704854497354498,39.296192394179904,,129486.88648388648,,
see_v2x,9,30,speed_mean_kmh,0.9016393442622951,10.167098497089695,20181024_d10_0830_0900.csv,678,18.006757526455026,22.684683333333336,0.022243451970899473,0.02332059523809524,0.012704854497354498,39.296192394179904,,129486.88648388648,,
see_v2x,9,30,vehicle_count,0.9508196721311475,3.185670471556816,20181024_d10_0830_0900.csv,678,18.006757526455026,22.684683333333336,0.022243451970899473,0.02332059523809524,0.012704854497354498,39.296192394179904,,129486.88648388648,,
see_v2x,9,30,flow_proxy,0.8688524590163934,34735.296899035704,20181024_d10_0830_0900.csv,678,18.006757526455026,22.684683333333336,0.022243451970899473,0.02332059523809524,0.012704854497354498,39.296192394179904,,129486.88648388648,,
see_v2x,10,5,speed_mean_kmh,0.7213114754098361,8.012784806173999,20181024_d10_0830_0900.csv,679,17.99452121693122,22.684683333333336,0.02223121566137566,0.02332059523809524,0.012704854497354498,39.72545132275133,,128261.88648388648,,
see_v2x,10,5,vehicle_count,0.7704918032786885,2.32575238476247,20181024_d10_0830_0900.csv,679,17.99452121693122,22.684683333333336,0.02223121566137566,0.02332059523809524,0.012704854497354498,39.72545132275133,,128261.88648388648,,
see_v2x,10,5,flow_proxy,0.8032786885245902,29793.130879786735,20181024_d10_0830_0900.csv,679,17.99452121693122,22.684683333333336,0.02223121566137566,0.02332059523809524,0.012704854497354498,39.72545132275133,,128261.88648388648,,
see_v2x,10,10,speed_mean_kmh,0.7213114754098361,8.733985008454676,20181024_d10_0830_0900.csv,679,17.99452121693122,22.684683333333336,0.02223121566137566,0.02332059523809524,0.012704854497354498,39.72545132275133,,128261.88648388648,,
see_v2x,10,10,vehicle_count,0.7704918032786885,2.749217064036544,20181024_d10_0830_0900.csv,679,17.99452121693122,22.684683333333336,0.02223121566137566,0.02332059523809524,0.012704854497354498,39.72545132275133,,128261.88648388648,,
see_v2x,10,10,flow_proxy,0.7704918032786885,32222.071906596524,20181024_d10_0830_0900.csv,679,17.99452121693122,22.684683333333336,0.02223121566137566,0.02332059523809524,0.012704854497354498,39.72545132275133,,128261.88648388648,,
see_v2x,10,30,speed_mean_kmh,0.9016393442622951,10.12666274256857,20181024_d10_0830_0900.csv,679,17.99452121693122,22.684683333333336,0.02223121566137566,0.02332059523809524,0.012704854497354498,39.72545132275133,,128261.88648388648,,
see_v2x,10,30,vehicle_count,0.9016393442622951,3.2214320463004196,20181024_d10_0830_0900.csv,679,17.99452121693122,22.684683333333336,0.02223121566137566,0.02332059523809524,0.012704854497354498,39.72545132275133,,128261.88648388648,,
see_v2x,10,30,flow_proxy,0.8688524590163934,34837.398396038414,20181024_d10_0830_0900.csv,679,17.99452121693122,22.684683333333336,0.02223121566137566,0.02332059523809524,0.012704854497354498,39.72545132275133,,128261.88648388648,,
see_v2x,11,5,speed_mean_kmh,0.7868852459016393,8.199860415958247,20181024_d10_0830_0900.csv,680,18.122592328042327,22.684683333333336,0.025174812883597887,0.02347750952380952,0.01349771164021164,39.77289576719577,,129111.8864838865,,
see_v2x,11,5,vehicle_count,0.7540983606557377,2.306970201090691,20181024_d10_0830_0900.csv,680,18.122592328042327,22.684683333333336,0.025174812883597887,0.02347750952380952,0.01349771164021164,39.77289576719577,,129111.8864838865,,
see_v2x,11,5,flow_proxy,0.8524590163934426,30094.120259252704,20181024_d10_0830_0900.csv,680,18.122592328042327,22.684683333333336,0.025174812883597887,0.02347750952380952,0.01349771164021164,39.77289576719577,,129111.8864838865,,
see_v2x,11,10,speed_mean_kmh,0.7540983606557377,8.927623431840368,20181024_d10_0830_0900.csv,680,18.122592328042327,22.684683333333336,0.025174812883597887,0.02347750952380952,0.01349771164021164,39.77289576719577,,129111.8864838865,,
see_v2x,11,10,vehicle_count,0.7540983606557377,2.723750345784477,20181024_d10_0830_0900.csv,680,18.122592328042327,22.684683333333336,0.025174812883597887,0.02347750952380952,0.01349771164021164,39.77289576719577,,129111.8864838865,,
see_v2x,11,10,flow_proxy,0.7868852459016393,32625.65462969252,20181024_d10_0830_0900.csv,680,18.122592328042327,22.684683333333336,0.025174812883597887,0.02347750952380952,0.01349771164021164,39.77289576719577,,129111.8864838865,,
see_v2x,11,30,speed_mean_kmh,0.9016393442622951,10.263164934029502,20181024_d10_0830_0900.csv,680,18.122592328042327,22.684683333333336,0.025174812883597887,0.02347750952380952,0.01349771164021164,39.77289576719577,,129111.8864838865,,
see_v2x,11,30,vehicle_count,0.9016393442622951,3.221341828626083,20181024_d10_0830_0900.csv,680,18.122592328042327,22.684683333333336,0.025174812883597887,0.02347750952380952,0.01349771164021164,39.77289576719577,,129111.8864838865,,
see_v2x,11,30,flow_proxy,0.9016393442622951,34851.6674678219,20181024_d10_0830_0900.csv,680,18.122592328042327,22.684683333333336,0.025174812883597887,0.02347750952380952,0.01349771164021164,39.77289576719577,,129111.8864838865,,
see_v2x,12,5,speed_mean_kmh,0.8360655737704918,7.900868544239969,20181024_d10_0830_0900.csv,681,18.03609232804233,22.684683333333336,0.025088312883597884,0.02347750952380952,0.014450092592592593,39.68707632275132,,134195.21981721983,,
see_v2x,12,5,vehicle_count,0.7704918032786885,2.356653563707211,20181024_d10_0830_0900.csv,681,18.03609232804233,22.684683333333336,0.025088312883597884,0.02347750952380952,0.014450092592592593,39.68707632275132,,134195.21981721983,,
see_v2x,12,5,flow_proxy,0.8688524590163934,30346.145388584242,20181024_d10_0830_0900.csv,681,18.03609232804233,22.684683333333336,0.025088312883597884,0.02347750952380952,0.014450092592592593,39.68707632275132,,134195.21981721983,,
see_v2x,12,10,speed_mean_kmh,0.7213114754098361,8.65488877163413,20181024_d10_0830_0900.csv,681,18.03609232804233,22.684683333333336,0.025088312883597884,0.02347750952380952,0.014450092592592593,39.68707632275132,,134195.21981721983,,
see_v2x,12,10,vehicle_count,0.8032786885245902,2.787089137007884,20181024_d10_0830_0900.csv,681,18.03609232804233,22.684683333333336,0.025088312883597884,0.02347750952380952,0.014450092592592593,39.68707632275132,,134195.21981721983,,
see_v2x,12,10,flow_proxy,0.7868852459016393,32794.619948350315,20181024_d10_0830_0900.csv,681,18.03609232804233,22.684683333333336,0.025088312883597884,0.02347750952380952,0.014450092592592593,39.68707632275132,,134195.21981721983,,
see_v2x,12,30,speed_mean_kmh,0.8360655737704918,10.087215578561866,20181024_d10_0830_0900.csv,681,18.03609232804233,22.684683333333336,0.025088312883597884,0.02347750952380952,0.014450092592592593,39.68707632275132,,134195.21981721983,,
see_v2x,12,30,vehicle_count,0.9180327868852459,3.258500878230029,20181024_d10_0830_0900.csv,681,18.03609232804233,22.684683333333336,0.025088312883597884,0.02347750952380952,0.014450092592592593,39.68707632275132,,134195.21981721983,,
see_v2x,12,30,flow_proxy,0.8360655737704918,35226.900455593095,20181024_d10_0830_0900.csv,681,18.03609232804233,22.684683333333336,0.025088312883597884,0.02347750952380952,0.014450092592592593,39.68707632275132,,134195.21981721983,,
see_v2x,13,5,speed_mean_kmh,0.819672131147541,7.919923971584821,20181024_d10_0830_0900.csv,682,18.078782804232805,22.684683333333336,0.025131003359788358,0.02347750952380952,0.013616759259259259,39.28864775132275,,131602.6272246272,,
see_v2x,13,5,vehicle_count,0.8360655737704918,2.353419730589402,20181024_d10_0830_0900.csv,682,18.078782804232805,22.684683333333336,0.025131003359788358,0.02347750952380952,0.013616759259259259,39.28864775132275,,131602.6272246272,,
see_v2x,13,5,flow_proxy,0.8524590163934426,30817.652842892545,20181024_d10_0830_0900.csv,682,18.078782804232805,22.684683333333336,0.025131003359788358,0.02347750952380952,0.013616759259259259,39.28864775132275,,131602.6272246272,,
see_v2x,13,10,speed_mean_kmh,0.819672131147541,8.722726754046038,20181024_d10_0830_0900.csv,682,18.078782804232805,22.684683333333336,0.025131003359788358,0.02347750952380952,0.013616759259259259,39.28864775132275,,131602.6272246272,,
see_v2x,13,10,vehicle_count,0.819672131147541,2.7667577376049746,20181024_d10_0830_0900.csv,682,18.078782804232805,22.684683333333336,0.025131003359788358,0.02347750952380952,0.013616759259259259,39.28864775132275,,131602.6272246272,,
see_v2x,13,10,flow_proxy,0.7868852459016393,33213.70898982168,20181024_d10_0830_0900.csv,682,18.078782804232805,22.684683333333336,0.025131003359788358,0.02347750952380952,0.013616759259259259,39.28864775132275,,131602.6272246272,,
see_v2x,13,30,speed_mean_kmh,0.7704918032786885,10.146266114586059,20181024_d10_0830_0900.csv,682,18.078782804232805,22.684683333333336,0.025131003359788358,0.02347750952380952,0.013616759259259259,39.28864775132275,,131602.6272246272,,
see_v2x,13,30,vehicle_count,0.8688524590163934,3.2686647481081206,20181024_d10_0830_0900.csv,682,18.078782804232805,22.684683333333336,0.025131003359788358,0.02347750952380952,0.013616759259259259,39.28864775132275,,131602.6272246272,,
see_v2x,13,30,flow_proxy,0.8360655737704918,35337.255133436076,20181024_d10_0830_0900.csv,682,18.078782804232805,22.684683333333336,0.025131003359788358,0.02347750952380952,0.013616759259259259,39.28864775132275,,131602.6272246272,,
see_v2x,14,5,speed_mean_kmh,0.8360655737704918,7.925969662537845,20181024_d10_0830_0900.csv,683,18.256906415343916,22.684683333333336,0.025309126970899473,0.02347750952380952,0.01361675925925926,39.47671025132274,,130996.5666185666,,
see_v2x,14,5,vehicle_count,0.8688524590163934,2.3705325366137444,20181024_d10_0830_0900.csv,683,18.256906415343916,22.684683333333336,0.025309126970899473,0.02347750952380952,0.01361675925925926,39.47671025132274,,130996.5666185666,,
see_v2x,14,5,flow_proxy,0.8524590163934426,31179.38801743539,20181024_d10_0830_0900.csv,683,18.256906415343916,22.684683333333336,0.025309126970899473,0.02347750952380952,0.01361675925925926,39.47671025132274,,130996.5666185666,,
see_v2x,14,10,speed_mean_kmh,0.7868852459016393,8.754264580224506,20181024_d10_0830_0900.csv,683,18.256906415343916,22.684683333333336,0.025309126970899473,0.02347750952380952,0.01361675925925926,39.47671025132274,,130996.5666185666,,
see_v2x,14,10,vehicle_count,0.8524590163934426,2.7742203623839785,20181024_d10_0830_0900.csv,683,18.256906415343916,22.684683333333336,0.025309126970899473,0.02347750952380952,0.01361675925925926,39.47671025132274,,130996.5666185666,,
see_v2x,14,10,flow_proxy,0.7540983606557377,33436.759742322385,20181024_d10_0830_0900.csv,683,18.256906415343916,22.684683333333336,0.025309126970899473,0.02347750952380952,0.01361675925925926,39.47671025132274,,130996.5666185666,,
see_v2x,14,30,speed_mean_kmh,0.7868852459016393,10.204398541609619,20181024_d10_0830_0900.csv,683,18.256906415343916,22.684683333333336,0.025309126970899473,0.02347750952380952,0.01361675925925926,39.47671025132274,,130996.5666185666,,
see_v2x,14,30,vehicle_count,0.8852459016393442,3.267048113668957,20181024_d10_0830_0900.csv,683,18.256906415343916,22.684683333333336,0.025309126970899473,0.02347750952380952,0.01361675925925926,39.47671025132274,,130996.5666185666,,
see_v2x,14,30,flow_proxy,0.819672131147541,35453.59207445875,20181024_d10_0830_0900.csv,683,18.256906415343916,22.684683333333336,0.025309126970899473,0.02347750952380952,0.01361675925925926,39.47671025132274,,130996.5666185666,,
see_v2x,15,5,speed_mean_kmh,0.8360655737704918,7.986443175046956,20181024_d10_0830_0900.csv,684,18.319784748677247,22.684683333333336,0.0253720053042328,0.02347750952380952,0.014311203703703703,40.029171362433864,,136329.89995189995,,
see_v2x,15,5,vehicle_count,0.819672131147541,2.35954552834233,20181024_d10_0830_0900.csv,684,18.319784748677247,22.684683333333336,0.0253720053042328,0.02347750952380952,0.014311203703703703,40.029171362433864,,136329.89995189995,,
see_v2x,15,5,flow_proxy,0.8524590163934426,30880.882407777583,20181024_d10_0830_0900.csv,684,18.319784748677247,22.684683333333336,0.0253720053042328,0.02347750952380952,0.014311203703703703,40.029171362433864,,136329.89995189995,,
see_v2x,15,10,speed_mean_kmh,0.7213114754098361,8.785380962955042,20181024_d10_0830_0900.csv,684,18.319784748677247,22.684683333333336,0.0253720053042328,0.02347750952380952,0.014311203703703703,40.029171362433864,,136329.89995189995,,
see_v2x,15,10,vehicle_count,0.8360655737704918,2.78364594731307,20181024_d10_0830_0900.csv,684,18.319784748677247,22.684683333333336,0.0253720053042328,0.02347750952380952,0.014311203703703703,40.029171362433864,,136329.89995189995,,
see_v2x,15,10,flow_proxy,0.7540983606557377,33463.07518348425,20181024_d10_0830_0900.csv,684,18.319784748677247,22.684683333333336,0.0253720053042328,0.02347750952380952,0.014311203703703703,40.029171362433864,,136329.89995189995,,
see_v2x,15,30,speed_mean_kmh,0.7704918032786885,10.001566762142959,20181024_d10_0830_0900.csv,684,18.319784748677247,22.684683333333336,0.0253720053042328,0.02347750952380952,0.014311203703703703,40.029171362433864,,136329.89995189995,,
see_v2x,15,30,vehicle_count,0.8688524590163934,3.307657933287841,20181024_d10_0830_0900.csv,684,18.319784748677247,22.684683333333336,0.0253720053042328,0.02347750952380952,0.014311203703703703,40.029171362433864,,136329.89995189995,,
see_v2x,15,30,flow_proxy,0.8032786885245902,35662.60854654027,20181024_d10_0830_0900.csv,684,18.319784748677247,22.684683333333336,0.0253720053042328,0.02347750952380952,0.014311203703703703,40.029171362433864,,136329.89995189995,,
see_v2x,16,5,speed_mean_kmh,0.819672131147541,8.104002505014135,20181024_d10_0830_0900.csv,685,18.286646415343913,22.684683333333336,0.02533886697089947,0.02347750952380952,0.014311203703703703,37.352954695767195,,135572.12217412217,,
see_v2x,16,5,vehicle_count,0.9016393442622951,2.363521762193389,20181024_d10_0830_0900.csv,685,18.286646415343913,22.684683333333336,0.02533886697089947,0.02347750952380952,0.014311203703703703,37.352954695767195,,135572.12217412217,,
see_v2x,16,5,flow_proxy,0.8852459016393442,31427.854169804137,20181024_d10_0830_0900.csv,685,18.286646415343913,22.684683333333336,0.02533886697089947,0.02347750952380952,0.014311203703703703,37.352954695767195,,135572.12217412217,,
see_v2x,16,10,speed_mean_kmh,0.7704918032786885,8.839501488929693,20181024_d10_0830_0900.csv,685,18.286646415343913,22.684683333333336,0.02533886697089947,0.02347750952380952,0.014311203703703703,37.352954695767195,,135572.12217412217,,
see_v2x,16,10,vehicle_count,0.8360655737704918,2.784763772958307,20181024_d10_0830_0900.csv,685,18.286646415343913,22.684683333333336,0.02533886697089947,0.02347750952380952,0.014311203703703703,37.352954695767195,,135572.12217412217,,
see_v2x,16,10,flow_proxy,0.7377049180327869,34076.27311519408,20181024_d10_0830_0900.csv,685,18.286646415343913,22.684683333333336,0.02533886697089947,0.02347750952380952,0.014311203703703703,37.352954695767195,,135572.12217412217,,
see_v2x,16,30,speed_mean_kmh,0.7377049180327869,10.016766010579131,20181024_d10_0830_0900.csv,685,18.286646415343913,22.684683333333336,0.02533886697089947,0.02347750952380952,0.014311203703703703,37.352954695767195,,135572.12217412217,,
see_v2x,16,30,vehicle_count,0.8688524590163934,3.3377715776141508,20181024_d10_0830_0900.csv,685,18.286646415343913,22.684683333333336,0.02533886697089947,0.02347750952380952,0.014311203703703703,37.352954695767195,,135572.12217412217,,
see_v2x,16,30,flow_proxy,0.8032786885245902,36296.02042841683,20181024_d10_0830_0900.csv,685,18.286646415343913,22.684683333333336,0.02533886697089947,0.02347750952380952,0.014311203703703703,37.352954695767195,,135572.12217412217,,
see_v2x,17,5,speed_mean_kmh,0.7704918032786885,8.134067062983572,20181024_d10_0830_0900.csv,686,18.302238637566134,22.684683333333336,0.025354459193121695,0.02347750952380952,0.014311203703703703,37.154265806878314,,134641.7518037518,,
see_v2x,17,5,vehicle_count,0.9344262295081968,2.3796537644390736,20181024_d10_0830_0900.csv,686,18.302238637566134,22.684683333333336,0.025354459193121695,0.02347750952380952,0.014311203703703703,37.154265806878314,,134641.7518037518,,
see_v2x,17,5,flow_proxy,0.8360655737704918,31640.150786709637,20181024_d10_0830_0900.csv,686,18.302238637566134,22.684683333333336,0.025354459193121695,0.02347750952380952,0.014311203703703703,37.154265806878314,,134641.7518037518,,
see_v2x,17,10,speed_mean_kmh,0.7704918032786885,8.959021227834837,20181024_d10_0830_0900.csv,686,18.302238637566134,22.684683333333336,0.025354459193121695,0.02347750952380952,0.014311203703703703,37.154265806878314,,134641.7518037518,,
see_v2x,17,10,vehicle_count,0.8360655737704918,2.815089107281903,20181024_d10_0830_0900.csv,686,18.302238637566134,22.684683333333336,0.025354459193121695,0.02347750952380952,0.014311203703703703,37.154265806878314,,134641.7518037518,,
see_v2x,17,10,flow_proxy,0.7377049180327869,34435.41909109211,20181024_d10_0830_0900.csv,686,18.302238637566134,22.684683333333336,0.025354459193121695,0.02347750952380952,0.014311203703703703,37.154265806878314,,134641.7518037518,,
see_v2x,17,30,speed_mean_kmh,0.7377049180327869,10.114419097135283,20181024_d10_0830_0900.csv,686,18.302238637566134,22.684683333333336,0.025354459193121695,0.02347750952380952,0.014311203703703703,37.154265806878314,,134641.7518037518,,
see_v2x,17,30,vehicle_count,0.8688524590163934,3.342209803633026,20181024_d10_0830_0900.csv,686,18.302238637566134,22.684683333333336,0.025354459193121695,0.02347750952380952,0.014311203703703703,37.154265806878314,,134641.7518037518,,
see_v2x,17,30,flow_proxy,0.8032786885245902,36708.050074654326,20181024_d10_0830_0900.csv,686,18.302238637566134,22.684683333333336,0.025354459193121695,0.02347750952380952,0.014311203703703703,37.154265806878314,,134641.7518037518,,
see_v2x,18,5,speed_mean_kmh,0.7868852459016393,8.257905477545025,20181024_d10_0830_0900.csv,687,18.483000304232803,22.684683333333336,0.025535220859788366,0.02347750952380952,0.013477870370370373,37.48629358465609,,129611.44877344879,,
see_v2x,18,5,vehicle_count,0.8688524590163934,2.3787781451824714,20181024_d10_0830_0900.csv,687,18.483000304232803,22.684683333333336,0.025535220859788366,0.02347750952380952,0.013477870370370373,37.48629358465609,,129611.44877344879,,
see_v2x,18,5,flow_proxy,0.8032786885245902,31545.731494313488,20181024_d10_0830_0900.csv,687,18.483000304232803,22.684683333333336,0.025535220859788366,0.02347750952380952,0.013477870370370373,37.48629358465609,,129611.44877344879,,
see_v2x,18,10,speed_mean_kmh,0.8688524590163934,9.03073063651077,20181024_d10_0830_0900.csv,687,18.483000304232803,22.684683333333336,0.025535220859788366,0.02347750952380952,0.013477870370370373,37.48629358465609,,129611.44877344879,,
see_v2x,18,10,vehicle_count,0.8688524590163934,2.803596713135327,20181024_d10_0830_0900.csv,687,18.483000304232803,22.684683333333336,0.025535220859788366,0.02347750952380952,0.013477870370370373,37.48629358465609,,129611.44877344879,,
see_v2x,18,10,flow_proxy,0.8032786885245902,34164.34819371685,20181024_d10_0830_0900.csv,687,18.483000304232803,22.684683333333336,0.025535220859788366,0.02347750952380952,0.013477870370370373,37.48629358465609,,129611.44877344879,,
see_v2x,18,30,speed_mean_kmh,0.6721311475409836,10.212974968963573,20181024_d10_0830_0900.csv,687,18.483000304232803,22.684683333333336,0.025535220859788366,0.02347750952380952,0.013477870370370373,37.48629358465609,,129611.44877344879,,
see_v2x,18,30,vehicle_count,0.8688524590163934,3.3524171278610244,20181024_d10_0830_0900.csv,687,18.483000304232803,22.684683333333336,0.025535220859788366,0.02347750952380952,0.013477870370370373,37.48629358465609,,129611.44877344879,,
see_v2x,18,30,flow_proxy,0.819672131147541,37380.90379807045,20181024_d10_0830_0900.csv,687,18.483000304232803,22.684683333333336,0.025535220859788366,0.02347750952380952,0.013477870370370373,37.48629358465609,,129611.44877344879,,
see_v2x,19,5,speed_mean_kmh,0.7704918032786885,8.207952536572925,20181024_d10_0830_0900.csv,688,18.58862252645503,23.32059523809524,0.025640843082010586,0.025660166666666668,0.013015370370370372,38.36977876984127,,131950.9725829726,,
see_v2x,19,5,vehicle_count,0.8688524590163934,2.33600795542101,20181024_d10_0830_0900.csv,688,18.58862252645503,23.32059523809524,0.025640843082010586,0.025660166666666668,0.013015370370370372,38.36977876984127,,131950.9725829726,,
see_v2x,19,5,flow_proxy,0.8032786885245902,31076.03605465099,20181024_d10_0830_0900.csv,688,18.58862252645503,23.32059523809524,0.025640843082010586,0.025660166666666668,0.013015370370370372,38.36977876984127,,131950.9725829726,,
see_v2x,19,10,speed_mean_kmh,0.8360655737704918,9.06535624307898,20181024_d10_0830_0900.csv,688,18.58862252645503,23.32059523809524,0.025640843082010586,0.025660166666666668,0.013015370370370372,38.36977876984127,,131950.9725829726,,
see_v2x,19,10,vehicle_count,0.9016393442622951,2.754334287672826,20181024_d10_0830_0900.csv,688,18.58862252645503,23.32059523809524,0.025640843082010586,0.025660166666666668,0.013015370370370372,38.36977876984127,,131950.9725829726,,
see_v2x,19,10,flow_proxy,0.7704918032786885,33657.71782750091,20181024_d10_0830_0900.csv,688,18.58862252645503,23.32059523809524,0.025640843082010586,0.025660166666666668,0.013015370370370372,38.36977876984127,,131950.9725829726,,
see_v2x,19,30,speed_mean_kmh,0.7049180327868853,10.355420126753275,20181024_d10_0830_0900.csv,688,18.58862252645503,23.32059523809524,0.025640843082010586,0.025660166666666668,0.013015370370370372,38.36977876984127,,131950.9725829726,,
see_v2x,19,30,vehicle_count,0.8524590163934426,3.3047122775748563,20181024_d10_0830_0900.csv,688,18.58862252645503,23.32059523809524,0.025640843082010586,0.025660166666666668,0.013015370370370372,38.36977876984127,,131950.9725829726,,
see_v2x,19,30,flow_proxy,0.819672131147541,37156.90133347785,20181024_d10_0830_0900.csv,688,18.58862252645503,23.32059523809524,0.025640843082010586,0.025660166666666668,0.013015370370370372,38.36977876984127,,131950.9725829726,,
see_v2x,20,5,speed_mean_kmh,0.7377049180327869,8.653539271581812,20181024_d10_0830_0900.csv,689,18.56043919312169,23.32059523809524,0.025612659748677255,0.025660166666666668,0.013015370370370372,38.502681547619055,,131810.97258297258,,
see_v2x,20,5,vehicle_count,0.8360655737704918,2.361612220229643,20181024_d10_0830_0900.csv,689,18.56043919312169,23.32059523809524,0.025612659748677255,0.025660166666666668,0.013015370370370372,38.502681547619055,,131810.97258297258,,
see_v2x,20,5,flow_proxy,0.7868852459016393,31626.551174123953,20181024_d10_0830_0900.csv,689,18.56043919312169,23.32059523809524,0.025612659748677255,0.025660166666666668,0.013015370370370372,38.502681547619055,,131810.97258297258,,
see_v2x,20,10,speed_mean_kmh,0.7868852459016393,9.544423767393072,20181024_d10_0830_0900.csv,689,18.56043919312169,23.32059523809524,0.025612659748677255,0.025660166666666668,0.013015370370370372,38.502681547619055,,131810.97258297258,,
see_v2x,20,10,vehicle_count,0.7868852459016393,2.806049033704675,20181024_d10_0830_0900.csv,689,18.56043919312169,23.32059523809524,0.025612659748677255,0.025660166666666668,0.013015370370370372,38.502681547619055,,131810.97258297258,,
see_v2x,20,10,flow_proxy,0.7868852459016393,34504.761858710655,20181024_d10_0830_0900.csv,689,18.56043919312169,23.32059523809524,0.025612659748677255,0.025660166666666668,0.013015370370370372,38.502681547619055,,131810.97258297258,,
see_v2x,20,30,speed_mean_kmh,0.8032786885245902,10.856284345604228,20181024_d10_0830_0900.csv,689,18.56043919312169,23.32059523809524,0.025612659748677255,0.025660166666666668,0.013015370370370372,38.502681547619055,,131810.97258297258,,
see_v2x,20,30,vehicle_count,0.8688524590163934,3.3646418903519546,20181024_d10_0830_0900.csv,689,18.56043919312169,23.32059523809524,0.025612659748677255,0.025660166666666668,0.013015370370370372,38.502681547619055,,131810.97258297258,,
see_v2x,20,30,flow_proxy,0.8852459016393442,38101.63441208837,20181024_d10_0830_0900.csv,689,18.56043919312169,23.32059523809524,0.025612659748677255,0.025660166666666668,0.013015370370370372,38.502681547619055,,131810.97258297258,,
see_v2x,21,5,speed_mean_kmh,0.7540983606557377,9.159732443852564,20181024_d10_0830_0900.csv,690,18.630879933862435,23.32059523809524,0.02568310048941799,0.025660166666666668,0.01301537037037037,39.27560747354497,,128322.08369408369,,
see_v2x,21,5,vehicle_count,0.7704918032786885,2.4341267028897406,20181024_d10_0830_0900.csv,690,18.630879933862435,23.32059523809524,0.02568310048941799,0.025660166666666668,0.01301537037037037,39.27560747354497,,128322.08369408369,,
see_v2x,21,5,flow_proxy,0.7704918032786885,32842.09495239023,20181024_d10_0830_0900.csv,690,18.630879933862435,23.32059523809524,0.02568310048941799,0.025660166666666668,0.01301537037037037,39.27560747354497,,128322.08369408369,,
see_v2x,21,10,speed_mean_kmh,0.8852459016393442,9.940963038855791,20181024_d10_0830_0900.csv,690,18.630879933862435,23.32059523809524,0.02568310048941799,0.025660166666666668,0.01301537037037037,39.27560747354497,,128322.08369408369,,
see_v2x,21,10,vehicle_count,0.8360655737704918,2.871956534391787,20181024_d10_0830_0900.csv,690,18.630879933862435,23.32059523809524,0.02568310048941799,0.025660166666666668,0.01301537037037037,39.27560747354497,,128322.08369408369,,
see_v2x,21,10,flow_proxy,0.7868852459016393,35728.92764480879,20181024_d10_0830_0900.csv,690,18.630879933862435,23.32059523809524,0.02568310048941799,0.025660166666666668,0.01301537037037037,39.27560747354497,,128322.08369408369,,
see_v2x,21,30,speed_mean_kmh,0.7540983606557377,11.088983179327805,20181024_d10_0830_0900.csv,690,18.630879933862435,23.32059523809524,0.02568310048941799,0.025660166666666668,0.01301537037037037,39.27560747354497,,128322.08369408369,,
see_v2x,21,30,vehicle_count,0.8688524590163934,3.4275354135712157,20181024_d10_0830_0900.csv,690,18.630879933862435,23.32059523809524,0.02568310048941799,0.025660166666666668,0.01301537037037037,39.27560747354497,,128322.08369408369,,
see_v2x,21,30,flow_proxy,0.819672131147541,39064.68277095183,20181024_d10_0830_0900.csv,690,18.630879933862435,23.32059523809524,0.02568310048941799,0.025660166666666668,0.01301537037037037,39.27560747354497,,128322.08369408369,,
see_v2x,22,5,speed_mean_kmh,0.7704918032786885,8.976602947825002,20181024_d10_0830_0900.csv,691,18.64007874338624,23.32059523809524,0.0256922992989418,0.025660166666666668,0.013015370370370372,39.34600033068783,,130524.87157287156,,
see_v2x,22,5,vehicle_count,0.7868852459016393,2.427461182388959,20181024_d10_0830_0900.csv,691,18.64007874338624,23.32059523809524,0.0256922992989418,0.025660166666666668,0.013015370370370372,39.34600033068783,,130524.87157287156,,
see_v2x,22,5,flow_proxy,0.7377049180327869,32893.28432844793,20181024_d10_0830_0900.csv,691,18.64007874338624,23.32059523809524,0.0256922992989418,0.025660166666666668,0.013015370370370372,39.34600033068783,,130524.87157287156,,
see_v2x,22,10,speed_mean_kmh,0.8688524590163934,9.70224571120605,20181024_d10_0830_0900.csv,691,18.64007874338624,23.32059523809524,0.0256922992989418,0.025660166666666668,0.013015370370370372,39.34600033068783,,130524.87157287156,,
see_v2x,22,10,vehicle_count,0.9016393442622951,2.8596316352128475,20181024_d10_0830_0900.csv,691,18.64007874338624,23.32059523809524,0.0256922992989418,0.025660166666666668,0.013015370370370372,39.34600033068783,,130524.87157287156,,
see_v2x,22,10,flow_proxy,0.8524590163934426,35620.10043275297,20181024_d10_0830_0900.csv,691,18.64007874338624,23.32059523809524,0.0256922992989418,0.025660166666666668,0.013015370370370372,39.34600033068783,,130524.87157287156,,
see_v2x,22,30,speed_mean_kmh,0.7704918032786885,10.651888831196047,20181024_d10_0830_0900.csv,691,18.64007874338624,23.32059523809524,0.0256922992989418,0.025660166666666668,0.013015370370370372,39.34600033068783,,130524.87157287156,,
see_v2x,22,30,vehicle_count,0.8032786885245902,3.429211769068116,20181024_d10_0830_0900.csv,691,18.64007874338624,23.32059523809524,0.0256922992989418,0.025660166666666668,0.013015370370370372,39.34600033068783,,130524.87157287156,,
see_v2x,22,30,flow_proxy,0.8032786885245902,38447.20274940484,20181024_d10_0830_0900.csv,691,18.64007874338624,23.32059523809524,0.0256922992989418,0.025660166666666668,0.013015370370370372,39.34600033068783,,130524.87157287156,,
see_v2x,23,5,speed_mean_kmh,0.8688524590163934,8.743546805012375,20181024_d10_0830_0900.csv,692,18.642243029100527,23.32059523809524,0.025694463584656085,0.025660166666666668,0.013015370370370372,39.29090509259258,,131248.6810966811,,
see_v2x,23,5,vehicle_count,0.8032786885245902,2.396080655639106,20181024_d10_0830_0900.csv,692,18.642243029100527,23.32059523809524,0.025694463584656085,0.025660166666666668,0.013015370370370372,39.29090509259258,,131248.6810966811,,
see_v2x,23,5,flow_proxy,0.819672131147541,32488.704240672047,20181024_d10_0830_0900.csv,692,18.642243029100527,23.32059523809524,0.025694463584656085,0.025660166666666668,0.013015370370370372,39.29090509259258,,131248.6810966811,,
see_v2x,23,10,speed_mean_kmh,0.8524590163934426,9.518163787354073,20181024_d10_0830_0900.csv,692,18.642243029100527,23.32059523809524,0.025694463584656085,0.025660166666666668,0.013015370370370372,39.29090509259258,,131248.6810966811,,
see_v2x,23,10,vehicle_count,0.9344262295081968,2.8338158926558914,20181024_d10_0830_0900.csv,692,18.642243029100527,23.32059523809524,0.025694463584656085,0.025660166666666668,0.013015370370370372,39.29090509259258,,131248.6810966811,,
see_v2x,23,10,flow_proxy,0.8360655737704918,35420.49375104572,20181024_d10_0830_0900.csv,692,18.642243029100527,23.32059523809524,0.025694463584656085,0.025660166666666668,0.013015370370370372,39.29090509259258,,131248.6810966811,,
see_v2x,23,30,speed_mean_kmh,0.7213114754098361,10.451447763401541,20181024_d10_0830_0900.csv,692,18.642243029100527,23.32059523809524,0.025694463584656085,0.025660166666666668,0.013015370370370372,39.29090509259258,,131248.6810966811,,
see_v2x,23,30,vehicle_count,0.8032786885245902,3.3924602888884396,20181024_d10_0830_0900.csv,692,18.642243029100527,23.32059523809524,0.025694463584656085,0.025660166666666668,0.013015370370370372,39.29090509259258,,131248.6810966811,,
see_v2x,23,30,flow_proxy,0.7540983606557377,38336.81346975272,20181024_d10_0830_0900.csv,692,18.642243029100527,23.32059523809524,0.025694463584656085,0.025660166666666668,0.013015370370370372,39.29090509259258,,131248.6810966811,,
see_v2x,24,5,speed_mean_kmh,0.8524590163934426,8.716587167751277,20181024_d10_0830_0900.csv,693,18.622962473544973,23.32059523809524,0.02567518302910053,0.025660166666666668,0.013756111111111111,38.86573842592592,,132636.6810966811,,
see_v2x,24,5,vehicle_count,0.8688524590163934,2.3968036705275835,20181024_d10_0830_0900.csv,693,18.622962473544973,23.32059523809524,0.02567518302910053,0.025660166666666668,0.013756111111111111,38.86573842592592,,132636.6810966811,,
see_v2x,24,5,flow_proxy,0.7868852459016393,32610.83037512842,20181024_d10_0830_0900.csv,693,18.622962473544973,23.32059523809524,0.02567518302910053,0.025660166666666668,0.013756111111111111,38.86573842592592,,132636.6810966811,,
see_v2x,24,10,speed_mean_kmh,0.7704918032786885,9.503580458428194,20181024_d10_0830_0900.csv,693,18.622962473544973,23.32059523809524,0.02567518302910053,0.025660166666666668,0.013756111111111111,38.86573842592592,,132636.6810966811,,
see_v2x,24,10,vehicle_count,0.8688524590163934,2.818135346592207,20181024_d10_0830_0900.csv,693,18.622962473544973,23.32059523809524,0.02567518302910053,0.025660166666666668,0.013756111111111111,38.86573842592592,,132636.6810966811,,
see_v2x,24,10,flow_proxy,0.7868852459016393,35475.88800063796,20181024_d10_0830_0900.csv,693,18.622962473544973,23.32059523809524,0.02567518302910053,0.025660166666666668,0.013756111111111111,38.86573842592592,,132636.6810966811,,
see_v2x,24,30,speed_mean_kmh,0.7704918032786885,10.546664595335246,20181024_d10_0830_0900.csv,693,18.622962473544973,23.32059523809524,0.02567518302910053,0.025660166666666668,0.013756111111111111,38.86573842592592,,132636.6810966811,,
see_v2x,24,30,vehicle_count,0.8032786885245902,3.3990635439805557,20181024_d10_0830_0900.csv,693,18.622962473544973,23.32059523809524,0.02567518302910053,0.025660166666666668,0.013756111111111111,38.86573842592592,,132636.6810966811,,
see_v2x,24,30,flow_proxy,0.8032786885245902,38629.201331131044,20181024_d10_0830_0900.csv,693,18.622962473544973,23.32059523809524,0.02567518302910053,0.025660166666666668,0.013756111111111111,38.86573842592592,,132636.6810966811,,
see_v2x,25,5,speed_mean_kmh,0.7868852459016393,8.924560952786614,20181024_d10_0830_0900.csv,694,18.628770806878304,23.32059523809524,0.02568099136243386,0.025660166666666668,0.012367222222222222,38.52455509259259,,129634.4588744589,,
see_v2x,25,5,vehicle_count,0.7868852459016393,2.457398790588899,20181024_d10_0830_0900.csv,694,18.628770806878304,23.32059523809524,0.02568099136243386,0.025660166666666668,0.012367222222222222,38.52455509259259,,129634.4588744589,,
see_v2x,25,5,flow_proxy,0.7377049180327869,33843.581050964895,20181024_d10_0830_0900.csv,694,18.628770806878304,23.32059523809524,0.02568099136243386,0.025660166666666668,0.012367222222222222,38.52455509259259,,129634.4588744589,,
see_v2x,25,10,speed_mean_kmh,0.8360655737704918,9.705076763227357,20181024_d10_0830_0900.csv,694,18.628770806878304,23.32059523809524,0.02568099136243386,0.025660166666666668,0.012367222222222222,38.52455509259259,,129634.4588744589,,
see_v2x,25,10,vehicle_count,0.9344262295081968,2.883824109561792,20181024_d10_0830_0900.csv,694,18.628770806878304,23.32059523809524,0.02568099136243386,0.025660166666666668,0.012367222222222222,38.52455509259259,,129634.4588744589,,
see_v2x,25,10,flow_proxy,0.8360655737704918,36516.814711599465,20181024_d10_0830_0900.csv,694,18.628770806878304,23.32059523809524,0.02568099136243386,0.025660166666666668,0.012367222222222222,38.52455509259259,,129634.4588744589,,
see_v2x,25,30,speed_mean_kmh,0.7868852459016393,10.732716043807038,20181024_d10_0830_0900.csv,694,18.628770806878304,23.32059523809524,0.02568099136243386,0.025660166666666668,0.012367222222222222,38.52455509259259,,129634.4588744589,,
see_v2x,25,30,vehicle_count,0.8360655737704918,3.430568554088343,20181024_d10_0830_0900.csv,694,18.628770806878304,23.32059523809524,0.02568099136243386,0.025660166666666668,0.012367222222222222,38.52455509259259,,129634.4588744589,,
see_v2x,25,30,flow_proxy,0.8688524590163934,39092.63256780587,20181024_d10_0830_0900.csv,694,18.628770806878304,23.32059523809524,0.02568099136243386,0.025660166666666668,0.012367222222222222,38.52455509259259,,129634.4588744589,,
see_v2x,26,5,speed_mean_kmh,0.819672131147541,9.311394818879684,20181024_d10_0830_0900.csv,695,18.53179094576719,23.32059523809524,0.025584011501322754,0.025660166666666668,0.011812222222222222,35.9696662037037,,127457.79220779221,,
see_v2x,26,5,vehicle_count,0.8688524590163934,2.429076211118573,20181024_d10_0830_0900.csv,695,18.53179094576719,23.32059523809524,0.025584011501322754,0.025660166666666668,0.011812222222222222,35.9696662037037,,127457.79220779221,,
see_v2x,26,5,flow_proxy,0.7540983606557377,33757.23752396679,20181024_d10_0830_0900.csv,695,18.53179094576719,23.32059523809524,0.025584011501322754,0.025660166666666668,0.011812222222222222,35.9696662037037,,127457.79220779221,,
see_v2x,26,10,speed_mean_kmh,0.8524590163934426,9.973414176164049,20181024_d10_0830_0900.csv,695,18.53179094576719,23.32059523809524,0.025584011501322754,0.025660166666666668,0.011812222222222222,35.9696662037037,,127457.79220779221,,
see_v2x,26,10,vehicle_count,0.8688524590163934,2.85289033655883,20181024_d10_0830_0900.csv,695,18.53179094576719,23.32059523809524,0.025584011501322754,0.025660166666666668,0.011812222222222222,35.9696662037037,,127457.79220779221,,
see_v2x,26,10,flow_proxy,0.8032786885245902,36406.63575621475,20181024_d10_0830_0900.csv,695,18.53179094576719,23.32059523809524,0.025584011501322754,0.025660166666666668,0.011812222222222222,35.9696662037037,,127457.79220779221,,
see_v2x,26,30,speed_mean_kmh,0.7868852459016393,10.84082013140908,20181024_d10_0830_0900.csv,695,18.53179094576719,23.32059523809524,0.025584011501322754,0.025660166666666668,0.011812222222222222,35.9696662037037,,127457.79220779221,,
see_v2x,26,30,vehicle_count,0.8032786885245902,3.425807111129235,20181024_d10_0830_0900.csv,695,18.53179094576719,23.32059523809524,0.025584011501322754,0.025660166666666668,0.011812222222222222,35.9696662037037,,127457.79220779221,,
see_v2x,26,30,flow_proxy,0.819672131147541,39790.606114644135,20181024_d10_0830_0900.csv,695,18.53179094576719,23.32059523809524,0.025584011501322754,0.025660166666666668,0.011812222222222222,35.9696662037037,,127457.79220779221,,
see_v2x,27,5,speed_mean_kmh,0.8524590163934426,9.276613839305682,20181024_d10_0830_0900.csv,696,18.610858088624337,23.32059523809524,0.025663078644179892,0.025660166666666668,0.012737222222222223,36.279351917989416,,132791.12554112557,,
see_v2x,27,5,vehicle_count,0.8360655737704918,2.4250817133101217,20181024_d10_0830_0900.csv,696,18.610858088624337,23.32059523809524,0.025663078644179892,0.025660166666666668,0.012737222222222223,36.279351917989416,,132791.12554112557,,
see_v2x,27,5,flow_proxy,0.8032786885245902,34230.59854060256,20181024_d10_0830_0900.csv,696,18.610858088624337,23.32059523809524,0.025663078644179892,0.025660166666666668,0.012737222222222223,36.279351917989416,,132791.12554112557,,
see_v2x,27,10,speed_mean_kmh,0.8360655737704918,9.986342924277734,20181024_d10_0830_0900.csv,696,18.610858088624337,23.32059523809524,0.025663078644179892,0.025660166666666668,0.012737222222222223,36.279351917989416,,132791.12554112557,,
see_v2x,27,10,vehicle_count,0.8688524590163934,2.840742149802645,20181024_d10_0830_0900.csv,696,18.610858088624337,23.32059523809524,0.025663078644179892,0.025660166666666668,0.012737222222222223,36.279351917989416,,132791.12554112557,,
see_v2x,27,10,flow_proxy,0.819672131147541,36255.81762537521,20181024_d10_0830_0900.csv,696,18.610858088624337,23.32059523809524,0.025663078644179892,0.025660166666666668,0.012737222222222223,36.279351917989416,,132791.12554112557,,
see_v2x,27,30,speed_mean_kmh,0.7868852459016393,10.877113392237455,20181024_d10_0830_0900.csv,696,18.610858088624337,23.32059523809524,0.025663078644179892,0.025660166666666668,0.012737222222222223,36.279351917989416,,132791.12554112557,,
see_v2x,27,30,vehicle_count,0.7868852459016393,3.48430626608439,20181024_d10_0830_0900.csv,696,18.610858088624337,23.32059523809524,0.025663078644179892,0.025660166666666668,0.012737222222222223,36.279351917989416,,132791.12554112557,,
see_v2x,27,30,flow_proxy,0.8032786885245902,40253.82289895369,20181024_d10_0830_0900.csv,696,18.610858088624337,23.32059523809524,0.025663078644179892,0.025660166666666668,0.012737222222222223,36.279351917989416,,132791.12554112557,,
see_v2x,28,5,speed_mean_kmh,0.8852459016393442,9.580276210540058,20181024_d10_0830_0900.csv,697,18.570453273809523,23.32059523809524,0.02562267382936508,0.025660166666666668,0.012737222222222224,36.832637103174605,,134080.82251082253,,
see_v2x,28,5,vehicle_count,0.8852459016393442,2.4462769238083517,20181024_d10_0830_0900.csv,697,18.570453273809523,23.32059523809524,0.02562267382936508,0.025660166666666668,0.012737222222222224,36.832637103174605,,134080.82251082253,,
see_v2x,28,5,flow_proxy,0.9180327868852459,34940.432124221705,20181024_d10_0830_0900.csv,697,18.570453273809523,23.32059523809524,0.02562267382936508,0.025660166666666668,0.012737222222222224,36.832637103174605,,134080.82251082253,,
see_v2x,28,10,speed_mean_kmh,0.8524590163934426,10.327176629440991,20181024_d10_0830_0900.csv,697,18.570453273809523,23.32059523809524,0.02562267382936508,0.025660166666666668,0.012737222222222224,36.832637103174605,,134080.82251082253,,
see_v2x,28,10,vehicle_count,0.819672131147541,2.8433576502754287,20181024_d10_0830_0900.csv,697,18.570453273809523,23.32059523809524,0.02562267382936508,0.025660166666666668,0.012737222222222224,36.832637103174605,,134080.82251082253,,
see_v2x,28,10,flow_proxy,0.8524590163934426,36990.066113321795,20181024_d10_0830_0900.csv,697,18.570453273809523,23.32059523809524,0.02562267382936508,0.025660166666666668,0.012737222222222224,36.832637103174605,,134080.82251082253,,
see_v2x,28,30,speed_mean_kmh,0.8032786885245902,11.003478045366393,20181024_d10_0830_0900.csv,697,18.570453273809523,23.32059523809524,0.02562267382936508,0.025660166666666668,0.012737222222222224,36.832637103174605,,134080.82251082253,,
see_v2x,28,30,vehicle_count,0.7868852459016393,3.514155067208696,20181024_d10_0830_0900.csv,697,18.570453273809523,23.32059523809524,0.02562267382936508,0.025660166666666668,0.012737222222222224,36.832637103174605,,134080.82251082253,,
see_v2x,28,30,flow_proxy,0.7868852459016393,41177.20545537225,20181024_d10_0830_0900.csv,697,18.570453273809523,23.32059523809524,0.02562267382936508,0.025660166666666668,0.012737222222222224,36.832637103174605,,134080.82251082253,,
see_v2x,29,5,speed_mean_kmh,0.8360655737704918,9.54027976533046,20181024_d10_0830_0900.csv,698,18.59849494047619,23.32059523809524,0.025650715496031744,0.025660166666666668,0.012737222222222224,36.81256765873016,,137210.5194805195,,
see_v2x,29,5,vehicle_count,0.8524590163934426,2.4652307417475603,20181024_d10_0830_0900.csv,698,18.59849494047619,23.32059523809524,0.025650715496031744,0.025660166666666668,0.012737222222222224,36.81256765873016,,137210.5194805195,,
see_v2x,29,5,flow_proxy,0.8688524590163934,34773.307334234065,20181024_d10_0830_0900.csv,698,18.59849494047619,23.32059523809524,0.025650715496031744,0.025660166666666668,0.012737222222222224,36.81256765873016,,137210.5194805195,,
see_v2x,29,10,speed_mean_kmh,0.8688524590163934,10.370003373850778,20181024_d10_0830_0900.csv,698,18.59849494047619,23.32059523809524,0.025650715496031744,0.025660166666666668,0.012737222222222224,36.81256765873016,,137210.5194805195,,
see_v2x,29,10,vehicle_count,0.9016393442622951,2.8751899931076994,20181024_d10_0830_0900.csv,698,18.59849494047619,23.32059523809524,0.025650715496031744,0.025660166666666668,0.012737222222222224,36.81256765873016,,137210.5194805195,,
see_v2x,29,10,flow_proxy,0.8524590163934426,36979.58099983511,20181024_d10_0830_0900.csv,698,18.59849494047619,23.32059523809524,0.025650715496031744,0.025660166666666668,0.012737222222222224,36.81256765873016,,137210.5194805195,,
see_v2x,29,30,speed_mean_kmh,0.7377049180327869,11.059643296244724,20181024_d10_0830_0900.csv,698,18.59849494047619,23.32059523809524,0.025650715496031744,0.025660166666666668,0.012737222222222224,36.81256765873016,,137210.5194805195,,
see_v2x,29,30,vehicle_count,0.7540983606557377,3.5389852560924866,20181024_d10_0830_0900.csv,698,18.59849494047619,23.32059523809524,0.025650715496031744,0.025660166666666668,0.012737222222222224,36.81256765873016,,137210.5194805195,,
see_v2x,29,30,flow_proxy,0.7704918032786885,41942.58666597282,20181024_d10_0830_0900.csv,698,18.59849494047619,23.32059523809524,0.025650715496031744,0.025660166666666668,0.012737222222222224,36.81256765873016,,137210.5194805195,,
see_v2x,30,5,speed_mean_kmh,0.8032786885245902,10.694825771161435,20181024_d10_0900_0930.csv,750,18.287881078042332,22.947649999999996,0.023013316494708995,0.024803135,0.012615431096681097,33.43033908730159,,148981.6235246235,,
see_v2x,30,5,vehicle_count,0.8360655737704918,2.540282697679183,20181024_d10_0900_0930.csv,750,18.287881078042332,22.947649999999996,0.023013316494708995,0.024803135,0.012615431096681097,33.43033908730159,,148981.6235246235,,
see_v2x,30,5,flow_proxy,0.8032786885245902,34243.63273133342,20181024_d10_0900_0930.csv,750,18.287881078042332,22.947649999999996,0.023013316494708995,0.024803135,0.012615431096681097,33.43033908730159,,148981.6235246235,,
see_v2x,30,10,speed_mean_kmh,0.6721311475409836,11.548392548885879,20181024_d10_0900_0930.csv,750,18.287881078042332,22.947649999999996,0.023013316494708995,0.024803135,0.012615431096681097,33.43033908730159,,148981.6235246235,,
see_v2x,30,10,vehicle_count,0.7213114754098361,3.040730840638873,20181024_d10_0900_0930.csv,750,18.287881078042332,22.947649999999996,0.023013316494708995,0.024803135,0.012615431096681097,33.43033908730159,,148981.6235246235,,
see_v2x,30,10,flow_proxy,0.7049180327868853,37656.374853520305,20181024_d10_0900_0930.csv,750,18.287881078042332,22.947649999999996,0.023013316494708995,0.024803135,0.012615431096681097,33.43033908730159,,148981.6235246235,,
see_v2x,30,30,speed_mean_kmh,0.8852459016393442,12.675632282879247,20181024_d10_0900_0930.csv,750,18.287881078042332,22.947649999999996,0.023013316494708995,0.024803135,0.012615431096681097,33.43033908730159,,148981.6235246235,,
see_v2x,30,30,vehicle_count,0.7540983606557377,3.580167795922309,20181024_d10_0900_0930.csv,750,18.287881078042332,22.947649999999996,0.023013316494708995,0.024803135,0.012615431096681097,33.43033908730159,,148981.6235246235,,
see_v2x,30,30,flow_proxy,0.8360655737704918,43861.96903251158,20181024_d10_0900_0930.csv,750,18.287881078042332,22.947649999999996,0.023013316494708995,0.024803135,0.012615431096681097,33.43033908730159,,148981.6235246235,,
see_v2x,31,5,speed_mean_kmh,0.7868852459016393,11.181499614619138,20181024_d10_0900_0930.csv,751,18.376669966931217,24.197025,0.023102105383597884,0.024803135,0.012865431096681097,36.16856130952381,,143567.44170644175,,
see_v2x,31,5,vehicle_count,0.8360655737704918,2.5230388470354677,20181024_d10_0900_0930.csv,751,18.376669966931217,24.197025,0.023102105383597884,0.024803135,0.012865431096681097,36.16856130952381,,143567.44170644175,,
see_v2x,31,5,flow_proxy,0.8032786885245902,34311.28517042712,20181024_d10_0900_0930.csv,751,18.376669966931217,24.197025,0.023102105383597884,0.024803135,0.012865431096681097,36.16856130952381,,143567.44170644175,,
see_v2x,31,10,speed_mean_kmh,0.7213114754098361,11.890237907893267,20181024_d10_0900_0930.csv,751,18.376669966931217,24.197025,0.023102105383597884,0.024803135,0.012865431096681097,36.16856130952381,,143567.44170644175,,
see_v2x,31,10,vehicle_count,0.7540983606557377,3.0051523036008003,20181024_d10_0900_0930.csv,751,18.376669966931217,24.197025,0.023102105383597884,0.024803135,0.012865431096681097,36.16856130952381,,143567.44170644175,,
see_v2x,31,10,flow_proxy,0.7049180327868853,37525.62414856459,20181024_d10_0900_0930.csv,751,18.376669966931217,24.197025,0.023102105383597884,0.024803135,0.012865431096681097,36.16856130952381,,143567.44170644175,,
see_v2x,31,30,speed_mean_kmh,0.819672131147541,13.029350835228781,20181024_d10_0900_0930.csv,751,18.376669966931217,24.197025,0.023102105383597884,0.024803135,0.012865431096681097,36.16856130952381,,143567.44170644175,,
see_v2x,31,30,vehicle_count,0.7868852459016393,3.5707303210963124,20181024_d10_0900_0930.csv,751,18.376669966931217,24.197025,0.023102105383597884,0.024803135,0.012865431096681097,36.16856130952381,,143567.44170644175,,
see_v2x,31,30,flow_proxy,0.8524590163934426,43872.72101129159,20181024_d10_0900_0930.csv,751,18.376669966931217,24.197025,0.023102105383597884,0.024803135,0.012865431096681097,36.16856130952381,,143567.44170644175,,
see_v2x,32,5,speed_mean_kmh,0.8032786885245902,10.865902759220042,20181024_d10_0900_0930.csv,752,18.402327506613755,24.197025,0.023127762923280424,0.024803135,0.012865431096681097,35.78716051587301,,139757.9178969179,,
see_v2x,32,5,vehicle_count,0.8524590163934426,2.4832856905996064,20181024_d10_0900_0930.csv,752,18.402327506613755,24.197025,0.023127762923280424,0.024803135,0.012865431096681097,35.78716051587301,,139757.9178969179,,
see_v2x,32,5,flow_proxy,0.8032786885245902,33850.01775278385,20181024_d10_0900_0930.csv,752,18.402327506613755,24.197025,0.023127762923280424,0.024803135,0.012865431096681097,35.78716051587301,,139757.9178969179,,
see_v2x,32,10,speed_mean_kmh,0.7049180327868853,11.533259326408038,20181024_d10_0900_0930.csv,752,18.402327506613755,24.197025,0.023127762923280424,0.024803135,0.012865431096681097,35.78716051587301,,139757.9178969179,,
see_v2x,32,10,vehicle_count,0.7540983606557377,2.9649499083913633,20181024_d10_0900_0930.csv,752,18.402327506613755,24.197025,0.023127762923280424,0.024803135,0.012865431096681097,35.78716051587301,,139757.9178969179,,
see_v2x,32,10,flow_proxy,0.7540983606557377,37041.49836300287,20181024_d10_0900_0930.csv,752,18.402327506613755,24.197025,0.023127762923280424,0.024803135,0.012865431096681097,35.78716051587301,,139757.9178969179,,
see_v2x,32,30,speed_mean_kmh,0.8688524590163934,12.706673372587085,20181024_d10_0900_0930.csv,752,18.402327506613755,24.197025,0.023127762923280424,0.024803135,0.012865431096681097,35.78716051587301,,139757.9178969179,,
see_v2x,32,30,vehicle_count,0.7540983606557377,3.5268562745717076,20181024_d10_0900_0930.csv,752,18.402327506613755,24.197025,0.023127762923280424,0.024803135,0.012865431096681097,35.78716051587301,,139757.9178969179,,
see_v2x,32,30,flow_proxy,0.7540983606557377,42909.17741983291,20181024_d10_0900_0930.csv,752,18.402327506613755,24.197025,0.023127762923280424,0.024803135,0.012865431096681097,35.78716051587301,,139757.9178969179,,
see_v2x,33,5,speed_mean_kmh,0.7213114754098361,11.00766897327897,20181024_d10_0900_0930.csv,753,18.412599265873016,24.197025,0.023138034682539683,0.024803135,0.012865431096681097,36.092310978835975,,140424.58456358456,,
see_v2x,33,5,vehicle_count,0.8032786885245902,2.511011986269097,20181024_d10_0900_0930.csv,753,18.412599265873016,24.197025,0.023138034682539683,0.024803135,0.012865431096681097,36.092310978835975,,140424.58456358456,,
see_v2x,33,5,flow_proxy,0.7868852459016393,34551.2214434404,20181024_d10_0900_0930.csv,753,18.412599265873016,24.197025,0.023138034682539683,0.024803135,0.012865431096681097,36.092310978835975,,140424.58456358456,,
see_v2x,33,10,speed_mean_kmh,0.6885245901639344,11.713193874140421,20181024_d10_0900_0930.csv,753,18.412599265873016,24.197025,0.023138034682539683,0.024803135,0.012865431096681097,36.092310978835975,,140424.58456358456,,
see_v2x,33,10,vehicle_count,0.7540983606557377,2.9885292271243493,20181024_d10_0900_0930.csv,753,18.412599265873016,24.197025,0.023138034682539683,0.024803135,0.012865431096681097,36.092310978835975,,140424.58456358456,,
see_v2x,33,10,flow_proxy,0.7868852459016393,37516.0959188879,20181024_d10_0900_0930.csv,753,18.412599265873016,24.197025,0.023138034682539683,0.024803135,0.012865431096681097,36.092310978835975,,140424.58456358456,,
see_v2x,33,30,speed_mean_kmh,0.8360655737704918,12.708697119421005,20181024_d10_0900_0930.csv,753,18.412599265873016,24.197025,0.023138034682539683,0.024803135,0.012865431096681097,36.092310978835975,,140424.58456358456,,
see_v2x,33,30,vehicle_count,0.6885245901639344,3.525516203168619,20181024_d10_0900_0930.csv,753,18.412599265873016,24.197025,0.023138034682539683,0.024803135,0.012865431096681097,36.092310978835975,,140424.58456358456,,
see_v2x,33,30,flow_proxy,0.7868852459016393,42911.00686293686,20181024_d10_0900_0930.csv,753,18.412599265873016,24.197025,0.023138034682539683,0.024803135,0.012865431096681097,36.092310978835975,,140424.58456358456,,
see_v2x,34,5,speed_mean_kmh,0.7213114754098361,11.270129586317282,20181024_d10_0900_0930.csv,754,18.208904821428572,22.956008333333326,0.02293434023809524,0.024803135,0.012865431096681097,35.667792460317465,,143007.9178969179,,
see_v2x,34,5,vehicle_count,0.819672131147541,2.5064266400789186,20181024_d10_0900_0930.csv,754,18.208904821428572,22.956008333333326,0.02293434023809524,0.024803135,0.012865431096681097,35.667792460317465,,143007.9178969179,,
see_v2x,34,5,flow_proxy,0.7213114754098361,35175.10191839639,20181024_d10_0900_0930.csv,754,18.208904821428572,22.956008333333326,0.02293434023809524,0.024803135,0.012865431096681097,35.667792460317465,,143007.9178969179,,
see_v2x,34,10,speed_mean_kmh,0.6721311475409836,11.819983979299733,20181024_d10_0900_0930.csv,754,18.208904821428572,22.956008333333326,0.02293434023809524,0.024803135,0.012865431096681097,35.667792460317465,,143007.9178969179,,
see_v2x,34,10,vehicle_count,0.7049180327868853,2.9791351816002436,20181024_d10_0900_0930.csv,754,18.208904821428572,22.956008333333326,0.02293434023809524,0.024803135,0.012865431096681097,35.667792460317465,,143007.9178969179,,
see_v2x,34,10,flow_proxy,0.7868852459016393,38478.744316089025,20181024_d10_0900_0930.csv,754,18.208904821428572,22.956008333333326,0.02293434023809524,0.024803135,0.012865431096681097,35.667792460317465,,143007.9178969179,,
see_v2x,34,30,speed_mean_kmh,0.7704918032786885,12.669731938227502,20181024_d10_0900_0930.csv,754,18.208904821428572,22.956008333333326,0.02293434023809524,0.024803135,0.012865431096681097,35.667792460317465,,143007.9178969179,,
see_v2x,34,30,vehicle_count,0.7049180327868853,3.504702338141974,20181024_d10_0900_0930.csv,754,18.208904821428572,22.956008333333326,0.02293434023809524,0.024803135,0.012865431096681097,35.667792460317465,,143007.9178969179,,
see_v2x,34,30,flow_proxy,0.7213114754098361,42677.807436926,20181024_d10_0900_0930.csv,754,18.208904821428572,22.956008333333326,0.02293434023809524,0.024803135,0.012865431096681097,35.667792460317465,,143007.9178969179,,
see_v2x,35,5,speed_mean_kmh,0.6885245901639344,11.290740666687045,20181024_d10_0900_0930.csv,755,18.277449265873017,22.956008333333326,0.023002884682539686,0.024803135,0.012865431096681097,36.28443134920635,,142501.25123025122,,
see_v2x,35,5,vehicle_count,0.7540983606557377,2.5660238670242235,20181024_d10_0900_0930.csv,755,18.277449265873017,22.956008333333326,0.023002884682539686,0.024803135,0.012865431096681097,36.28443134920635,,142501.25123025122,,
see_v2x,35,5,flow_proxy,0.7377049180327869,36373.71405973089,20181024_d10_0900_0930.csv,755,18.277449265873017,22.956008333333326,0.023002884682539686,0.024803135,0.012865431096681097,36.28443134920635,,142501.25123025122,,
see_v2x,35,10,speed_mean_kmh,0.7049180327868853,11.90434385548868,20181024_d10_0900_0930.csv,755,18.277449265873017,22.956008333333326,0.023002884682539686,0.024803135,0.012865431096681097,36.28443134920635,,142501.25123025122,,
see_v2x,35,10,vehicle_count,0.7213114754098361,3.0465477792370437,20181024_d10_0900_0930.csv,755,18.277449265873017,22.956008333333326,0.023002884682539686,0.024803135,0.012865431096681097,36.28443134920635,,142501.25123025122,,
see_v2x,35,10,flow_proxy,0.7540983606557377,39431.72804765966,20181024_d10_0900_0930.csv,755,18.277449265873017,22.956008333333326,0.023002884682539686,0.024803135,0.012865431096681097,36.28443134920635,,142501.25123025122,,
see_v2x,35,30,speed_mean_kmh,0.7377049180327869,12.667695213412054,20181024_d10_0900_0930.csv,755,18.277449265873017,22.956008333333326,0.023002884682539686,0.024803135,0.012865431096681097,36.28443134920635,,142501.25123025122,,
see_v2x,35,30,vehicle_count,0.6885245901639344,3.5466320035515366,20181024_d10_0900_0930.csv,755,18.277449265873017,22.956008333333326,0.023002884682539686,0.024803135,0.012865431096681097,36.28443134920635,,142501.25123025122,,
see_v2x,35,30,flow_proxy,0.7213114754098361,42150.13527457915,20181024_d10_0900_0930.csv,755,18.277449265873017,22.956008333333326,0.023002884682539686,0.024803135,0.012865431096681097,36.28443134920635,,142501.25123025122,,
see_v2x,36,5,speed_mean_kmh,0.7540983606557377,11.101233766535573,20181024_d10_0900_0930.csv,756,18.20831148809524,22.956008333333326,0.022933746904761906,0.024803135,0.012865431096681097,35.90915912698413,,142501.25123025125,,
see_v2x,36,5,vehicle_count,0.6721311475409836,2.5866704798676303,20181024_d10_0900_0930.csv,756,18.20831148809524,22.956008333333326,0.022933746904761906,0.024803135,0.012865431096681097,35.90915912698413,,142501.25123025125,,
see_v2x,36,5,flow_proxy,0.7704918032786885,36436.887941677785,20181024_d10_0900_0930.csv,756,18.20831148809524,22.956008333333326,0.022933746904761906,0.024803135,0.012865431096681097,35.90915912698413,,142501.25123025125,,
see_v2x,36,10,speed_mean_kmh,0.6229508196721312,11.81445331209711,20181024_d10_0900_0930.csv,756,18.20831148809524,22.956008333333326,0.022933746904761906,0.024803135,0.012865431096681097,35.90915912698413,,142501.25123025125,,
see_v2x,36,10,vehicle_count,0.6721311475409836,3.0784535246161386,20181024_d10_0900_0930.csv,756,18.20831148809524,22.956008333333326,0.022933746904761906,0.024803135,0.012865431096681097,35.90915912698413,,142501.25123025125,,
see_v2x,36,10,flow_proxy,0.6885245901639344,39325.05600418312,20181024_d10_0900_0930.csv,756,18.20831148809524,22.956008333333326,0.022933746904761906,0.024803135,0.012865431096681097,35.90915912698413,,142501.25123025125,,
see_v2x,36,30,speed_mean_kmh,0.7868852459016393,12.681187840912134,20181024_d10_0900_0930.csv,756,18.20831148809524,22.956008333333326,0.022933746904761906,0.024803135,0.012865431096681097,35.90915912698413,,142501.25123025125,,
see_v2x,36,30,vehicle_count,0.6885245901639344,3.507635121812228,20181024_d10_0900_0930.csv,756,18.20831148809524,22.956008333333326,0.022933746904761906,0.024803135,0.012865431096681097,35.90915912698413,,142501.25123025125,,
see_v2x,36,30,flow_proxy,0.7540983606557377,40909.793884844556,20181024_d10_0900_0930.csv,756,18.20831148809524,22.956008333333326,0.022933746904761906,0.024803135,0.012865431096681097,35.90915912698413,,142501.25123025125,,
see_v2x,37,5,speed_mean_kmh,0.7377049180327869,10.962411170349048,20181024_d10_0900_0930.csv,757,18.132669821428575,22.956008333333326,0.02285810523809524,0.024803135,0.013532097763347765,35.759034126984126,,146806.01313501314,,
see_v2x,37,5,vehicle_count,0.8032786885245902,2.554249504743743,20181024_d10_0900_0930.csv,757,18.132669821428575,22.956008333333326,0.02285810523809524,0.024803135,0.013532097763347765,35.759034126984126,,146806.01313501314,,
see_v2x,37,5,flow_proxy,0.7868852459016393,35644.298322047645,20181024_d10_0900_0930.csv,757,18.132669821428575,22.956008333333326,0.02285810523809524,0.024803135,0.013532097763347765,35.759034126984126,,146806.01313501314,,
see_v2x,37,10,speed_mean_kmh,0.7213114754098361,11.513329622799644,20181024_d10_0900_0930.csv,757,18.132669821428575,22.956008333333326,0.02285810523809524,0.024803135,0.013532097763347765,35.759034126984126,,146806.01313501314,,
see_v2x,37,10,vehicle_count,0.7704918032786885,3.0464621466676447,20181024_d10_0900_0930.csv,757,18.132669821428575,22.956008333333326,0.02285810523809524,0.024803135,0.013532097763347765,35.759034126984126,,146806.01313501314,,
see_v2x,37,10,flow_proxy,0.7540983606557377,38512.73150246343,20181024_d10_0900_0930.csv,757,18.132669821428575,22.956008333333326,0.02285810523809524,0.024803135,0.013532097763347765,35.759034126984126,,146806.01313501314,,
see_v2x,37,30,speed_mean_kmh,0.7540983606557377,12.177312997653656,20181024_d10_0900_0930.csv,757,18.132669821428575,22.956008333333326,0.02285810523809524,0.024803135,0.013532097763347765,35.759034126984126,,146806.01313501314,,
see_v2x,37,30,vehicle_count,0.7049180327868853,3.4943539197675917,20181024_d10_0900_0930.csv,757,18.132669821428575,22.956008333333326,0.02285810523809524,0.024803135,0.013532097763347765,35.759034126984126,,146806.01313501314,,
see_v2x,37,30,flow_proxy,0.7213114754098361,39558.558335173206,20181024_d10_0900_0930.csv,757,18.132669821428575,22.956008333333326,0.02285810523809524,0.024803135,0.013532097763347765,35.759034126984126,,146806.01313501314,,
see_v2x,38,5,speed_mean_kmh,0.7704918032786885,10.788476391481222,20181024_d10_0900_0930.csv,758,18.077896904761907,22.956008333333326,0.02280333232142857,0.024803135,0.013532097763347765,35.84226746031746,,142472.6798016798,,
see_v2x,38,5,vehicle_count,0.7704918032786885,2.5358932533273664,20181024_d10_0900_0930.csv,758,18.077896904761907,22.956008333333326,0.02280333232142857,0.024803135,0.013532097763347765,35.84226746031746,,142472.6798016798,,
see_v2x,38,5,flow_proxy,0.8032786885245902,35160.361976752574,20181024_d10_0900_0930.csv,758,18.077896904761907,22.956008333333326,0.02280333232142857,0.024803135,0.013532097763347765,35.84226746031746,,142472.6798016798,,
see_v2x,38,10,speed_mean_kmh,0.7213114754098361,11.496035567761862,20181024_d10_0900_0930.csv,758,18.077896904761907,22.956008333333326,0.02280333232142857,0.024803135,0.013532097763347765,35.84226746031746,,142472.6798016798,,
see_v2x,38,10,vehicle_count,0.8360655737704918,3.0421969945178646,20181024_d10_0900_0930.csv,758,18.077896904761907,22.956008333333326,0.02280333232142857,0.024803135,0.013532097763347765,35.84226746031746,,142472.6798016798,,
see_v2x,38,10,flow_proxy,0.7704918032786885,38562.12185114952,20181024_d10_0900_0930.csv,758,18.077896904761907,22.956008333333326,0.02280333232142857,0.024803135,0.013532097763347765,35.84226746031746,,142472.6798016798,,
see_v2x,38,30,speed_mean_kmh,0.7704918032786885,12.451607775986895,20181024_d10_0900_0930.csv,758,18.077896904761907,22.956008333333326,0.02280333232142857,0.024803135,0.013532097763347765,35.84226746031746,,142472.6798016798,,
see_v2x,38,30,vehicle_count,0.7377049180327869,3.4958805026403033,20181024_d10_0900_0930.csv,758,18.077896904761907,22.956008333333326,0.02280333232142857,0.024803135,0.013532097763347765,35.84226746031746,,142472.6798016798,,
see_v2x,38,30,flow_proxy,0.7868852459016393,39731.45063448495,20181024_d10_0900_0930.csv,758,18.077896904761907,22.956008333333326,0.02280333232142857,0.024803135,0.013532097763347765,35.84226746031746,,142472.6798016798,,
see_v2x,39,5,speed_mean_kmh,0.7049180327868853,11.27791897464667,20181024_d10_0900_0930.csv,759,18.126838968253967,22.956008333333326,0.02285227438492064,0.024803135,0.013532097763347765,36.25525952380952,,141240.6798016798,,
see_v2x,39,5,vehicle_count,0.7868852459016393,2.5732998471836326,20181024_d10_0900_0930.csv,759,18.126838968253967,22.956008333333326,0.02285227438492064,0.024803135,0.013532097763347765,36.25525952380952,,141240.6798016798,,
see_v2x,39,5,flow_proxy,0.7868852459016393,35752.5579902208,20181024_d10_0900_0930.csv,759,18.126838968253967,22.956008333333326,0.02285227438492064,0.024803135,0.013532097763347765,36.25525952380952,,141240.6798016798,,
see_v2x,39,10,speed_mean_kmh,0.7377049180327869,11.907035030072297,20181024_d10_0900_0930.csv,759,18.126838968253967,22.956008333333326,0.02285227438492064,0.024803135,0.013532097763347765,36.25525952380952,,141240.6798016798,,
see_v2x,39,10,vehicle_count,0.7377049180327869,3.0882629677281463,20181024_d10_0900_0930.csv,759,18.126838968253967,22.956008333333326,0.02285227438492064,0.024803135,0.013532097763347765,36.25525952380952,,141240.6798016798,,
see_v2x,39,10,flow_proxy,0.7377049180327869,39202.380855901414,20181024_d10_0900_0930.csv,759,18.126838968253967,22.956008333333326,0.02285227438492064,0.024803135,0.013532097763347765,36.25525952380952,,141240.6798016798,,
see_v2x,39,30,speed_mean_kmh,0.8360655737704918,12.744130058452729,20181024_d10_0900_0930.csv,759,18.126838968253967,22.956008333333326,0.02285227438492064,0.024803135,0.013532097763347765,36.25525952380952,,141240.6798016798,,
see_v2x,39,30,vehicle_count,0.7704918032786885,3.538652578912738,20181024_d10_0900_0930.csv,759,18.126838968253967,22.956008333333326,0.02285227438492064,0.024803135,0.013532097763347765,36.25525952380952,,141240.6798016798,,
see_v2x,39,30,flow_proxy,0.8360655737704918,39176.37736442757,20181024_d10_0900_0930.csv,759,18.126838968253967,22.956008333333326,0.02285227438492064,0.024803135,0.013532097763347765,36.25525952380952,,141240.6798016798,,
see_v2x,40,5,speed_mean_kmh,0.7704918032786885,11.34181612941543,20181024_d10_0900_0930.csv,760,18.13775563492063,22.956008333333326,0.0228631910515873,0.024803135,0.014573764430014432,37.2286261904762,,144074.01313501314,,
see_v2x,40,5,vehicle_count,0.7868852459016393,2.5716706188665284,20181024_d10_0900_0930.csv,760,18.13775563492063,22.956008333333326,0.0228631910515873,0.024803135,0.014573764430014432,37.2286261904762,,144074.01313501314,,
see_v2x,40,5,flow_proxy,0.8032786885245902,36089.00784636167,20181024_d10_0900_0930.csv,760,18.13775563492063,22.956008333333326,0.0228631910515873,0.024803135,0.014573764430014432,37.2286261904762,,144074.01313501314,,
see_v2x,40,10,speed_mean_kmh,0.7540983606557377,11.910069181503712,20181024_d10_0900_0930.csv,760,18.13775563492063,22.956008333333326,0.0228631910515873,0.024803135,0.014573764430014432,37.2286261904762,,144074.01313501314,,
see_v2x,40,10,vehicle_count,0.6721311475409836,3.0772007639994077,20181024_d10_0900_0930.csv,760,18.13775563492063,22.956008333333326,0.0228631910515873,0.024803135,0.014573764430014432,37.2286261904762,,144074.01313501314,,
see_v2x,40,10,flow_proxy,0.7213114754098361,39262.18407636146,20181024_d10_0900_0930.csv,760,18.13775563492063,22.956008333333326,0.0228631910515873,0.024803135,0.014573764430014432,37.2286261904762,,144074.01313501314,,
see_v2x,40,30,speed_mean_kmh,0.819672131147541,12.588815134447714,20181024_d10_0900_0930.csv,760,18.13775563492063,22.956008333333326,0.0228631910515873,0.024803135,0.014573764430014432,37.2286261904762,,144074.01313501314,,
see_v2x,40,30,vehicle_count,0.7049180327868853,3.561723171156441,20181024_d10_0900_0930.csv,760,18.13775563492063,22.956008333333326,0.0228631910515873,0.024803135,0.014573764430014432,37.2286261904762,,144074.01313501314,,
see_v2x,40,30,flow_proxy,0.8688524590163934,39581.48212648545,20181024_d10_0900_0930.csv,760,18.13775563492063,22.956008333333326,0.0228631910515873,0.024803135,0.014573764430014432,37.2286261904762,,144074.01313501314,,
see_v2x,41,5,speed_mean_kmh,0.6229508196721312,11.514299679185344,20181024_d10_0900_0930.csv,761,18.043101468253965,22.956008333333326,0.022768536884920632,0.024803135,0.01411126443001443,36.7980636904762,,143935.02323602326,,
see_v2x,41,5,vehicle_count,0.7049180327868853,2.6388401545272546,20181024_d10_0900_0930.csv,761,18.043101468253965,22.956008333333326,0.022768536884920632,0.024803135,0.01411126443001443,36.7980636904762,,143935.02323602326,,
see_v2x,41,5,flow_proxy,0.6721311475409836,37140.80207646046,20181024_d10_0900_0930.csv,761,18.043101468253965,22.956008333333326,0.022768536884920632,0.024803135,0.01411126443001443,36.7980636904762,,143935.02323602326,,
see_v2x,41,10,speed_mean_kmh,0.8032786885245902,12.039061994542422,20181024_d10_0900_0930.csv,761,18.043101468253965,22.956008333333326,0.022768536884920632,0.024803135,0.01411126443001443,36.7980636904762,,143935.02323602326,,
see_v2x,41,10,vehicle_count,0.7540983606557377,3.138051413356348,20181024_d10_0900_0930.csv,761,18.043101468253965,22.956008333333326,0.022768536884920632,0.024803135,0.01411126443001443,36.7980636904762,,143935.02323602326,,
see_v2x,41,10,flow_proxy,0.7868852459016393,40154.65105271239,20181024_d10_0900_0930.csv,761,18.043101468253965,22.956008333333326,0.022768536884920632,0.024803135,0.01411126443001443,36.7980636904762,,143935.02323602326,,
see_v2x,41,30,speed_mean_kmh,0.7868852459016393,12.573028150923925,20181024_d10_0900_0930.csv,761,18.043101468253965,22.956008333333326,0.022768536884920632,0.024803135,0.01411126443001443,36.7980636904762,,143935.02323602326,,
see_v2x,41,30,vehicle_count,0.6885245901639344,3.624958887164262,20181024_d10_0900_0930.csv,761,18.043101468253965,22.956008333333326,0.022768536884920632,0.024803135,0.01411126443001443,36.7980636904762,,143935.02323602326,,
see_v2x,41,30,flow_proxy,0.8032786885245902,39554.93488567063,20181024_d10_0900_0930.csv,761,18.043101468253965,22.956008333333326,0.022768536884920632,0.024803135,0.01411126443001443,36.7980636904762,,143935.02323602326,,
see_v2x,42,5,speed_mean_kmh,0.639344262295082,10.89650612435936,20181024_d10_0900_0930.csv,762,17.968875912698415,22.956008333333326,0.022694311329365075,0.024803135,0.013635073953823955,38.105148875661385,,138480.4777814778,,
see_v2x,42,5,vehicle_count,0.7049180327868853,2.626463388820544,20181024_d10_0900_0930.csv,762,17.968875912698415,22.956008333333326,0.022694311329365075,0.024803135,0.013635073953823955,38.105148875661385,,138480.4777814778,,
see_v2x,42,5,flow_proxy,0.6721311475409836,37467.217964552234,20181024_d10_0900_0930.csv,762,17.968875912698415,22.956008333333326,0.022694311329365075,0.024803135,0.013635073953823955,38.105148875661385,,138480.4777814778,,
see_v2x,42,10,speed_mean_kmh,0.8032786885245902,11.567117929631241,20181024_d10_0900_0930.csv,762,17.968875912698415,22.956008333333326,0.022694311329365075,0.024803135,0.013635073953823955,38.105148875661385,,138480.4777814778,,
see_v2x,42,10,vehicle_count,0.6885245901639344,3.133241890074582,20181024_d10_0900_0930.csv,762,17.968875912698415,22.956008333333326,0.022694311329365075,0.024803135,0.013635073953823955,38.105148875661385,,138480.4777814778,,
see_v2x,42,10,flow_proxy,0.7540983606557377,40337.034057755016,20181024_d10_0900_0930.csv,762,17.968875912698415,22.956008333333326,0.022694311329365075,0.024803135,0.013635073953823955,38.105148875661385,,138480.4777814778,,
see_v2x,42,30,speed_mean_kmh,0.7540983606557377,12.21608373278855,20181024_d10_0900_0930.csv,762,17.968875912698415,22.956008333333326,0.022694311329365075,0.024803135,0.013635073953823955,38.105148875661385,,138480.4777814778,,
see_v2x,42,30,vehicle_count,0.7213114754098361,3.616789551117475,20181024_d10_0900_0930.csv,762,17.968875912698415,22.956008333333326,0.022694311329365075,0.024803135,0.013635073953823955,38.105148875661385,,138480.4777814778,,
see_v2x,42,30,flow_proxy,0.819672131147541,39552.09442965311,20181024_d10_0900_0930.csv,762,17.968875912698415,22.956008333333326,0.022694311329365075,0.024803135,0.013635073953823955,38.105148875661385,,138480.4777814778,,
see_v2x,43,5,speed_mean_kmh,0.8032786885245902,11.521601291252027,20181024_d10_0900_0930.csv,763,17.889862103174604,22.956008333333326,0.022615297519841267,0.024803135,0.013635073953823955,38.88518220899471,,136128.09682909684,,
see_v2x,43,5,vehicle_count,0.8524590163934426,2.691991679708872,20181024_d10_0900_0930.csv,763,17.889862103174604,22.956008333333326,0.022615297519841267,0.024803135,0.013635073953823955,38.88518220899471,,136128.09682909684,,
see_v2x,43,5,flow_proxy,0.8360655737704918,38351.07303299617,20181024_d10_0900_0930.csv,763,17.889862103174604,22.956008333333326,0.022615297519841267,0.024803135,0.013635073953823955,38.88518220899471,,136128.09682909684,,
see_v2x,43,10,speed_mean_kmh,0.819672131147541,12.041535932498991,20181024_d10_0900_0930.csv,763,17.889862103174604,22.956008333333326,0.022615297519841267,0.024803135,0.013635073953823955,38.88518220899471,,136128.09682909684,,
see_v2x,43,10,vehicle_count,0.7540983606557377,3.210903431192658,20181024_d10_0900_0930.csv,763,17.889862103174604,22.956008333333326,0.022615297519841267,0.024803135,0.013635073953823955,38.88518220899471,,136128.09682909684,,
see_v2x,43,10,flow_proxy,0.7540983606557377,41580.07436540987,20181024_d10_0900_0930.csv,763,17.889862103174604,22.956008333333326,0.022615297519841267,0.024803135,0.013635073953823955,38.88518220899471,,136128.09682909684,,
see_v2x,43,30,speed_mean_kmh,0.7868852459016393,12.17826535183253,20181024_d10_0900_0930.csv,763,17.889862103174604,22.956008333333326,0.022615297519841267,0.024803135,0.013635073953823955,38.88518220899471,,136128.09682909684,,
see_v2x,43,30,vehicle_count,0.7704918032786885,3.665235011863026,20181024_d10_0900_0930.csv,763,17.889862103174604,22.956008333333326,0.022615297519841267,0.024803135,0.013635073953823955,38.88518220899471,,136128.09682909684,,
see_v2x,43,30,flow_proxy,0.8524590163934426,39763.43729360933,20181024_d10_0900_0930.csv,763,17.889862103174604,22.956008333333326,0.022615297519841267,0.024803135,0.013635073953823955,38.88518220899471,,136128.09682909684,,
see_v2x,44,5,speed_mean_kmh,0.819672131147541,11.26931593670261,20181024_d10_0900_0930.csv,764,17.951916865079365,22.956008333333326,0.022677352281746034,0.024803135,0.013635073953823955,39.06946792328042,,139708.09682909684,,
see_v2x,44,5,vehicle_count,0.7868852459016393,2.6676551819141854,20181024_d10_0900_0930.csv,764,17.951916865079365,22.956008333333326,0.022677352281746034,0.024803135,0.013635073953823955,39.06946792328042,,139708.09682909684,,
see_v2x,44,5,flow_proxy,0.7868852459016393,38513.74835965038,20181024_d10_0900_0930.csv,764,17.951916865079365,22.956008333333326,0.022677352281746034,0.024803135,0.013635073953823955,39.06946792328042,,139708.09682909684,,
see_v2x,44,10,speed_mean_kmh,0.7540983606557377,11.810981093781782,20181024_d10_0900_0930.csv,764,17.951916865079365,22.956008333333326,0.022677352281746034,0.024803135,0.013635073953823955,39.06946792328042,,139708.09682909684,,
see_v2x,44,10,vehicle_count,0.7704918032786885,3.1917076283419936,20181024_d10_0900_0930.csv,764,17.951916865079365,22.956008333333326,0.022677352281746034,0.024803135,0.013635073953823955,39.06946792328042,,139708.09682909684,,
see_v2x,44,10,flow_proxy,0.7704918032786885,41692.10124757272,20181024_d10_0900_0930.csv,764,17.951916865079365,22.956008333333326,0.022677352281746034,0.024803135,0.013635073953823955,39.06946792328042,,139708.09682909684,,
see_v2x,44,30,speed_mean_kmh,0.7049180327868853,12.044795182901241,20181024_d10_0900_0930.csv,764,17.951916865079365,22.956008333333326,0.022677352281746034,0.024803135,0.013635073953823955,39.06946792328042,,139708.09682909684,,
see_v2x,44,30,vehicle_count,0.7540983606557377,3.6850573209212865,20181024_d10_0900_0930.csv,764,17.951916865079365,22.956008333333326,0.022677352281746034,0.024803135,0.013635073953823955,39.06946792328042,,139708.09682909684,,
see_v2x,44,30,flow_proxy,0.7704918032786885,39299.8227276442,20181024_d10_0900_0930.csv,764,17.951916865079365,22.956008333333326,0.022677352281746034,0.024803135,0.013635073953823955,39.06946792328042,,139708.09682909684,,
see_v2x,45,5,speed_mean_kmh,0.7868852459016393,11.420203746078332,20181024_d10_0900_0930.csv,765,17.912797976190475,22.956008333333326,0.022645021726190477,0.024803135,0.012941323953823953,39.12615681216932,,131703.1948683125,,
see_v2x,45,5,vehicle_count,0.7868852459016393,2.6840370802889044,20181024_d10_0900_0930.csv,765,17.912797976190475,22.956008333333326,0.022645021726190477,0.024803135,0.012941323953823953,39.12615681216932,,131703.1948683125,,
see_v2x,45,5,flow_proxy,0.819672131147541,38654.21095985074,20181024_d10_0900_0930.csv,765,17.912797976190475,22.956008333333326,0.022645021726190477,0.024803135,0.012941323953823953,39.12615681216932,,131703.1948683125,,
see_v2x,45,10,speed_mean_kmh,0.7868852459016393,11.830388901419424,20181024_d10_0900_0930.csv,765,17.912797976190475,22.956008333333326,0.022645021726190477,0.024803135,0.012941323953823953,39.12615681216932,,131703.1948683125,,
see_v2x,45,10,vehicle_count,0.819672131147541,3.2016372940128686,20181024_d10_0900_0930.csv,765,17.912797976190475,22.956008333333326,0.022645021726190477,0.024803135,0.012941323953823953,39.12615681216932,,131703.1948683125,,
see_v2x,45,10,flow_proxy,0.8032786885245902,41544.280347703585,20181024_d10_0900_0930.csv,765,17.912797976190475,22.956008333333326,0.022645021726190477,0.024803135,0.012941323953823953,39.12615681216932,,131703.1948683125,,
see_v2x,45,30,speed_mean_kmh,0.7704918032786885,12.067082510875178,20181024_d10_0900_0930.csv,765,17.912797976190475,22.956008333333326,0.022645021726190477,0.024803135,0.012941323953823953,39.12615681216932,,131703.1948683125,,
see_v2x,45,30,vehicle_count,0.7377049180327869,3.691855077799595,20181024_d10_0900_0930.csv,765,17.912797976190475,22.956008333333326,0.022645021726190477,0.024803135,0.012941323953823953,39.12615681216932,,131703.1948683125,,
see_v2x,45,30,flow_proxy,0.8032786885245902,38526.58185061169,20181024_d10_0900_0930.csv,765,17.912797976190475,22.956008333333326,0.022645021726190477,0.024803135,0.012941323953823953,39.12615681216932,,131703.1948683125,,
see_v2x,46,5,speed_mean_kmh,0.7704918032786885,11.82813972557352,20181024_d10_0900_0930.csv,766,17.807726865079363,22.956008333333326,0.02253995061507937,0.024803135,0.013404286916786917,39.38385681216932,,138412.28577740342,,
see_v2x,46,5,vehicle_count,0.819672131147541,2.685417047905549,20181024_d10_0900_0930.csv,766,17.807726865079363,22.956008333333326,0.02253995061507937,0.024803135,0.013404286916786917,39.38385681216932,,138412.28577740342,,
see_v2x,46,5,flow_proxy,0.7868852459016393,39402.25889046904,20181024_d10_0900_0930.csv,766,17.807726865079363,22.956008333333326,0.02253995061507937,0.024803135,0.013404286916786917,39.38385681216932,,138412.28577740342,,
see_v2x,46,10,speed_mean_kmh,0.819672131147541,12.101449515204989,20181024_d10_0900_0930.csv,766,17.807726865079363,22.956008333333326,0.02253995061507937,0.024803135,0.013404286916786917,39.38385681216932,,138412.28577740342,,
see_v2x,46,10,vehicle_count,0.7377049180327869,3.2008495840583358,20181024_d10_0900_0930.csv,766,17.807726865079363,22.956008333333326,0.02253995061507937,0.024803135,0.013404286916786917,39.38385681216932,,138412.28577740342,,
see_v2x,46,10,flow_proxy,0.7540983606557377,42425.100962721604,20181024_d10_0900_0930.csv,766,17.807726865079363,22.956008333333326,0.02253995061507937,0.024803135,0.013404286916786917,39.38385681216932,,138412.28577740342,,
see_v2x,46,30,speed_mean_kmh,0.7377049180327869,12.0762579260832,20181024_d10_0900_0930.csv,766,17.807726865079363,22.956008333333326,0.02253995061507937,0.024803135,0.013404286916786917,39.38385681216932,,138412.28577740342,,
see_v2x,46,30,vehicle_count,0.6885245901639344,3.71172439670748,20181024_d10_0900_0930.csv,766,17.807726865079363,22.956008333333326,0.02253995061507937,0.024803135,0.013404286916786917,39.38385681216932,,138412.28577740342,,
see_v2x,46,30,flow_proxy,0.7868852459016393,38211.31806530318,20181024_d10_0900_0930.csv,766,17.807726865079363,22.956008333333326,0.02253995061507937,0.024803135,0.013404286916786917,39.38385681216932,,138412.28577740342,,
see_v2x,47,5,speed_mean_kmh,0.7704918032786885,11.576875581059547,20181024_d10_0900_0930.csv,767,17.7769051984127,22.956008333333326,0.022456767281746035,0.024803135,0.012451905964405964,41.239006812169315,,133428.15879327644,,
see_v2x,47,5,vehicle_count,0.8032786885245902,2.7608665448274925,20181024_d10_0900_0930.csv,767,17.7769051984127,22.956008333333326,0.022456767281746035,0.024803135,0.012451905964405964,41.239006812169315,,133428.15879327644,,
see_v2x,47,5,flow_proxy,0.8360655737704918,40647.09430612168,20181024_d10_0900_0930.csv,767,17.7769051984127,22.956008333333326,0.022456767281746035,0.024803135,0.012451905964405964,41.239006812169315,,133428.15879327644,,
see_v2x,47,10,speed_mean_kmh,0.8852459016393442,11.86147110852585,20181024_d10_0900_0930.csv,767,17.7769051984127,22.956008333333326,0.022456767281746035,0.024803135,0.012451905964405964,41.239006812169315,,133428.15879327644,,
see_v2x,47,10,vehicle_count,0.7377049180327869,3.276201128742782,20181024_d10_0900_0930.csv,767,17.7769051984127,22.956008333333326,0.022456767281746035,0.024803135,0.012451905964405964,41.239006812169315,,133428.15879327644,,
see_v2x,47,10,flow_proxy,0.8032786885245902,43299.59503583577,20181024_d10_0900_0930.csv,767,17.7769051984127,22.956008333333326,0.022456767281746035,0.024803135,0.012451905964405964,41.239006812169315,,133428.15879327644,,
see_v2x,47,30,speed_mean_kmh,0.7704918032786885,11.863573251041986,20181024_d10_0900_0930.csv,767,17.7769051984127,22.956008333333326,0.022456767281746035,0.024803135,0.012451905964405964,41.239006812169315,,133428.15879327644,,
see_v2x,47,30,vehicle_count,0.6885245901639344,3.759401082479014,20181024_d10_0900_0930.csv,767,17.7769051984127,22.956008333333326,0.022456767281746035,0.024803135,0.012451905964405964,41.239006812169315,,133428.15879327644,,
see_v2x,47,30,flow_proxy,0.8032786885245902,38418.644962585604,20181024_d10_0900_0930.csv,767,17.7769051984127,22.956008333333326,0.022456767281746035,0.024803135,0.012451905964405964,41.239006812169315,,133428.15879327644,,
see_v2x,48,5,speed_mean_kmh,0.8852459016393442,11.26589876434044,20181024_d10_0900_0930.csv,768,17.823551309523808,22.956008333333326,0.02250341339285715,0.024803135,0.011201905964405965,41.337662367724874,,129577.04768216534,,
see_v2x,48,5,vehicle_count,0.7704918032786885,2.727122718151208,20181024_d10_0900_0930.csv,768,17.823551309523808,22.956008333333326,0.02250341339285715,0.024803135,0.011201905964405965,41.337662367724874,,129577.04768216534,,
see_v2x,48,5,flow_proxy,0.8360655737704918,39800.98354971276,20181024_d10_0900_0930.csv,768,17.823551309523808,22.956008333333326,0.02250341339285715,0.024803135,0.011201905964405965,41.337662367724874,,129577.04768216534,,
see_v2x,48,10,speed_mean_kmh,0.7704918032786885,11.658304592329555,20181024_d10_0900_0930.csv,768,17.823551309523808,22.956008333333326,0.02250341339285715,0.024803135,0.011201905964405965,41.337662367724874,,129577.04768216534,,
see_v2x,48,10,vehicle_count,0.8360655737704918,3.2610724827168642,20181024_d10_0900_0930.csv,768,17.823551309523808,22.956008333333326,0.02250341339285715,0.024803135,0.011201905964405965,41.337662367724874,,129577.04768216534,,
see_v2x,48,10,flow_proxy,0.8360655737704918,42975.78715474484,20181024_d10_0900_0930.csv,768,17.823551309523808,22.956008333333326,0.02250341339285715,0.024803135,0.011201905964405965,41.337662367724874,,129577.04768216534,,
see_v2x,48,30,speed_mean_kmh,0.7704918032786885,11.716037380441602,20181024_d10_0900_0930.csv,768,17.823551309523808,22.956008333333326,0.02250341339285715,0.024803135,0.011201905964405965,41.337662367724874,,129577.04768216534,,
see_v2x,48,30,vehicle_count,0.7704918032786885,3.7709318475469047,20181024_d10_0900_0930.csv,768,17.823551309523808,22.956008333333326,0.02250341339285715,0.024803135,0.011201905964405965,41.337662367724874,,129577.04768216534,,
see_v2x,48,30,flow_proxy,0.819672131147541,38322.077528653186,20181024_d10_0900_0930.csv,768,17.823551309523808,22.956008333333326,0.02250341339285715,0.024803135,0.011201905964405965,41.337662367724874,,129577.04768216534,,
see_v2x,49,5,speed_mean_kmh,0.8032786885245902,11.204545242125759,20181024_d10_0900_0930.csv,769,17.972841785714287,24.375181666666666,0.022652703869047622,0.025963846428571427,0.011201905964405965,41.94416236772487,,126243.714348832,,
see_v2x,49,5,vehicle_count,0.8360655737704918,2.7901931541773393,20181024_d10_0900_0930.csv,769,17.972841785714287,24.375181666666666,0.022652703869047622,0.025963846428571427,0.011201905964405965,41.94416236772487,,126243.714348832,,
see_v2x,49,5,flow_proxy,0.819672131147541,40265.94283196378,20181024_d10_0900_0930.csv,769,17.972841785714287,24.375181666666666,0.022652703869047622,0.025963846428571427,0.011201905964405965,41.94416236772487,,126243.714348832,,
see_v2x,49,10,speed_mean_kmh,0.8360655737704918,11.645277088268191,20181024_d10_0900_0930.csv,769,17.972841785714287,24.375181666666666,0.022652703869047622,0.025963846428571427,0.011201905964405965,41.94416236772487,,126243.714348832,,
see_v2x,49,10,vehicle_count,0.7868852459016393,3.3457749903407743,20181024_d10_0900_0930.csv,769,17.972841785714287,24.375181666666666,0.022652703869047622,0.025963846428571427,0.011201905964405965,41.94416236772487,,126243.714348832,,
see_v2x,49,10,flow_proxy,0.9016393442622951,43192.69552952819,20181024_d10_0900_0930.csv,769,17.972841785714287,24.375181666666666,0.022652703869047622,0.025963846428571427,0.011201905964405965,41.94416236772487,,126243.714348832,,
see_v2x,49,30,speed_mean_kmh,0.8032786885245902,11.757565262930004,20181024_d10_0900_0930.csv,769,17.972841785714287,24.375181666666666,0.022652703869047622,0.025963846428571427,0.011201905964405965,41.94416236772487,,126243.714348832,,
see_v2x,49,30,vehicle_count,0.7213114754098361,3.795442450134224,20181024_d10_0900_0930.csv,769,17.972841785714287,24.375181666666666,0.022652703869047622,0.025963846428571427,0.011201905964405965,41.94416236772487,,126243.714348832,,
see_v2x,49,30,flow_proxy,0.7540983606557377,38567.76162135522,20181024_d10_0900_0930.csv,769,17.972841785714287,24.375181666666666,0.022652703869047622,0.025963846428571427,0.011201905964405965,41.94416236772487,,126243.714348832,,
see_v2x,50,5,speed_mean_kmh,0.8360655737704918,10.554207980269585,20181024_d10_0900_0930.csv,770,18.01117261904762,24.375181666666666,0.02269103470238095,0.025963846428571427,0.011201905964405963,42.79492903439154,,124866.19053930818,,
see_v2x,50,5,vehicle_count,0.7868852459016393,2.696527788094469,20181024_d10_0900_0930.csv,770,18.01117261904762,24.375181666666666,0.02269103470238095,0.025963846428571427,0.011201905964405963,42.79492903439154,,124866.19053930818,,
see_v2x,50,5,flow_proxy,0.819672131147541,39938.027261575,20181024_d10_0900_0930.csv,770,18.01117261904762,24.375181666666666,0.02269103470238095,0.025963846428571427,0.011201905964405963,42.79492903439154,,124866.19053930818,,
see_v2x,50,10,speed_mean_kmh,0.8032786885245902,11.177874021274366,20181024_d10_0900_0930.csv,770,18.01117261904762,24.375181666666666,0.02269103470238095,0.025963846428571427,0.011201905964405963,42.79492903439154,,124866.19053930818,,
see_v2x,50,10,vehicle_count,0.7868852459016393,3.198572782835272,20181024_d10_0900_0930.csv,770,18.01117261904762,24.375181666666666,0.02269103470238095,0.025963846428571427,0.011201905964405963,42.79492903439154,,124866.19053930818,,
see_v2x,50,10,flow_proxy,0.8524590163934426,42599.44189970442,20181024_d10_0900_0930.csv,770,18.01117261904762,24.375181666666666,0.02269103470238095,0.025963846428571427,0.011201905964405963,42.79492903439154,,124866.19053930818,,
see_v2x,50,30,speed_mean_kmh,0.7868852459016393,11.625213137014848,20181024_d10_0900_0930.csv,770,18.01117261904762,24.375181666666666,0.02269103470238095,0.025963846428571427,0.011201905964405963,42.79492903439154,,124866.19053930818,,
see_v2x,50,30,vehicle_count,0.7377049180327869,3.719545517895737,20181024_d10_0900_0930.csv,770,18.01117261904762,24.375181666666666,0.02269103470238095,0.025963846428571427,0.011201905964405963,42.79492903439154,,124866.19053930818,,
see_v2x,50,30,flow_proxy,0.819672131147541,37415.45908492497,20181024_d10_0900_0930.csv,770,18.01117261904762,24.375181666666666,0.02269103470238095,0.025963846428571427,0.011201905964405963,42.79492903439154,,124866.19053930818,,
see_v2x,51,5,speed_mean_kmh,0.7868852459016393,10.653310539341028,20181024_d10_0900_0930.csv,771,17.92141547619048,24.375181666666666,0.022601277559523805,0.025963846428571427,0.011201905964405965,42.595143320105834,,123001.00535412302,,
see_v2x,51,5,vehicle_count,0.8032786885245902,2.717206876347608,20181024_d10_0900_0930.csv,771,17.92141547619048,24.375181666666666,0.022601277559523805,0.025963846428571427,0.011201905964405965,42.595143320105834,,123001.00535412302,,
see_v2x,51,5,flow_proxy,0.7868852459016393,39999.897685023156,20181024_d10_0900_0930.csv,771,17.92141547619048,24.375181666666666,0.022601277559523805,0.025963846428571427,0.011201905964405965,42.595143320105834,,123001.00535412302,,
see_v2x,51,10,speed_mean_kmh,0.8032786885245902,11.1994585293592,20181024_d10_0900_0930.csv,771,17.92141547619048,24.375181666666666,0.022601277559523805,0.025963846428571427,0.011201905964405965,42.595143320105834,,123001.00535412302,,
see_v2x,51,10,vehicle_count,0.8032786885245902,3.2247257243977208,20181024_d10_0900_0930.csv,771,17.92141547619048,24.375181666666666,0.022601277559523805,0.025963846428571427,0.011201905964405965,42.595143320105834,,123001.00535412302,,
see_v2x,51,10,flow_proxy,0.8360655737704918,42362.96872974046,20181024_d10_0900_0930.csv,771,17.92141547619048,24.375181666666666,0.022601277559523805,0.025963846428571427,0.011201905964405965,42.595143320105834,,123001.00535412302,,
see_v2x,51,30,speed_mean_kmh,0.8524590163934426,11.442407828674563,20181024_d10_0900_0930.csv,771,17.92141547619048,24.375181666666666,0.022601277559523805,0.025963846428571427,0.011201905964405965,42.595143320105834,,123001.00535412302,,
see_v2x,51,30,vehicle_count,0.7049180327868853,3.79629241495089,20181024_d10_0900_0930.csv,771,17.92141547619048,24.375181666666666,0.022601277559523805,0.025963846428571427,0.011201905964405965,42.595143320105834,,123001.00535412302,,
see_v2x,51,30,flow_proxy,0.8524590163934426,37247.40885888413,20181024_d10_0900_0930.csv,771,17.92141547619048,24.375181666666666,0.022601277559523805,0.025963846428571427,0.011201905964405965,42.595143320105834,,123001.00535412302,,
see_v2x,52,5,speed_mean_kmh,0.8688524590163934,10.260246344731812,20181024_d10_0900_0930.csv,772,17.881411507936505,24.375181666666666,0.02256127359126984,0.025963846428571427,0.011664868927368927,42.45498062169313,,123401.005354123,,
see_v2x,52,5,vehicle_count,0.7540983606557377,2.692449532362742,20181024_d10_0900_0930.csv,772,17.881411507936505,24.375181666666666,0.02256127359126984,0.025963846428571427,0.011664868927368927,42.45498062169313,,123401.005354123,,
see_v2x,52,5,flow_proxy,0.8360655737704918,39500.30799845128,20181024_d10_0900_0930.csv,772,17.881411507936505,24.375181666666666,0.02256127359126984,0.025963846428571427,0.011664868927368927,42.45498062169313,,123401.005354123,,
see_v2x,52,10,speed_mean_kmh,0.819672131147541,10.907709725591076,20181024_d10_0900_0930.csv,772,17.881411507936505,24.375181666666666,0.02256127359126984,0.025963846428571427,0.011664868927368927,42.45498062169313,,123401.005354123,,
see_v2x,52,10,vehicle_count,0.7704918032786885,3.201086890264379,20181024_d10_0900_0930.csv,772,17.881411507936505,24.375181666666666,0.02256127359126984,0.025963846428571427,0.011664868927368927,42.45498062169313,,123401.005354123,,
see_v2x,52,10,flow_proxy,0.7868852459016393,41516.59644209728,20181024_d10_0900_0930.csv,772,17.881411507936505,24.375181666666666,0.02256127359126984,0.025963846428571427,0.011664868927368927,42.45498062169313,,123401.005354123,,
see_v2x,52,30,speed_mean_kmh,0.9180327868852459,11.301912823998828,20181024_d10_0900_0930.csv,772,17.881411507936505,24.375181666666666,0.02256127359126984,0.025963846428571427,0.011664868927368927,42.45498062169313,,123401.005354123,,
see_v2x,52,30,vehicle_count,0.7049180327868853,3.726284662420522,20181024_d10_0900_0930.csv,772,17.881411507936505,24.375181666666666,0.02256127359126984,0.025963846428571427,0.011664868927368927,42.45498062169313,,123401.005354123,,
see_v2x,52,30,flow_proxy,0.8032786885245902,36284.53833291101,20181024_d10_0900_0930.csv,772,17.881411507936505,24.375181666666666,0.02256127359126984,0.025963846428571427,0.011664868927368927,42.45498062169313,,123401.005354123,,
see_v2x,53,5,speed_mean_kmh,0.8032786885245902,9.813881607279448,20181024_d10_0900_0930.csv,773,17.8910496031746,24.375181666666666,0.022570911686507936,0.025963846428571427,0.011664868927368927,42.542528240740744,,122734.33868745634,,
see_v2x,53,5,vehicle_count,0.8032786885245902,2.730336855619858,20181024_d10_0900_0930.csv,773,17.8910496031746,24.375181666666666,0.022570911686507936,0.025963846428571427,0.011664868927368927,42.542528240740744,,122734.33868745634,,
see_v2x,53,5,flow_proxy,0.8688524590163934,39412.75183110759,20181024_d10_0900_0930.csv,773,17.8910496031746,24.375181666666666,0.022570911686507936,0.025963846428571427,0.011664868927368927,42.542528240740744,,122734.33868745634,,
see_v2x,53,10,speed_mean_kmh,0.7377049180327869,10.721850314695828,20181024_d10_0900_0930.csv,773,17.8910496031746,24.375181666666666,0.022570911686507936,0.025963846428571427,0.011664868927368927,42.542528240740744,,122734.33868745634,,
see_v2x,53,10,vehicle_count,0.7213114754098361,3.2531335778553454,20181024_d10_0900_0930.csv,773,17.8910496031746,24.375181666666666,0.022570911686507936,0.025963846428571427,0.011664868927368927,42.542528240740744,,122734.33868745634,,
see_v2x,53,10,flow_proxy,0.7704918032786885,41529.25926636063,20181024_d10_0900_0930.csv,773,17.8910496031746,24.375181666666666,0.022570911686507936,0.025963846428571427,0.011664868927368927,42.542528240740744,,122734.33868745634,,
see_v2x,53,30,speed_mean_kmh,0.8688524590163934,11.30262748581874,20181024_d10_0900_0930.csv,773,17.8910496031746,24.375181666666666,0.022570911686507936,0.025963846428571427,0.011664868927368927,42.542528240740744,,122734.33868745634,,
see_v2x,53,30,vehicle_count,0.6885245901639344,3.7728165300155903,20181024_d10_0900_0930.csv,773,17.8910496031746,24.375181666666666,0.022570911686507936,0.025963846428571427,0.011664868927368927,42.542528240740744,,122734.33868745634,,
see_v2x,53,30,flow_proxy,0.8524590163934426,36608.10569432201,20181024_d10_0900_0930.csv,773,17.8910496031746,24.375181666666666,0.022570911686507936,0.025963846428571427,0.011664868927368927,42.542528240740744,,122734.33868745634,,
see_v2x,54,5,speed_mean_kmh,0.8524590163934426,10.232606072620019,20181024_d10_0900_0930.csv,774,18.000849603174604,24.375181666666666,0.022680711686507933,0.025963846428571427,0.009442646705146706,42.68202824074074,,119901.00535412299,,
see_v2x,54,5,vehicle_count,0.8852459016393442,2.7232897378490306,20181024_d10_0900_0930.csv,774,18.000849603174604,24.375181666666666,0.022680711686507933,0.025963846428571427,0.009442646705146706,42.68202824074074,,119901.00535412299,,
see_v2x,54,5,flow_proxy,0.9508196721311475,39482.025650215066,20181024_d10_0900_0930.csv,774,18.000849603174604,24.375181666666666,0.022680711686507933,0.025963846428571427,0.009442646705146706,42.68202824074074,,119901.00535412299,,
see_v2x,54,10,speed_mean_kmh,0.7213114754098361,10.78126120928015,20181024_d10_0900_0930.csv,774,18.000849603174604,24.375181666666666,0.022680711686507933,0.025963846428571427,0.009442646705146706,42.68202824074074,,119901.00535412299,,
see_v2x,54,10,vehicle_count,0.7540983606557377,3.2427357608417626,20181024_d10_0900_0930.csv,774,18.000849603174604,24.375181666666666,0.022680711686507933,0.025963846428571427,0.009442646705146706,42.68202824074074,,119901.00535412299,,
see_v2x,54,10,flow_proxy,0.8032786885245902,41114.96215800511,20181024_d10_0900_0930.csv,774,18.000849603174604,24.375181666666666,0.022680711686507933,0.025963846428571427,0.009442646705146706,42.68202824074074,,119901.00535412299,,
see_v2x,54,30,speed_mean_kmh,0.8688524590163934,10.912934050512924,20181024_d10_0900_0930.csv,774,18.000849603174604,24.375181666666666,0.022680711686507933,0.025963846428571427,0.009442646705146706,42.68202824074074,,119901.00535412299,,
see_v2x,54,30,vehicle_count,0.7704918032786885,3.8074624793842675,20181024_d10_0900_0930.csv,774,18.000849603174604,24.375181666666666,0.022680711686507933,0.025963846428571427,0.009442646705146706,42.68202824074074,,119901.00535412299,,
see_v2x,54,30,flow_proxy,0.8688524590163934,36516.62903996148,20181024_d10_0900_0930.csv,774,18.000849603174604,24.375181666666666,0.022680711686507933,0.025963846428571427,0.009442646705146706,42.68202824074074,,119901.00535412299,,
see_v2x,55,5,speed_mean_kmh,0.8524590163934426,10.099765974054035,20181024_d10_0900_0930.csv,775,17.95671803751804,24.375181666666666,0.02263658012085137,0.025963846428571427,0.009680741943241943,43.05322521043771,,119312.91011602776,,
see_v2x,55,5,vehicle_count,0.8524590163934426,2.746062474926164,20181024_d10_0900_0930.csv,775,17.95671803751804,24.375181666666666,0.02263658012085137,0.025963846428571427,0.009680741943241943,43.05322521043771,,119312.91011602776,,
see_v2x,55,5,flow_proxy,0.9180327868852459,39369.65072069936,20181024_d10_0900_0930.csv,775,17.95671803751804,24.375181666666666,0.02263658012085137,0.025963846428571427,0.009680741943241943,43.05322521043771,,119312.91011602776,,
see_v2x,55,10,speed_mean_kmh,0.6885245901639344,10.645708960788397,20181024_d10_0900_0930.csv,775,17.95671803751804,24.375181666666666,0.02263658012085137,0.025963846428571427,0.009680741943241943,43.05322521043771,,119312.91011602776,,
see_v2x,55,10,vehicle_count,0.7704918032786885,3.2732870783506103,20181024_d10_0900_0930.csv,775,17.95671803751804,24.375181666666666,0.02263658012085137,0.025963846428571427,0.009680741943241943,43.05322521043771,,119312.91011602776,,
see_v2x,55,10,flow_proxy,0.7049180327868853,40714.74272147955,20181024_d10_0900_0930.csv,775,17.95671803751804,24.375181666666666,0.02263658012085137,0.025963846428571427,0.009680741943241943,43.05322521043771,,119312.91011602776,,
see_v2x,55,30,speed_mean_kmh,0.8360655737704918,10.719561302065525,20181024_d10_0900_0930.csv,775,17.95671803751804,24.375181666666666,0.02263658012085137,0.025963846428571427,0.009680741943241943,43.05322521043771,,119312.91011602776,,
see_v2x,55,30,vehicle_count,0.7377049180327869,3.828268704766544,20181024_d10_0900_0930.csv,775,17.95671803751804,24.375181666666666,0.02263658012085137,0.025963846428571427,0.009680741943241943,43.05322521043771,,119312.91011602776,,
see_v2x,55,30,flow_proxy,0.819672131147541,36683.461268406165,20181024_d10_0900_0930.csv,775,17.95671803751804,24.375181666666666,0.02263658012085137,0.025963846428571427,0.009680741943241943,43.05322521043771,,119312.91011602776,,
see_v2x,56,5,speed_mean_kmh,0.819672131147541,10.14580627726088,20181024_d10_0900_0930.csv,776,17.950364333814335,24.375181666666666,0.022630226417147667,0.025963846428571427,0.009680741943241943,43.04056912578162,,117900.78890390652,,
see_v2x,56,5,vehicle_count,0.819672131147541,2.68659302053857,20181024_d10_0900_0930.csv,776,17.950364333814335,24.375181666666666,0.022630226417147667,0.025963846428571427,0.009680741943241943,43.04056912578162,,117900.78890390652,,
see_v2x,56,5,flow_proxy,0.8688524590163934,38644.26317164261,20181024_d10_0900_0930.csv,776,17.950364333814335,24.375181666666666,0.022630226417147667,0.025963846428571427,0.009680741943241943,43.04056912578162,,117900.78890390652,,
see_v2x,56,10,speed_mean_kmh,0.7049180327868853,10.723410738315462,20181024_d10_0900_0930.csv,776,17.950364333814335,24.375181666666666,0.022630226417147667,0.025963846428571427,0.009680741943241943,43.04056912578162,,117900.78890390652,,
see_v2x,56,10,vehicle_count,0.7540983606557377,3.2145384992237434,20181024_d10_0900_0930.csv,776,17.950364333814335,24.375181666666666,0.022630226417147667,0.025963846428571427,0.009680741943241943,43.04056912578162,,117900.78890390652,,
see_v2x,56,10,flow_proxy,0.7704918032786885,40280.08400228796,20181024_d10_0900_0930.csv,776,17.950364333814335,24.375181666666666,0.022630226417147667,0.025963846428571427,0.009680741943241943,43.04056912578162,,117900.78890390652,,
see_v2x,56,30,speed_mean_kmh,0.8360655737704918,10.785321001753937,20181024_d10_0900_0930.csv,776,17.950364333814335,24.375181666666666,0.022630226417147667,0.025963846428571427,0.009680741943241943,43.04056912578162,,117900.78890390652,,
see_v2x,56,30,vehicle_count,0.7213114754098361,3.8129748894975246,20181024_d10_0900_0930.csv,776,17.950364333814335,24.375181666666666,0.022630226417147667,0.025963846428571427,0.009680741943241943,43.04056912578162,,117900.78890390652,,
see_v2x,56,30,flow_proxy,0.819672131147541,36588.791739066,20181024_d10_0900_0930.csv,776,17.950364333814335,24.375181666666666,0.022630226417147667,0.025963846428571427,0.009680741943241943,43.04056912578162,,117900.78890390652,,
see_v2x,57,5,speed_mean_kmh,0.8360655737704918,9.692053301488109,20181024_d10_0900_0930.csv,777,17.836467667147666,22.956008333333326,0.022516329750481002,0.025963846428571427,0.009680741943241943,43.59810245911495,,117900.78890390655,,
see_v2x,57,5,vehicle_count,0.7540983606557377,2.738325198670073,20181024_d10_0900_0930.csv,777,17.836467667147666,22.956008333333326,0.022516329750481002,0.025963846428571427,0.009680741943241943,43.59810245911495,,117900.78890390655,,
see_v2x,57,5,flow_proxy,0.8032786885245902,38547.51295342157,20181024_d10_0900_0930.csv,777,17.836467667147666,22.956008333333326,0.022516329750481002,0.025963846428571427,0.009680741943241943,43.59810245911495,,117900.78890390655,,
see_v2x,57,10,speed_mean_kmh,0.7049180327868853,10.497181308366663,20181024_d10_0900_0930.csv,777,17.836467667147666,22.956008333333326,0.022516329750481002,0.025963846428571427,0.009680741943241943,43.59810245911495,,117900.78890390655,,
see_v2x,57,10,vehicle_count,0.7540983606557377,3.2831194522605758,20181024_d10_0900_0930.csv,777,17.836467667147666,22.956008333333326,0.022516329750481002,0.025963846428571427,0.009680741943241943,43.59810245911495,,117900.78890390655,,
see_v2x,57,10,flow_proxy,0.7049180327868853,40146.465127399235,20181024_d10_0900_0930.csv,777,17.836467667147666,22.956008333333326,0.022516329750481002,0.025963846428571427,0.009680741943241943,43.59810245911495,,117900.78890390655,,
see_v2x,57,30,speed_mean_kmh,0.8688524590163934,10.839465467985805,20181024_d10_0900_0930.csv,777,17.836467667147666,22.956008333333326,0.022516329750481002,0.025963846428571427,0.009680741943241943,43.59810245911495,,117900.78890390655,,
see_v2x,57,30,vehicle_count,0.7049180327868853,3.8618410646015993,20181024_d10_0900_0930.csv,777,17.836467667147666,22.956008333333326,0.022516329750481002,0.025963846428571427,0.009680741943241943,43.59810245911495,,117900.78890390655,,
see_v2x,57,30,flow_proxy,0.7868852459016393,37143.69401774356,20181024_d10_0900_0930.csv,777,17.836467667147666,22.956008333333326,0.022516329750481002,0.025963846428571427,0.009680741943241943,43.59810245911495,,117900.78890390655,,
see_v2x,58,5,speed_mean_kmh,0.7868852459016393,9.47752867707136,20181024_d10_0900_0930.csv,778,17.776405978835985,22.956008333333326,0.022456268062169313,0.025963846428571427,0.010573599086099086,43.4026976972102,,118748.51617663381,,
see_v2x,58,5,vehicle_count,0.7049180327868853,2.7594783166393873,20181024_d10_0900_0930.csv,778,17.776405978835985,22.956008333333326,0.022456268062169313,0.025963846428571427,0.010573599086099086,43.4026976972102,,118748.51617663381,,
see_v2x,58,5,flow_proxy,0.8032786885245902,38238.52958200192,20181024_d10_0900_0930.csv,778,17.776405978835985,22.956008333333326,0.022456268062169313,0.025963846428571427,0.010573599086099086,43.4026976972102,,118748.51617663381,,
see_v2x,58,10,speed_mean_kmh,0.7213114754098361,10.341159119827546,20181024_d10_0900_0930.csv,778,17.776405978835985,22.956008333333326,0.022456268062169313,0.025963846428571427,0.010573599086099086,43.4026976972102,,118748.51617663381,,
see_v2x,58,10,vehicle_count,0.7213114754098361,3.315165834330214,20181024_d10_0900_0930.csv,778,17.776405978835985,22.956008333333326,0.022456268062169313,0.025963846428571427,0.010573599086099086,43.4026976972102,,118748.51617663381,,
see_v2x,58,10,flow_proxy,0.7868852459016393,40013.324717607094,20181024_d10_0900_0930.csv,778,17.776405978835985,22.956008333333326,0.022456268062169313,0.025963846428571427,0.010573599086099086,43.4026976972102,,118748.51617663381,,
see_v2x,58,30,speed_mean_kmh,0.8688524590163934,10.860282791339378,20181024_d10_0900_0930.csv,778,17.776405978835985,22.956008333333326,0.022456268062169313,0.025963846428571427,0.010573599086099086,43.4026976972102,,118748.51617663381,,
see_v2x,58,30,vehicle_count,0.7049180327868853,3.8667732466912046,20181024_d10_0900_0930.csv,778,17.776405978835985,22.956008333333326,0.022456268062169313,0.025963846428571427,0.010573599086099086,43.4026976972102,,118748.51617663381,,
see_v2x,58,30,flow_proxy,0.7868852459016393,36975.07100652724,20181024_d10_0900_0930.csv,778,17.776405978835985,22.956008333333326,0.022456268062169313,0.025963846428571427,0.010573599086099086,43.4026976972102,,118748.51617663381,,
see_v2x,59,5,speed_mean_kmh,0.7868852459016393,9.490854843819772,20181024_d10_0900_0930.csv,779,17.849833657407412,22.956008333333326,0.022529695740740742,0.025963846428571427,0.010573599086099087,43.65144174482925,,118155.92358404121,,
see_v2x,59,5,vehicle_count,0.7704918032786885,2.7062337670875114,20181024_d10_0900_0930.csv,779,17.849833657407412,22.956008333333326,0.022529695740740742,0.025963846428571427,0.010573599086099087,43.65144174482925,,118155.92358404121,,
see_v2x,59,5,flow_proxy,0.8032786885245902,36944.51164883776,20181024_d10_0900_0930.csv,779,17.849833657407412,22.956008333333326,0.022529695740740742,0.025963846428571427,0.010573599086099087,43.65144174482925,,118155.92358404121,,
see_v2x,59,10,speed_mean_kmh,0.7868852459016393,10.290701775065342,20181024_d10_0900_0930.csv,779,17.849833657407412,22.956008333333326,0.022529695740740742,0.025963846428571427,0.010573599086099087,43.65144174482925,,118155.92358404121,,
see_v2x,59,10,vehicle_count,0.7704918032786885,3.2559531049513506,20181024_d10_0900_0930.csv,779,17.849833657407412,22.956008333333326,0.022529695740740742,0.025963846428571427,0.010573599086099087,43.65144174482925,,118155.92358404121,,
see_v2x,59,10,flow_proxy,0.8360655737704918,38744.0817261603,20181024_d10_0900_0930.csv,779,17.849833657407412,22.956008333333326,0.022529695740740742,0.025963846428571427,0.010573599086099087,43.65144174482925,,118155.92358404121,,
see_v2x,59,30,speed_mean_kmh,0.8688524590163934,10.876474210281723,20181024_d10_0900_0930.csv,779,17.849833657407412,22.956008333333326,0.022529695740740742,0.025963846428571427,0.010573599086099087,43.65144174482925,,118155.92358404121,,
see_v2x,59,30,vehicle_count,0.7213114754098361,3.8224562932673845,20181024_d10_0900_0930.csv,779,17.849833657407412,22.956008333333326,0.022529695740740742,0.025963846428571427,0.010573599086099087,43.65144174482925,,118155.92358404121,,
see_v2x,59,30,flow_proxy,0.8032786885245902,36707.39407815771,20181024_d10_0900_0930.csv,779,17.849833657407412,22.956008333333326,0.022529695740740742,0.025963846428571427,0.010573599086099087,43.65144174482925,,118155.92358404121,,
see_v2x,60,5,speed_mean_kmh,0.6721311475409836,9.220921152793684,20181024_d10_0900_0930.csv,780,17.889446157407406,22.956008333333326,0.022569308240740736,0.025963846428571427,0.010573599086099087,42.95423341149591,,115024.25691737457,,
see_v2x,60,5,vehicle_count,0.7213114754098361,2.7317226831535377,20181024_d10_0900_0930.csv,780,17.889446157407406,22.956008333333326,0.022569308240740736,0.025963846428571427,0.010573599086099087,42.95423341149591,,115024.25691737457,,
see_v2x,60,5,flow_proxy,0.7377049180327869,36612.62757330492,20181024_d10_0900_0930.csv,780,17.889446157407406,22.956008333333326,0.022569308240740736,0.025963846428571427,0.010573599086099087,42.95423341149591,,115024.25691737457,,
see_v2x,60,10,speed_mean_kmh,0.819672131147541,9.995725483945586,20181024_d10_0900_0930.csv,780,17.889446157407406,22.956008333333326,0.022569308240740736,0.025963846428571427,0.010573599086099087,42.95423341149591,,115024.25691737457,,
see_v2x,60,10,vehicle_count,0.819672131147541,3.284478164000432,20181024_d10_0900_0930.csv,780,17.889446157407406,22.956008333333326,0.022569308240740736,0.025963846428571427,0.010573599086099087,42.95423341149591,,115024.25691737457,,
see_v2x,60,10,flow_proxy,0.8524590163934426,38312.181179327534,20181024_d10_0900_0930.csv,780,17.889446157407406,22.956008333333326,0.022569308240740736,0.025963846428571427,0.010573599086099087,42.95423341149591,,115024.25691737457,,
see_v2x,60,30,speed_mean_kmh,0.8524590163934426,10.838661667780816,20181024_d10_0900_0930.csv,780,17.889446157407406,22.956008333333326,0.022569308240740736,0.025963846428571427,0.010573599086099087,42.95423341149591,,115024.25691737457,,
see_v2x,60,30,vehicle_count,0.7377049180327869,3.832948906468659,20181024_d10_0900_0930.csv,780,17.889446157407406,22.956008333333326,0.022569308240740736,0.025963846428571427,0.010573599086099087,42.95423341149591,,115024.25691737457,,
see_v2x,60,30,flow_proxy,0.819672131147541,36882.98320814924,20181024_d10_0900_0930.csv,780,17.889446157407406,22.956008333333326,0.022569308240740736,0.025963846428571427,0.010573599086099087,42.95423341149591,,115024.25691737457,,
see_v2x,61,5,speed_mean_kmh,0.7704918032786885,9.625186815641435,20181024_d10_0900_0930.csv,781,17.898061712962964,22.956008333333326,0.022577923796296296,0.025963846428571427,0.010421767584267584,43.081677855940356,,118109.97120308883,,
see_v2x,61,5,vehicle_count,0.7049180327868853,2.6887197037385104,20181024_d10_0900_0930.csv,781,17.898061712962964,22.956008333333326,0.022577923796296296,0.025963846428571427,0.010421767584267584,43.081677855940356,,118109.97120308883,,
see_v2x,61,5,flow_proxy,0.819672131147541,36308.06410757411,20181024_d10_0900_0930.csv,781,17.898061712962964,22.956008333333326,0.022577923796296296,0.025963846428571427,0.010421767584267584,43.081677855940356,,118109.97120308883,,
see_v2x,61,10,speed_mean_kmh,0.7540983606557377,10.362287399218886,20181024_d10_0900_0930.csv,781,17.898061712962964,22.956008333333326,0.022577923796296296,0.025963846428571427,0.010421767584267584,43.081677855940356,,118109.97120308883,,
see_v2x,61,10,vehicle_count,0.7704918032786885,3.2264609994158993,20181024_d10_0900_0930.csv,781,17.898061712962964,22.956008333333326,0.022577923796296296,0.025963846428571427,0.010421767584267584,43.081677855940356,,118109.97120308883,,
see_v2x,61,10,flow_proxy,0.8032786885245902,38162.383384409106,20181024_d10_0900_0930.csv,781,17.898061712962964,22.956008333333326,0.022577923796296296,0.025963846428571427,0.010421767584267584,43.081677855940356,,118109.97120308883,,
see_v2x,61,30,speed_mean_kmh,0.8524590163934426,11.21029597721748,20181024_d10_0900_0930.csv,781,17.898061712962964,22.956008333333326,0.022577923796296296,0.025963846428571427,0.010421767584267584,43.081677855940356,,118109.97120308883,,
see_v2x,61,30,vehicle_count,0.7213114754098361,3.798642310234708,20181024_d10_0900_0930.csv,781,17.898061712962964,22.956008333333326,0.022577923796296296,0.025963846428571427,0.010421767584267584,43.081677855940356,,118109.97120308883,,
see_v2x,61,30,flow_proxy,0.8032786885245902,36695.211249633976,20181024_d10_0900_0930.csv,781,17.898061712962964,22.956008333333326,0.022577923796296296,0.025963846428571427,0.010421767584267584,43.081677855940356,,118109.97120308883,,
see_v2x,62,5,speed_mean_kmh,0.639344262295082,9.597382804935512,20181024_d10_0900_0930.csv,782,17.828240601851853,22.956008333333326,0.02250810268518518,0.025963846428571427,0.00958843425093425,42.81676118927369,,117371.08231419996,,
see_v2x,62,5,vehicle_count,0.7377049180327869,2.74893965332293,20181024_d10_0900_0930.csv,782,17.828240601851853,22.956008333333326,0.02250810268518518,0.025963846428571427,0.00958843425093425,42.81676118927369,,117371.08231419996,,
see_v2x,62,5,flow_proxy,0.7868852459016393,36686.525128731526,20181024_d10_0900_0930.csv,782,17.828240601851853,22.956008333333326,0.02250810268518518,0.025963846428571427,0.00958843425093425,42.81676118927369,,117371.08231419996,,
see_v2x,62,10,speed_mean_kmh,0.7868852459016393,10.330833220741006,20181024_d10_0900_0930.csv,782,17.828240601851853,22.956008333333326,0.02250810268518518,0.025963846428571427,0.00958843425093425,42.81676118927369,,117371.08231419996,,
see_v2x,62,10,vehicle_count,0.819672131147541,3.295795481095926,20181024_d10_0900_0930.csv,782,17.828240601851853,22.956008333333326,0.02250810268518518,0.025963846428571427,0.00958843425093425,42.81676118927369,,117371.08231419996,,
see_v2x,62,10,flow_proxy,0.8360655737704918,38461.34097440074,20181024_d10_0900_0930.csv,782,17.828240601851853,22.956008333333326,0.02250810268518518,0.025963846428571427,0.00958843425093425,42.81676118927369,,117371.08231419996,,
see_v2x,62,30,speed_mean_kmh,0.8360655737704918,11.01393676282879,20181024_d10_0900_0930.csv,782,17.828240601851853,22.956008333333326,0.02250810268518518,0.025963846428571427,0.00958843425093425,42.81676118927369,,117371.08231419996,,
see_v2x,62,30,vehicle_count,0.7213114754098361,3.821583662634386,20181024_d10_0900_0930.csv,782,17.828240601851853,22.956008333333326,0.02250810268518518,0.025963846428571427,0.00958843425093425,42.81676118927369,,117371.08231419996,,
see_v2x,62,30,flow_proxy,0.819672131147541,36387.957226540675,20181024_d10_0900_0930.csv,782,17.828240601851853,22.956008333333326,0.02250810268518518,0.025963846428571427,0.00958843425093425,42.81676118927369,,117371.08231419996,,
see_v2x,63,5,speed_mean_kmh,0.7377049180327869,9.44589333055379,20181024_d10_0900_0930.csv,783,17.880411435185188,22.956008333333326,0.02256027351851852,0.025963846428571427,0.00958843425093425,42.511497300384804,,116756.36369948134,,
see_v2x,63,5,vehicle_count,0.7540983606557377,2.718980329812886,20181024_d10_0900_0930.csv,783,17.880411435185188,22.956008333333326,0.02256027351851852,0.025963846428571427,0.00958843425093425,42.511497300384804,,116756.36369948134,,
see_v2x,63,5,flow_proxy,0.819672131147541,35689.27181473518,20181024_d10_0900_0930.csv,783,17.880411435185188,22.956008333333326,0.02256027351851852,0.025963846428571427,0.00958843425093425,42.511497300384804,,116756.36369948134,,
see_v2x,63,10,speed_mean_kmh,0.7868852459016393,10.209395204968434,20181024_d10_0900_0930.csv,783,17.880411435185188,22.956008333333326,0.02256027351851852,0.025963846428571427,0.00958843425093425,42.511497300384804,,116756.36369948134,,
see_v2x,63,10,vehicle_count,0.819672131147541,3.2673897382630868,20181024_d10_0900_0930.csv,783,17.880411435185188,22.956008333333326,0.02256027351851852,0.025963846428571427,0.00958843425093425,42.511497300384804,,116756.36369948134,,
see_v2x,63,10,flow_proxy,0.8360655737704918,37793.56399966205,20181024_d10_0900_0930.csv,783,17.880411435185188,22.956008333333326,0.02256027351851852,0.025963846428571427,0.00958843425093425,42.511497300384804,,116756.36369948134,,
see_v2x,63,30,speed_mean_kmh,0.8032786885245902,11.277063919870265,20181024_d10_0900_0930.csv,783,17.880411435185188,22.956008333333326,0.02256027351851852,0.025963846428571427,0.00958843425093425,42.511497300384804,,116756.36369948134,,
see_v2x,63,30,vehicle_count,0.7213114754098361,3.781597499022729,20181024_d10_0900_0930.csv,783,17.880411435185188,22.956008333333326,0.02256027351851852,0.025963846428571427,0.00958843425093425,42.511497300384804,,116756.36369948134,,
see_v2x,63,30,flow_proxy,0.8360655737704918,36219.981491794,20181024_d10_0900_0930.csv,783,17.880411435185188,22.956008333333326,0.02256027351851852,0.025963846428571427,0.00958843425093425,42.511497300384804,,116756.36369948134,,
see_v2x,64,5,speed_mean_kmh,0.7868852459016393,9.71953794692612,20181024_d10_0900_0930.csv,784,17.918921157407407,22.956008333333326,0.02259878324074074,0.025963846428571427,0.00958843425093425,42.55344174482924,,118192.72733584497,,
see_v2x,64,5,vehicle_count,0.8032786885245902,2.7093432460424065,20181024_d10_0900_0930.csv,784,17.918921157407407,22.956008333333326,0.02259878324074074,0.025963846428571427,0.00958843425093425,42.55344174482924,,118192.72733584497,,
see_v2x,64,5,flow_proxy,0.8524590163934426,36128.789235546945,20181024_d10_0900_0930.csv,784,17.918921157407407,22.956008333333326,0.02259878324074074,0.025963846428571427,0.00958843425093425,42.55344174482924,,118192.72733584497,,
see_v2x,64,10,speed_mean_kmh,0.7377049180327869,10.308509637338233,20181024_d10_0900_0930.csv,784,17.918921157407407,22.956008333333326,0.02259878324074074,0.025963846428571427,0.00958843425093425,42.55344174482924,,118192.72733584497,,
see_v2x,64,10,vehicle_count,0.7704918032786885,3.2460564064222774,20181024_d10_0900_0930.csv,784,17.918921157407407,22.956008333333326,0.02259878324074074,0.025963846428571427,0.00958843425093425,42.55344174482924,,118192.72733584497,,
see_v2x,64,10,flow_proxy,0.7704918032786885,38077.723286446424,20181024_d10_0900_0930.csv,784,17.918921157407407,22.956008333333326,0.02259878324074074,0.025963846428571427,0.00958843425093425,42.55344174482924,,118192.72733584497,,
see_v2x,64,30,speed_mean_kmh,0.8032786885245902,11.283427664109462,20181024_d10_0900_0930.csv,784,17.918921157407407,22.956008333333326,0.02259878324074074,0.025963846428571427,0.00958843425093425,42.55344174482924,,118192.72733584497,,
see_v2x,64,30,vehicle_count,0.7049180327868853,3.7585732666985945,20181024_d10_0900_0930.csv,784,17.918921157407407,22.956008333333326,0.02259878324074074,0.025963846428571427,0.00958843425093425,42.55344174482924,,118192.72733584497,,
see_v2x,64,30,flow_proxy,0.8032786885245902,35909.995525997445,20181024_d10_0900_0930.csv,784,17.918921157407407,22.956008333333326,0.02259878324074074,0.025963846428571427,0.00958843425093425,42.55344174482924,,118192.72733584497,,
see_v2x,65,5,speed_mean_kmh,0.8524590163934426,9.724551554215413,20181024_d10_0900_0930.csv,785,17.815085443121692,22.956008333333326,0.02249494752645503,0.025963846428571427,0.010051397213897214,38.42391793530543,,122257.54215065979,,
see_v2x,65,5,vehicle_count,0.8852459016393442,2.665440332340449,20181024_d10_0900_0930.csv,785,17.815085443121692,22.956008333333326,0.02249494752645503,0.025963846428571427,0.010051397213897214,38.42391793530543,,122257.54215065979,,
see_v2x,65,5,flow_proxy,0.9180327868852459,35797.25863419225,20181024_d10_0900_0930.csv,785,17.815085443121692,22.956008333333326,0.02249494752645503,0.025963846428571427,0.010051397213897214,38.42391793530543,,122257.54215065979,,
see_v2x,65,10,speed_mean_kmh,0.7868852459016393,10.176252962867894,20181024_d10_0900_0930.csv,785,17.815085443121692,22.956008333333326,0.02249494752645503,0.025963846428571427,0.010051397213897214,38.42391793530543,,122257.54215065979,,
see_v2x,65,10,vehicle_count,0.7868852459016393,3.2060897314840826,20181024_d10_0900_0930.csv,785,17.815085443121692,22.956008333333326,0.02249494752645503,0.025963846428571427,0.010051397213897214,38.42391793530543,,122257.54215065979,,
see_v2x,65,10,flow_proxy,0.8032786885245902,37597.499782526094,20181024_d10_0900_0930.csv,785,17.815085443121692,22.956008333333326,0.02249494752645503,0.025963846428571427,0.010051397213897214,38.42391793530543,,122257.54215065979,,
see_v2x,65,30,speed_mean_kmh,0.8032786885245902,10.918658082275702,20181024_d10_0900_0930.csv,785,17.815085443121692,22.956008333333326,0.02249494752645503,0.025963846428571427,0.010051397213897214,38.42391793530543,,122257.54215065979,,
see_v2x,65,30,vehicle_count,0.6885245901639344,3.715911877601467,20181024_d10_0900_0930.csv,785,17.815085443121692,22.956008333333326,0.02249494752645503,0.025963846428571427,0.010051397213897214,38.42391793530543,,122257.54215065979,,
see_v2x,65,30,flow_proxy,0.7868852459016393,35602.32020500563,20181024_d10_0900_0930.csv,785,17.815085443121692,22.956008333333326,0.02249494752645503,0.025963846428571427,0.010051397213897214,38.42391793530543,,122257.54215065979,,
see_v2x,66,5,speed_mean_kmh,0.7540983606557377,9.626882542492151,20181024_d10_0900_0930.csv,786,17.776997943121692,22.956008333333326,0.022456860026455028,0.025963846428571427,0.010051397213897213,37.85043182419432,,118327.54215065979,,
see_v2x,66,5,vehicle_count,0.819672131147541,2.6253786542388644,20181024_d10_0900_0930.csv,786,17.776997943121692,22.956008333333326,0.022456860026455028,0.025963846428571427,0.010051397213897213,37.85043182419432,,118327.54215065979,,
see_v2x,66,5,flow_proxy,0.819672131147541,35283.64329446194,20181024_d10_0900_0930.csv,786,17.776997943121692,22.956008333333326,0.022456860026455028,0.025963846428571427,0.010051397213897213,37.85043182419432,,118327.54215065979,,
see_v2x,66,10,speed_mean_kmh,0.7540983606557377,10.214821440061218,20181024_d10_0900_0930.csv,786,17.776997943121692,22.956008333333326,0.022456860026455028,0.025963846428571427,0.010051397213897213,37.85043182419432,,118327.54215065979,,
see_v2x,66,10,vehicle_count,0.7540983606557377,3.1682409558026996,20181024_d10_0900_0930.csv,786,17.776997943121692,22.956008333333326,0.022456860026455028,0.025963846428571427,0.010051397213897213,37.85043182419432,,118327.54215065979,,
see_v2x,66,10,flow_proxy,0.7213114754098361,37594.631774934016,20181024_d10_0900_0930.csv,786,17.776997943121692,22.956008333333326,0.022456860026455028,0.025963846428571427,0.010051397213897213,37.85043182419432,,118327.54215065979,,
see_v2x,66,30,speed_mean_kmh,0.7868852459016393,11.142234900630113,20181024_d10_0900_0930.csv,786,17.776997943121692,22.956008333333326,0.022456860026455028,0.025963846428571427,0.010051397213897213,37.85043182419432,,118327.54215065979,,
see_v2x,66,30,vehicle_count,0.6885245901639344,3.674156036183112,20181024_d10_0900_0930.csv,786,17.776997943121692,22.956008333333326,0.022456860026455028,0.025963846428571427,0.010051397213897213,37.85043182419432,,118327.54215065979,,
see_v2x,66,30,flow_proxy,0.819672131147541,35954.460566899936,20181024_d10_0900_0930.csv,786,17.776997943121692,22.956008333333326,0.022456860026455028,0.025963846428571427,0.010051397213897213,37.85043182419432,,118327.54215065979,,
see_v2x,67,5,speed_mean_kmh,0.8032786885245902,9.931214793600097,20181024_d10_0900_0930.csv,787,17.803134748677248,22.956008333333326,0.02248299683201058,0.025963846428571427,0.010808972971472968,38.46754293530543,,119315.09770621537,,
see_v2x,67,5,vehicle_count,0.8360655737704918,2.6881286220147556,20181024_d10_0900_0930.csv,787,17.803134748677248,22.956008333333326,0.02248299683201058,0.025963846428571427,0.010808972971472968,38.46754293530543,,119315.09770621537,,
see_v2x,67,5,flow_proxy,0.8360655737704918,36445.51099312987,20181024_d10_0900_0930.csv,787,17.803134748677248,22.956008333333326,0.02248299683201058,0.025963846428571427,0.010808972971472968,38.46754293530543,,119315.09770621537,,
see_v2x,67,10,speed_mean_kmh,0.7049180327868853,10.24285648365955,20181024_d10_0900_0930.csv,787,17.803134748677248,22.956008333333326,0.02248299683201058,0.025963846428571427,0.010808972971472968,38.46754293530543,,119315.09770621537,,
see_v2x,67,10,vehicle_count,0.8032786885245902,3.2380719734989305,20181024_d10_0900_0930.csv,787,17.803134748677248,22.956008333333326,0.02248299683201058,0.025963846428571427,0.010808972971472968,38.46754293530543,,119315.09770621537,,
see_v2x,67,10,flow_proxy,0.7213114754098361,38248.84873667756,20181024_d10_0900_0930.csv,787,17.803134748677248,22.956008333333326,0.02248299683201058,0.025963846428571427,0.010808972971472968,38.46754293530543,,119315.09770621537,,
see_v2x,67,30,speed_mean_kmh,0.7704918032786885,10.932591118315255,20181024_d10_0900_0930.csv,787,17.803134748677248,22.956008333333326,0.02248299683201058,0.025963846428571427,0.010808972971472968,38.46754293530543,,119315.09770621537,,
see_v2x,67,30,vehicle_count,0.7213114754098361,3.70276143146488,20181024_d10_0900_0930.csv,787,17.803134748677248,22.956008333333326,0.02248299683201058,0.025963846428571427,0.010808972971472968,38.46754293530543,,119315.09770621537,,
see_v2x,67,30,flow_proxy,0.7868852459016393,36210.6707989602,20181024_d10_0900_0930.csv,787,17.803134748677248,22.956008333333326,0.02248299683201058,0.025963846428571427,0.010808972971472968,38.46754293530543,,119315.09770621537,,
see_v2x,68,5,speed_mean_kmh,0.8032786885245902,9.776089566879872,20181024_d10_0900_0930.csv,788,17.81780724867725,22.956008333333326,0.022497669332010584,0.025963846428571427,0.01034647297147297,39.11185126863877,,120564.67035578798,,
see_v2x,68,5,vehicle_count,0.8360655737704918,2.642214307939636,20181024_d10_0900_0930.csv,788,17.81780724867725,22.956008333333326,0.022497669332010584,0.025963846428571427,0.01034647297147297,39.11185126863877,,120564.67035578798,,
see_v2x,68,5,flow_proxy,0.8524590163934426,35371.98820679781,20181024_d10_0900_0930.csv,788,17.81780724867725,22.956008333333326,0.022497669332010584,0.025963846428571427,0.01034647297147297,39.11185126863877,,120564.67035578798,,
see_v2x,68,10,speed_mean_kmh,0.6557377049180327,10.252303397259112,20181024_d10_0900_0930.csv,788,17.81780724867725,22.956008333333326,0.022497669332010584,0.025963846428571427,0.01034647297147297,39.11185126863877,,120564.67035578798,,
see_v2x,68,10,vehicle_count,0.7540983606557377,3.1902689033570057,20181024_d10_0900_0930.csv,788,17.81780724867725,22.956008333333326,0.022497669332010584,0.025963846428571427,0.01034647297147297,39.11185126863877,,120564.67035578798,,
see_v2x,68,10,flow_proxy,0.7049180327868853,37354.81023057338,20181024_d10_0900_0930.csv,788,17.81780724867725,22.956008333333326,0.022497669332010584,0.025963846428571427,0.01034647297147297,39.11185126863877,,120564.67035578798,,
see_v2x,68,30,speed_mean_kmh,0.7868852459016393,11.191993065502448,20181024_d10_0900_0930.csv,788,17.81780724867725,22.956008333333326,0.022497669332010584,0.025963846428571427,0.01034647297147297,39.11185126863877,,120564.67035578798,,
see_v2x,68,30,vehicle_count,0.7213114754098361,3.640495376824289,20181024_d10_0900_0930.csv,788,17.81780724867725,22.956008333333326,0.022497669332010584,0.025963846428571427,0.01034647297147297,39.11185126863877,,120564.67035578798,,
see_v2x,68,30,flow_proxy,0.7049180327868853,35911.988492798555,20181024_d10_0900_0930.csv,788,17.81780724867725,22.956008333333326,0.022497669332010584,0.025963846428571427,0.01034647297147297,39.11185126863877,,120564.67035578798,,
see_v2x,69,5,speed_mean_kmh,0.7540983606557377,9.59159940940857,20181024_d10_0900_0930.csv,789,17.760472328042333,22.956008333333326,0.022440334411375662,0.025963846428571427,0.01034647297147297,38.99166079244829,,121398.00368912131,,
see_v2x,69,5,vehicle_count,0.7868852459016393,2.6075061973093,20181024_d10_0900_0930.csv,789,17.760472328042333,22.956008333333326,0.022440334411375662,0.025963846428571427,0.01034647297147297,38.99166079244829,,121398.00368912131,,
see_v2x,69,5,flow_proxy,0.7377049180327869,35086.0881382475,20181024_d10_0900_0930.csv,789,17.760472328042333,22.956008333333326,0.022440334411375662,0.025963846428571427,0.01034647297147297,38.99166079244829,,121398.00368912131,,
see_v2x,69,10,speed_mean_kmh,0.6229508196721312,10.117519239066064,20181024_d10_0900_0930.csv,789,17.760472328042333,22.956008333333326,0.022440334411375662,0.025963846428571427,0.01034647297147297,38.99166079244829,,121398.00368912131,,
see_v2x,69,10,vehicle_count,0.7540983606557377,3.139498944695846,20181024_d10_0900_0930.csv,789,17.760472328042333,22.956008333333326,0.022440334411375662,0.025963846428571427,0.01034647297147297,38.99166079244829,,121398.00368912131,,
see_v2x,69,10,flow_proxy,0.6885245901639344,37037.37158705025,20181024_d10_0900_0930.csv,789,17.760472328042333,22.956008333333326,0.022440334411375662,0.025963846428571427,0.01034647297147297,38.99166079244829,,121398.00368912131,,
see_v2x,69,30,speed_mean_kmh,0.8032786885245902,11.04939467588297,20181024_d10_0900_0930.csv,789,17.760472328042333,22.956008333333326,0.022440334411375662,0.025963846428571427,0.01034647297147297,38.99166079244829,,121398.00368912131,,
see_v2x,69,30,vehicle_count,0.7049180327868853,3.594191251048744,20181024_d10_0900_0930.csv,789,17.760472328042333,22.956008333333326,0.022440334411375662,0.025963846428571427,0.01034647297147297,38.99166079244829,,121398.00368912131,,
see_v2x,69,30,flow_proxy,0.7540983606557377,35578.3413831969,20181024_d10_0900_0930.csv,789,17.760472328042333,22.956008333333326,0.022440334411375662,0.025963846428571427,0.01034647297147297,38.99166079244829,,121398.00368912131,,
see_v2x,70,5,speed_mean_kmh,0.8360655737704918,9.341904204121272,20181024_d10_0900_0930.csv,790,17.698491673280422,22.956008333333326,0.022378353756613754,0.025963846428571427,0.01034647297147297,38.60381555435307,,122182.00368912132,,
see_v2x,70,5,vehicle_count,0.7704918032786885,2.628445903559922,20181024_d10_0900_0930.csv,790,17.698491673280422,22.956008333333326,0.022378353756613754,0.025963846428571427,0.01034647297147297,38.60381555435307,,122182.00368912132,,
see_v2x,70,5,flow_proxy,0.8032786885245902,35521.81988458697,20181024_d10_0900_0930.csv,790,17.698491673280422,22.956008333333326,0.022378353756613754,0.025963846428571427,0.01034647297147297,38.60381555435307,,122182.00368912132,,
see_v2x,70,10,speed_mean_kmh,0.7049180327868853,9.840353038678826,20181024_d10_0900_0930.csv,790,17.698491673280422,22.956008333333326,0.022378353756613754,0.025963846428571427,0.01034647297147297,38.60381555435307,,122182.00368912132,,
see_v2x,70,10,vehicle_count,0.7868852459016393,3.1517217666248243,20181024_d10_0900_0930.csv,790,17.698491673280422,22.956008333333326,0.022378353756613754,0.025963846428571427,0.01034647297147297,38.60381555435307,,122182.00368912132,,
see_v2x,70,10,flow_proxy,0.6721311475409836,37272.60175891521,20181024_d10_0900_0930.csv,790,17.698491673280422,22.956008333333326,0.022378353756613754,0.025963846428571427,0.01034647297147297,38.60381555435307,,122182.00368912132,,
see_v2x,70,30,speed_mean_kmh,0.8524590163934426,10.655368885942845,20181024_d10_0900_0930.csv,790,17.698491673280422,22.956008333333326,0.022378353756613754,0.025963846428571427,0.01034647297147297,38.60381555435307,,122182.00368912132,,
see_v2x,70,30,vehicle_count,0.7049180327868853,3.5987403408973435,20181024_d10_0900_0930.csv,790,17.698491673280422,22.956008333333326,0.022378353756613754,0.025963846428571427,0.01034647297147297,38.60381555435307,,122182.00368912132,,
see_v2x,70,30,flow_proxy,0.819672131147541,35200.392594048964,20181024_d10_0900_0930.csv,790,17.698491673280422,22.956008333333326,0.022378353756613754,0.025963846428571427,0.01034647297147297,38.60381555435307,,122182.00368912132,,
see_v2x,71,5,speed_mean_kmh,0.7868852459016393,9.77249951296559,20181024_d10_0900_0930.csv,791,17.766770244708994,22.956008333333326,0.02244663232804233,0.025963846428571427,0.010742901542901544,38.867434601972114,,123380.9780480957,,
see_v2x,71,5,vehicle_count,0.7540983606557377,2.6181222194405294,20181024_d10_0900_0930.csv,791,17.766770244708994,22.956008333333326,0.02244663232804233,0.025963846428571427,0.010742901542901544,38.867434601972114,,123380.9780480957,,
see_v2x,71,5,flow_proxy,0.7868852459016393,35338.61740573371,20181024_d10_0900_0930.csv,791,17.766770244708994,22.956008333333326,0.02244663232804233,0.025963846428571427,0.010742901542901544,38.867434601972114,,123380.9780480957,,
see_v2x,71,10,speed_mean_kmh,0.7377049180327869,10.136021990693944,20181024_d10_0900_0930.csv,791,17.766770244708994,22.956008333333326,0.02244663232804233,0.025963846428571427,0.010742901542901544,38.867434601972114,,123380.9780480957,,
see_v2x,71,10,vehicle_count,0.7540983606557377,3.1404649767376336,20181024_d10_0900_0930.csv,791,17.766770244708994,22.956008333333326,0.02244663232804233,0.025963846428571427,0.010742901542901544,38.867434601972114,,123380.9780480957,,
see_v2x,71,10,flow_proxy,0.7049180327868853,37137.616321290065,20181024_d10_0900_0930.csv,791,17.766770244708994,22.956008333333326,0.02244663232804233,0.025963846428571427,0.010742901542901544,38.867434601972114,,123380.9780480957,,
see_v2x,71,30,speed_mean_kmh,0.8360655737704918,10.731616946789158,20181024_d10_0900_0930.csv,791,17.766770244708994,22.956008333333326,0.02244663232804233,0.025963846428571427,0.010742901542901544,38.867434601972114,,123380.9780480957,,
see_v2x,71,30,vehicle_count,0.7377049180327869,3.5841093237720445,20181024_d10_0900_0930.csv,791,17.766770244708994,22.956008333333326,0.02244663232804233,0.025963846428571427,0.010742901542901544,38.867434601972114,,123380.9780480957,,
see_v2x,71,30,flow_proxy,0.8360655737704918,35094.436868319404,20181024_d10_0900_0930.csv,791,17.766770244708994,22.956008333333326,0.02244663232804233,0.025963846428571427,0.010742901542901544,38.867434601972114,,123380.9780480957,,
see_v2x,72,5,speed_mean_kmh,0.7377049180327869,9.556070375215414,20181024_d10_0900_0930.csv,792,17.681450105820105,22.549091666666662,0.022361312189153444,0.025963846428571427,0.010742901542901544,38.97310126863877,,123247.64471476235,,
see_v2x,72,5,vehicle_count,0.819672131147541,2.614014049788115,20181024_d10_0900_0930.csv,792,17.681450105820105,22.549091666666662,0.022361312189153444,0.025963846428571427,0.010742901542901544,38.97310126863877,,123247.64471476235,,
see_v2x,72,5,flow_proxy,0.7213114754098361,34770.49097424852,20181024_d10_0900_0930.csv,792,17.681450105820105,22.549091666666662,0.022361312189153444,0.025963846428571427,0.010742901542901544,38.97310126863877,,123247.64471476235,,
see_v2x,72,10,speed_mean_kmh,0.7540983606557377,9.999901409987967,20181024_d10_0900_0930.csv,792,17.681450105820105,22.549091666666662,0.022361312189153444,0.025963846428571427,0.010742901542901544,38.97310126863877,,123247.64471476235,,
see_v2x,72,10,vehicle_count,0.8032786885245902,3.1430518565582592,20181024_d10_0900_0930.csv,792,17.681450105820105,22.549091666666662,0.022361312189153444,0.025963846428571427,0.010742901542901544,38.97310126863877,,123247.64471476235,,
see_v2x,72,10,flow_proxy,0.7540983606557377,36910.66495694037,20181024_d10_0900_0930.csv,792,17.681450105820105,22.549091666666662,0.022361312189153444,0.025963846428571427,0.010742901542901544,38.97310126863877,,123247.64471476235,,
see_v2x,72,30,speed_mean_kmh,0.8032786885245902,10.738297945123985,20181024_d10_0900_0930.csv,792,17.681450105820105,22.549091666666662,0.022361312189153444,0.025963846428571427,0.010742901542901544,38.97310126863877,,123247.64471476235,,
see_v2x,72,30,vehicle_count,0.7377049180327869,3.5838835712921875,20181024_d10_0900_0930.csv,792,17.681450105820105,22.549091666666662,0.022361312189153444,0.025963846428571427,0.010742901542901544,38.97310126863877,,123247.64471476235,,
see_v2x,72,30,flow_proxy,0.819672131147541,35380.56973375981,20181024_d10_0900_0930.csv,792,17.681450105820105,22.549091666666662,0.022361312189153444,0.025963846428571427,0.010742901542901544,38.97310126863877,,123247.64471476235,,
see_v2x,73,5,speed_mean_kmh,0.7377049180327869,9.430615185918464,20181024_d10_0900_0930.csv,793,17.828631322751324,24.43551666666666,0.022508493406084663,0.02631152857142857,0.010364113664113665,38.78490285594036,,122835.42249254014,,
see_v2x,73,5,vehicle_count,0.819672131147541,2.582585233103274,20181024_d10_0900_0930.csv,793,17.828631322751324,24.43551666666666,0.022508493406084663,0.02631152857142857,0.010364113664113665,38.78490285594036,,122835.42249254014,,
see_v2x,73,5,flow_proxy,0.7213114754098361,33822.10863392793,20181024_d10_0900_0930.csv,793,17.828631322751324,24.43551666666666,0.022508493406084663,0.02631152857142857,0.010364113664113665,38.78490285594036,,122835.42249254014,,
see_v2x,73,10,speed_mean_kmh,0.7704918032786885,9.949955402607515,20181024_d10_0900_0930.csv,793,17.828631322751324,24.43551666666666,0.022508493406084663,0.02631152857142857,0.010364113664113665,38.78490285594036,,122835.42249254014,,
see_v2x,73,10,vehicle_count,0.7704918032786885,3.113433618450878,20181024_d10_0900_0930.csv,793,17.828631322751324,24.43551666666666,0.022508493406084663,0.02631152857142857,0.010364113664113665,38.78490285594036,,122835.42249254014,,
see_v2x,73,10,flow_proxy,0.7868852459016393,36215.843236018634,20181024_d10_0900_0930.csv,793,17.828631322751324,24.43551666666666,0.022508493406084663,0.02631152857142857,0.010364113664113665,38.78490285594036,,122835.42249254014,,
see_v2x,73,30,speed_mean_kmh,0.7540983606557377,10.754774300042143,20181024_d10_0900_0930.csv,793,17.828631322751324,24.43551666666666,0.022508493406084663,0.02631152857142857,0.010364113664113665,38.78490285594036,,122835.42249254014,,
see_v2x,73,30,vehicle_count,0.6885245901639344,3.5563399468362293,20181024_d10_0900_0930.csv,793,17.828631322751324,24.43551666666666,0.022508493406084663,0.02631152857142857,0.010364113664113665,38.78490285594036,,122835.42249254014,,
see_v2x,73,30,flow_proxy,0.7704918032786885,35286.50749863799,20181024_d10_0900_0930.csv,793,17.828631322751324,24.43551666666666,0.022508493406084663,0.02631152857142857,0.010364113664113665,38.78490285594036,,122835.42249254014,,
