domain,communication_metric,model,horizon_s,target,severity,samples,communication_mean,MAE,MAE_CI_lower,MAE_CI_upper,RMSE,RMSE_CI_lower,RMSE_CI_upper
cicv5g,latency_mean_ms,ca_dtnet,5,flow_proxy,Q1-mild,19,171.60300600140215,13021.156498031565,12167.894959656036,13798.650628113073,21275.24422674045,19944.725049931792,22575.506831249513
cicv5g,latency_mean_ms,ca_dtnet,5,flow_proxy,Q2-moderate,18,194.70449187218318,14789.066554932102,13799.077149616234,15934.731134995876,26201.387102771678,23692.23422740005,28442.464620666535
cicv5g,latency_mean_ms,ca_dtnet,5,flow_proxy,Q3-high,19,289.82927430382347,14269.807336337626,13277.13112420259,15149.791078161183,25338.00153877422,23675.041347354385,26813.78519208458
cicv5g,latency_mean_ms,ca_dtnet,5,flow_proxy,Q4-severe,18,408.3732159313111,10360.746784320228,9648.641560908698,11025.1338111299,18579.5093371577,17381.436499458927,19763.203382274423
cicv5g,latency_mean_ms,ca_dtnet,5,speed_mean_kmh,Q1-mild,19,171.60300600140215,3.607514404245196,3.2954771991685092,3.9714042710994053,7.602932560473818,6.639253218400859,8.533602339713767
cicv5g,latency_mean_ms,ca_dtnet,5,speed_mean_kmh,Q2-moderate,18,194.70449187218318,4.516134296801653,3.9190254292973052,5.204627013933088,8.77046960831502,7.262770919044674,10.194549811084277
cicv5g,latency_mean_ms,ca_dtnet,5,speed_mean_kmh,Q3-high,19,289.82927430382347,3.945838957631851,3.5595015692934737,4.367155408415035,7.511356817544768,6.740493370383803,8.271783864226178
cicv5g,latency_mean_ms,ca_dtnet,5,speed_mean_kmh,Q4-severe,18,408.3732159313111,2.9469533635852936,2.783541556616812,3.1119279943421754,5.4860577938223045,5.140098747846213,5.877135069996679
cicv5g,latency_mean_ms,ca_dtnet,5,vehicle_count,Q1-mild,19,171.60300600140215,1.0339920138461944,0.9932901975457255,1.0712504520477193,1.6383198323710848,1.577772016916259,1.691142444276744
cicv5g,latency_mean_ms,ca_dtnet,5,vehicle_count,Q2-moderate,18,194.70449187218318,1.1086861379099613,1.0527496621594155,1.1674445472449448,2.047677983292372,1.878455429726812,2.199250991910158
cicv5g,latency_mean_ms,ca_dtnet,5,vehicle_count,Q3-high,19,289.82927430382347,0.9683210952277246,0.9052752523578997,1.0393124561999045,1.7418690693628853,1.6085144484202505,1.8886297989235012
cicv5g,latency_mean_ms,ca_dtnet,5,vehicle_count,Q4-severe,18,408.3732159313111,0.7573988331536279,0.685710600957984,0.8330196463824462,1.313876932031736,1.209371137534238,1.429053115808389
cicv5g,latency_mean_ms,ca_dtnet,10,flow_proxy,Q1-mild,19,171.60300600140215,16438.278830532374,15269.391355948766,17517.871010966082,27787.97820687893,26059.4766365321,29599.702207248563
cicv5g,latency_mean_ms,ca_dtnet,10,flow_proxy,Q2-moderate,18,194.70449187218318,17240.44898135148,15826.654297717807,18642.93183258324,30507.080335855768,27455.599072588077,33341.57750379635
cicv5g,latency_mean_ms,ca_dtnet,10,flow_proxy,Q3-high,19,289.82927430382347,16218.66137048197,14744.341869824977,17738.11214723524,29055.71765878976,26111.48495359171,32041.316939574503
cicv5g,latency_mean_ms,ca_dtnet,10,flow_proxy,Q4-severe,18,408.3732159313111,13461.36420348317,12580.680076595447,14391.551923745648,23546.122250554687,21898.347464370272,25315.53879319749
cicv5g,latency_mean_ms,ca_dtnet,10,speed_mean_kmh,Q1-mild,19,171.60300600140215,4.304547688555816,3.9780281358281195,4.66661534932638,8.275469609783284,7.501822854642187,9.211573548445449
cicv5g,latency_mean_ms,ca_dtnet,10,speed_mean_kmh,Q2-moderate,18,194.70449187218318,4.442616634020693,3.9549134772527093,5.037847891876558,8.334092706218131,7.174373661806358,9.63861557030723
cicv5g,latency_mean_ms,ca_dtnet,10,speed_mean_kmh,Q3-high,19,289.82927430382347,4.435928875533188,3.7628903585423443,5.173570483809286,7.961758536814014,6.757809402335947,9.240769653151899
cicv5g,latency_mean_ms,ca_dtnet,10,speed_mean_kmh,Q4-severe,18,408.3732159313111,3.5382123419998304,3.361705505313089,3.7283426071983294,6.346228943371437,5.927127631382693,6.907462573652167
cicv5g,latency_mean_ms,ca_dtnet,10,vehicle_count,Q1-mild,19,171.60300600140215,1.371064820582939,1.3290428209394423,1.4186450300794582,2.236945051610027,2.1509640851135496,2.3316189523283635
cicv5g,latency_mean_ms,ca_dtnet,10,vehicle_count,Q2-moderate,18,194.70449187218318,1.4934155692691904,1.4366941431155684,1.5518191339443344,2.626363187012097,2.464167457685871,2.774941375896899
cicv5g,latency_mean_ms,ca_dtnet,10,vehicle_count,Q3-high,19,289.82927430382347,1.1487859222837054,1.004177778080738,1.305619043703614,2.0832924277365397,1.7877209950495974,2.391597792779505
cicv5g,latency_mean_ms,ca_dtnet,10,vehicle_count,Q4-severe,18,408.3732159313111,1.0738369171852737,1.010097012074626,1.1338761649549154,1.8470978463314158,1.7347354822227254,1.9639525068664347
cicv5g,latency_mean_ms,ca_dtnet,30,flow_proxy,Q1-mild,19,171.60300600140215,14825.536062410003,14423.026138551399,15207.201386608356,26922.838705030998,25781.482338523067,28014.33271822681
cicv5g,latency_mean_ms,ca_dtnet,30,flow_proxy,Q2-moderate,18,194.70449187218318,14222.489790244214,13716.722950894204,14775.648813261978,23538.32233019522,22439.983388907895,24665.502848644996
cicv5g,latency_mean_ms,ca_dtnet,30,flow_proxy,Q3-high,19,289.82927430382347,16203.51105907118,15541.97868568711,16907.988814277698,27950.741771956684,26730.332836790625,29000.464716798248
cicv5g,latency_mean_ms,ca_dtnet,30,flow_proxy,Q4-severe,18,408.3732159313111,13867.483742588922,13160.947291168566,14585.487136455593,24591.457501837038,23402.448653148615,25845.306569130313
cicv5g,latency_mean_ms,ca_dtnet,30,speed_mean_kmh,Q1-mild,19,171.60300600140215,3.6517836831555086,3.414843527870012,3.9205281902754794,6.605105379299613,6.148204194746925,7.128115136205101
cicv5g,latency_mean_ms,ca_dtnet,30,speed_mean_kmh,Q2-moderate,18,194.70449187218318,4.39159240439266,4.035139086659653,4.81670967642028,8.420373774486917,7.484809204547181,9.380686107637423
cicv5g,latency_mean_ms,ca_dtnet,30,speed_mean_kmh,Q3-high,19,289.82927430382347,4.806229708204122,4.534456721107228,5.082247034131345,9.142687665780464,8.323519707429696,10.00552772065122
cicv5g,latency_mean_ms,ca_dtnet,30,speed_mean_kmh,Q4-severe,18,408.3732159313111,4.054581132889005,3.612547477749686,4.499898060355053,7.379045065084187,6.6084032252599,8.281050558534927
cicv5g,latency_mean_ms,ca_dtnet,30,vehicle_count,Q1-mild,19,171.60300600140215,1.9167902655808295,1.8840634260008855,1.952211573727741,3.404173480314529,3.3359533467136058,3.4777132941486704
cicv5g,latency_mean_ms,ca_dtnet,30,vehicle_count,Q2-moderate,18,194.70449187218318,1.9599797761612057,1.9198373023563136,1.9993589173614164,3.4599490578050265,3.4034307352048034,3.509958648515922
cicv5g,latency_mean_ms,ca_dtnet,30,vehicle_count,Q3-high,19,289.82927430382347,1.4246623216960135,1.302746062083,1.558324801757939,2.4189797314752686,2.198885424587076,2.643338970172727
cicv5g,latency_mean_ms,ca_dtnet,30,vehicle_count,Q4-severe,18,408.3732159313111,1.0330398200175293,0.9621179698980312,1.1145638000854052,1.8254548026111515,1.6886407188387476,1.9818866963437365
cicv5g,latency_mean_ms,graph_gru,5,flow_proxy,Q1-mild,19,171.60300600140215,15000.038725946637,14213.893947833776,15718.458476941498,24006.56432850823,22956.90617676205,25009.35046720346
cicv5g,latency_mean_ms,graph_gru,5,flow_proxy,Q2-moderate,18,194.70449187218318,15280.93168330899,14541.562083378667,16182.214763207518,24494.600092873443,23303.31945430511,25732.708251889362
cicv5g,latency_mean_ms,graph_gru,5,flow_proxy,Q3-high,19,289.82927430382347,14392.19669840702,13703.574890817517,15094.340968583443,24524.934443836362,23199.336583837452,25820.70409434643
cicv5g,latency_mean_ms,graph_gru,5,flow_proxy,Q4-severe,18,408.3732159313111,9275.639442829848,8803.744704104582,9722.061952456439,15851.160052577827,15013.097193601201,16670.3123382311
cicv5g,latency_mean_ms,graph_gru,5,speed_mean_kmh,Q1-mild,19,171.60300600140215,4.044272140628883,3.8312784947920484,4.311318596471951,7.268203827964277,6.581748711223039,7.988541235088692
cicv5g,latency_mean_ms,graph_gru,5,speed_mean_kmh,Q2-moderate,18,194.70449187218318,4.666618653580207,4.140860578752304,5.317788814976614,8.557095021480324,7.185401563951809,9.818554033591395
cicv5g,latency_mean_ms,graph_gru,5,speed_mean_kmh,Q3-high,19,289.82927430382347,4.167647911405651,3.830431182959612,4.509275722277235,7.3224043104656245,6.650112157186728,7.996662176104683
cicv5g,latency_mean_ms,graph_gru,5,speed_mean_kmh,Q4-severe,18,408.3732159313111,2.917685519653359,2.8375094152475446,3.0033011138449432,4.958493410598186,4.713251125245689,5.209550272775213
cicv5g,latency_mean_ms,graph_gru,5,vehicle_count,Q1-mild,19,171.60300600140215,1.1215291079908714,1.0613670577445695,1.1787464067004798,1.7800390420406198,1.7089547178727664,1.8464334089135563
cicv5g,latency_mean_ms,graph_gru,5,vehicle_count,Q2-moderate,18,194.70449187218318,1.0982743733453775,1.05692534312977,1.1400517080141723,1.8288912883726178,1.7410039252254943,1.9127440479217765
cicv5g,latency_mean_ms,graph_gru,5,vehicle_count,Q3-high,19,289.82927430382347,1.032149486925426,0.9702833058760457,1.0855567168476163,1.7996049710240911,1.6654534884414314,1.9209065991777772
cicv5g,latency_mean_ms,graph_gru,5,vehicle_count,Q4-severe,18,408.3732159313111,0.8186277272284033,0.7753761056606299,0.8618648161959771,1.3143272793184813,1.2451450892098292,1.3894069953984853
cicv5g,latency_mean_ms,graph_gru,10,flow_proxy,Q1-mild,19,171.60300600140215,20092.88543940647,19120.02204021619,21098.935275594456,32213.994932413065,31194.69335058956,33314.25197404402
cicv5g,latency_mean_ms,graph_gru,10,flow_proxy,Q2-moderate,18,194.70449187218318,18223.7203434652,17467.02892624764,18908.26463255139,29287.65858933169,27660.61308187379,30880.7737310338
cicv5g,latency_mean_ms,graph_gru,10,flow_proxy,Q3-high,19,289.82927430382347,18261.215009704734,17331.365445015905,19169.23502004074,29765.733153202094,28373.060584337774,31326.75811534982
cicv5g,latency_mean_ms,graph_gru,10,flow_proxy,Q4-severe,18,408.3732159313111,12750.681321846749,11857.939226171908,13650.427044604176,21648.112781866188,20129.947334052034,23261.84295047493
cicv5g,latency_mean_ms,graph_gru,10,speed_mean_kmh,Q1-mild,19,171.60300600140215,4.871134590626486,4.65437213872829,5.113224978321444,7.993316593833058,7.364540900366688,8.732168854560928
cicv5g,latency_mean_ms,graph_gru,10,speed_mean_kmh,Q2-moderate,18,194.70449187218318,4.5156761692664436,4.102914214972316,5.038427689398074,7.834752200460335,6.725094443117719,9.118692053589545
cicv5g,latency_mean_ms,graph_gru,10,speed_mean_kmh,Q3-high,19,289.82927430382347,4.9172955202153,4.345327107546055,5.500625944458831,8.127004845214715,7.116817598629878,9.194976905627325
cicv5g,latency_mean_ms,graph_gru,10,speed_mean_kmh,Q4-severe,18,408.3732159313111,3.544636741906668,3.3379234795769994,3.761649235560512,5.825237455913987,5.405354817363268,6.369716704165574
cicv5g,latency_mean_ms,graph_gru,10,vehicle_count,Q1-mild,19,171.60300600140215,1.5379417473858414,1.4920337503416603,1.5839768774973142,2.5765291019799132,2.5004446680838366,2.653369308434083
cicv5g,latency_mean_ms,graph_gru,10,vehicle_count,Q2-moderate,18,194.70449187218318,1.4431563405173313,1.3817525153954882,1.5063664716433514,2.3464256773779173,2.259783765574033,2.426990328382891
cicv5g,latency_mean_ms,graph_gru,10,vehicle_count,Q3-high,19,289.82927430382347,1.273019973013296,1.1647113702178522,1.3844628731278699,2.1524541439839493,1.9288913261849328,2.3811236209500004
cicv5g,latency_mean_ms,graph_gru,10,vehicle_count,Q4-severe,18,408.3732159313111,1.1439933848119332,1.1027742195743826,1.1870452522725514,1.8906886965184202,1.8049890041140528,1.9842756687545338
cicv5g,latency_mean_ms,graph_gru,30,flow_proxy,Q1-mild,19,171.60300600140215,15843.004588567803,15375.688267447806,16373.228528052257,24942.746123411307,23967.288045378493,26135.352076539315
cicv5g,latency_mean_ms,graph_gru,30,flow_proxy,Q2-moderate,18,194.70449187218318,17405.041535393433,16670.450726439,18128.82508849052,28626.497864513585,27279.57179330391,29988.707662174307
cicv5g,latency_mean_ms,graph_gru,30,flow_proxy,Q3-high,19,289.82927430382347,15338.181143617809,14593.924868928494,16023.07000819965,24792.79662398921,23331.131067285834,26164.30006479017
cicv5g,latency_mean_ms,graph_gru,30,flow_proxy,Q4-severe,18,408.3732159313111,15124.70784915353,14408.370022445908,15857.684554508582,24693.401567321158,23518.68876725011,25768.236198911076
cicv5g,latency_mean_ms,graph_gru,30,speed_mean_kmh,Q1-mild,19,171.60300600140215,4.131304464041494,3.9323478946090256,4.354042849033607,6.370213231928595,6.0322349424530906,6.767840816483736
cicv5g,latency_mean_ms,graph_gru,30,speed_mean_kmh,Q2-moderate,18,194.70449187218318,4.683134475864076,4.295685955785189,5.09840462241336,8.02829419757907,7.025255142650875,9.07820346044758
cicv5g,latency_mean_ms,graph_gru,30,speed_mean_kmh,Q3-high,19,289.82927430382347,4.852953227179999,4.598268478808051,5.120378849819438,8.430561775330641,7.741388609107869,9.189866253371205
cicv5g,latency_mean_ms,graph_gru,30,speed_mean_kmh,Q4-severe,18,408.3732159313111,4.4837645223193,4.101626722998067,4.892791813701801,7.0263734965773645,6.3616469918567375,7.834735014002917
cicv5g,latency_mean_ms,graph_gru,30,vehicle_count,Q1-mild,19,171.60300600140215,1.797326300138525,1.7493247514036094,1.851401646899191,3.022025435267688,2.948317370219379,3.105216372184259
cicv5g,latency_mean_ms,graph_gru,30,vehicle_count,Q2-moderate,18,194.70449187218318,1.9791041069199042,1.8835458829123004,2.0611337633551368,3.3096438795376963,3.157848782227269,3.458051240463222
cicv5g,latency_mean_ms,graph_gru,30,vehicle_count,Q3-high,19,289.82927430382347,1.35278364777941,1.3026611218104047,1.4005616952535953,2.2799238333783562,2.1677893443801075,2.3910703563208253
cicv5g,latency_mean_ms,graph_gru,30,vehicle_count,Q4-severe,18,408.3732159313111,1.244941356437102,1.1828081978005889,1.3076451164855172,2.0266302912616094,1.9079385032019058,2.15627209063169
cicv5g,latency_mean_ms,historical_average,5,flow_proxy,Q1-mild,19,171.60300600140215,18894.9948628247,18155.427423614692,19641.66946194075,30905.798087374522,29927.360529461985,31819.248550621855
cicv5g,latency_mean_ms,historical_average,5,flow_proxy,Q2-moderate,18,194.70449187218318,20192.0053082761,19257.425171491537,21152.003077551984,33897.551157614515,32441.953683292915,35211.44173573854
cicv5g,latency_mean_ms,historical_average,5,flow_proxy,Q3-high,19,289.82927430382347,18687.708808860145,17605.198118705783,19728.132155381776,30815.805485081037,29332.03066035102,32245.24693145474
cicv5g,latency_mean_ms,historical_average,5,flow_proxy,Q4-severe,18,408.3732159313111,17302.68644319418,16762.324975747237,17796.981798792476,27513.03121794106,26665.20958950647,28393.683511441952
cicv5g,latency_mean_ms,historical_average,5,speed_mean_kmh,Q1-mild,19,171.60300600140215,5.8677114314796235,5.552040056827947,6.214345813341878,9.410932799123048,8.670873807300609,10.157542850686545
cicv5g,latency_mean_ms,historical_average,5,speed_mean_kmh,Q2-moderate,18,194.70449187218318,5.68871529836414,5.149478930513916,6.303559666802181,9.382956267582225,8.130114585122598,10.602285316183321
cicv5g,latency_mean_ms,historical_average,5,speed_mean_kmh,Q3-high,19,289.82927430382347,5.555499067335535,5.4071786797558605,5.734055022668705,8.588815888369115,8.283840691777375,8.8954424157659
cicv5g,latency_mean_ms,historical_average,5,speed_mean_kmh,Q4-severe,18,408.3732159313111,5.248318971931913,5.133905355209109,5.364929865742803,7.689402925730871,7.446075919284411,7.92851494973142
cicv5g,latency_mean_ms,historical_average,5,vehicle_count,Q1-mild,19,171.60300600140215,2.185443615274706,2.1339492176261423,2.233988019642854,3.670472515458616,3.5831821315017494,3.762379677831613
cicv5g,latency_mean_ms,historical_average,5,vehicle_count,Q2-moderate,18,194.70449187218318,2.2559457124489373,2.200287622666916,2.3075322342088933,4.241046820246276,4.046415322930693,4.4246024847393866
cicv5g,latency_mean_ms,historical_average,5,vehicle_count,Q3-high,19,289.82927430382347,1.6455442245813445,1.463824477194485,1.8440319537796674,3.117751608523572,2.6420338137797956,3.607106174959722
cicv5g,latency_mean_ms,historical_average,5,vehicle_count,Q4-severe,18,408.3732159313111,1.4019230050319276,1.3396987961199542,1.4663082809050438,2.5013849654412317,2.3358860350788855,2.6735180146851127
cicv5g,latency_mean_ms,historical_average,10,flow_proxy,Q1-mild,19,171.60300600140215,19140.700091913048,18337.264866040554,19903.329336449344,31120.789940236038,30124.23961666221,32099.203721504782
cicv5g,latency_mean_ms,historical_average,10,flow_proxy,Q2-moderate,18,194.70449187218318,20296.778974703848,19609.918270848233,21039.555221342525,33813.91733833498,32606.73930516025,35029.30652095353
cicv5g,latency_mean_ms,historical_average,10,flow_proxy,Q3-high,19,289.82927430382347,19155.964586836762,18284.778264127195,20134.969404891708,31902.69830448556,30766.805640201073,33089.004432694965
cicv5g,latency_mean_ms,historical_average,10,flow_proxy,Q4-severe,18,408.3732159313111,17946.267960520967,17225.739282615792,18644.640110689706,28289.7757959898,27079.389861626583,29647.894384471852
cicv5g,latency_mean_ms,historical_average,10,speed_mean_kmh,Q1-mild,19,171.60300600140215,5.952751748782563,5.663531276752583,6.253028042600265,9.321215938246706,8.6810853283938,10.10506340261027
cicv5g,latency_mean_ms,historical_average,10,speed_mean_kmh,Q2-moderate,18,194.70449187218318,5.314193977880161,4.879451328079912,5.838879069287453,8.797877455722775,7.814488399591399,9.953417617622296
cicv5g,latency_mean_ms,historical_average,10,speed_mean_kmh,Q3-high,19,289.82927430382347,5.724754764245128,5.336218389933031,6.1749551233526665,8.702413550351634,7.986264502152316,9.607151502549979
cicv5g,latency_mean_ms,historical_average,10,speed_mean_kmh,Q4-severe,18,408.3732159313111,5.2610644208754955,5.147446043917993,5.369199008353003,8.021243720227622,7.705325773478902,8.3643965918215
cicv5g,latency_mean_ms,historical_average,10,vehicle_count,Q1-mild,19,171.60300600140215,2.2416120737435037,2.193810131044116,2.2849849492293632,3.784213786399341,3.7093255066469175,3.85551414955866
cicv5g,latency_mean_ms,historical_average,10,vehicle_count,Q2-moderate,18,194.70449187218318,2.1508911733421403,2.1039496080957836,2.1983510787900316,3.8641333671548628,3.685001477497647,4.045031324023711
cicv5g,latency_mean_ms,historical_average,10,vehicle_count,Q3-high,19,289.82927430382347,1.6620683118187212,1.4094475084065798,1.9326967078961823,3.116658463422103,2.570485496304466,3.663042866910247
cicv5g,latency_mean_ms,historical_average,10,vehicle_count,Q4-severe,18,408.3732159313111,1.3683858679146712,1.3235422583388032,1.4116993656786074,2.3441549457217734,2.2602942849056893,2.426151220223066
cicv5g,latency_mean_ms,historical_average,30,flow_proxy,Q1-mild,19,171.60300600140215,18083.658396055525,17560.684521811465,18622.865191516466,29803.751895012923,28846.610241620383,30861.741477385505
cicv5g,latency_mean_ms,historical_average,30,flow_proxy,Q2-moderate,18,194.70449187218318,18876.755207309718,18113.469047021743,19644.337221611153,31024.35966245561,29929.65158084492,32054.559667830785
cicv5g,latency_mean_ms,historical_average,30,flow_proxy,Q3-high,19,289.82927430382347,21073.33923914212,20328.337753363827,21763.16378441543,33665.75698211762,32626.06598422614,34689.41357533283
cicv5g,latency_mean_ms,historical_average,30,flow_proxy,Q4-severe,18,408.3732159313111,19361.430723180572,18576.162257453805,20108.328150454454,31691.934634274032,30602.160690146564,32826.43316233522
cicv5g,latency_mean_ms,historical_average,30,speed_mean_kmh,Q1-mild,19,171.60300600140215,5.476322678003817,5.22779561548365,5.7688419209564925,8.069664788419386,7.684248507814656,8.50158472468332
cicv5g,latency_mean_ms,historical_average,30,speed_mean_kmh,Q2-moderate,18,194.70449187218318,5.847567027961683,5.6197559326606745,6.15200434845769,9.05479569750437,8.405917286935514,9.820294046554395
cicv5g,latency_mean_ms,historical_average,30,speed_mean_kmh,Q3-high,19,289.82927430382347,5.837221831816523,5.521124425096877,6.158367264220073,9.331846722398986,8.591392558793968,10.176012796428573
cicv5g,latency_mean_ms,historical_average,30,speed_mean_kmh,Q4-severe,18,408.3732159313111,5.478728198276981,5.158158995543836,5.798338409652467,8.206179634152242,7.681539336543399,8.783654033860845
cicv5g,latency_mean_ms,historical_average,30,vehicle_count,Q1-mild,19,171.60300600140215,1.931529423052972,1.8765411174700295,1.9855266447458955,3.67901432370015,3.5887032987889436,3.764069777215346
cicv5g,latency_mean_ms,historical_average,30,vehicle_count,Q2-moderate,18,194.70449187218318,2.2190039802796635,2.152909158858985,2.276091911364246,3.7862705908359473,3.7019428463581026,3.8609044579321146
cicv5g,latency_mean_ms,historical_average,30,vehicle_count,Q3-high,19,289.82927430382347,1.8428670640273257,1.7527286110983433,1.9392574832219043,3.215989711288707,3.133334042496042,3.306191667961041
cicv5g,latency_mean_ms,historical_average,30,vehicle_count,Q4-severe,18,408.3732159313111,1.3769604571498932,1.2810349380539197,1.4698209692829454,2.383544831814946,2.2481059421959606,2.5446942139076074
cicv5g,latency_mean_ms,impaired_gru,5,flow_proxy,Q1-mild,19,171.60300600140215,14975.636196224237,14278.864453798022,15662.141378248789,24128.480577757306,23084.83456446553,25063.811514487752
cicv5g,latency_mean_ms,impaired_gru,5,flow_proxy,Q2-moderate,18,194.70449187218318,15826.275553968913,15087.86318894395,16772.69625974438,26189.861879673866,24737.456847662055,27651.584771792892
cicv5g,latency_mean_ms,impaired_gru,5,flow_proxy,Q3-high,19,289.82927430382347,15538.474922267702,14779.80979773377,16284.944649617082,25548.673806923896,24259.560432049657,26808.499542161015
cicv5g,latency_mean_ms,impaired_gru,5,flow_proxy,Q4-severe,18,408.3732159313111,10151.561598282256,9732.24324635378,10552.008457518921,17180.683371647097,16261.647260335976,18139.457190507226
cicv5g,latency_mean_ms,impaired_gru,5,speed_mean_kmh,Q1-mild,19,171.60300600140215,4.093779208172694,3.8465173758273594,4.391304212643883,7.568962933644846,6.789695110736077,8.347019534123108
cicv5g,latency_mean_ms,impaired_gru,5,speed_mean_kmh,Q2-moderate,18,194.70449187218318,4.67537736467283,4.111989027064052,5.332655287196213,8.795106176180887,7.3656348549967685,10.12508779635963
cicv5g,latency_mean_ms,impaired_gru,5,speed_mean_kmh,Q3-high,19,289.82927430382347,4.185673658813472,3.8421213646902443,4.5647916571311296,7.48617456654583,6.757832274192371,8.181835600987636
cicv5g,latency_mean_ms,impaired_gru,5,speed_mean_kmh,Q4-severe,18,408.3732159313111,2.8797476297647804,2.760071597596485,3.016033766574258,5.056061502581374,4.767075972565746,5.3712864858917095
cicv5g,latency_mean_ms,impaired_gru,5,vehicle_count,Q1-mild,19,171.60300600140215,1.173483431740207,1.1269912364298371,1.2154575811335189,1.8648894454814207,1.8087830349599583,1.9170300058279668
cicv5g,latency_mean_ms,impaired_gru,5,vehicle_count,Q2-moderate,18,194.70449187218318,1.1410278607869406,1.1036894828743884,1.1811699126833906,1.9948571726068327,1.8816464725753446,2.115463420362944
cicv5g,latency_mean_ms,impaired_gru,5,vehicle_count,Q3-high,19,289.82927430382347,1.0379502881495573,0.9697229082033646,1.1031573746151864,1.847953676985791,1.657957190519707,2.033561228497355
cicv5g,latency_mean_ms,impaired_gru,5,vehicle_count,Q4-severe,18,408.3732159313111,0.7960622076132041,0.7374234019982452,0.8541681399646511,1.303104270931322,1.2155303128846298,1.4009642223195289
cicv5g,latency_mean_ms,impaired_gru,10,flow_proxy,Q1-mild,19,171.60300600140215,19920.84873159578,18873.556832318543,20880.171286877805,31417.55409132465,30199.758366362195,32751.751695630337
cicv5g,latency_mean_ms,impaired_gru,10,flow_proxy,Q2-moderate,18,194.70449187218318,17429.60528537685,16702.631997471843,18097.51275209539,30104.07846043382,28770.912203780354,31462.906346348987
cicv5g,latency_mean_ms,impaired_gru,10,flow_proxy,Q3-high,19,289.82927430382347,17785.460770057445,16669.91844425997,18935.11324410738,28735.3757168733,27148.27831286535,30639.649176448947
cicv5g,latency_mean_ms,impaired_gru,10,flow_proxy,Q4-severe,18,408.3732159313111,13063.863629378817,12005.908055750398,14240.157429381487,21491.844629338724,19551.05998122757,23675.76387081008
cicv5g,latency_mean_ms,impaired_gru,10,speed_mean_kmh,Q1-mild,19,171.60300600140215,4.988956326452173,4.746185535198101,5.2477501177135455,8.359430362191242,7.645691339615772,9.20388489173015
cicv5g,latency_mean_ms,impaired_gru,10,speed_mean_kmh,Q2-moderate,18,194.70449187218318,4.437819299510782,3.973437692614438,5.005315088904382,8.280245414781398,7.157529507372288,9.571701268924324
cicv5g,latency_mean_ms,impaired_gru,10,speed_mean_kmh,Q3-high,19,289.82927430382347,4.809086789400546,4.190833520429264,5.4680109131952,8.251819321596903,7.146246525135264,9.420065930340181
cicv5g,latency_mean_ms,impaired_gru,10,speed_mean_kmh,Q4-severe,18,408.3732159313111,3.3853624265048676,3.1651392483489573,3.6215112231940467,5.765969834459785,5.309265202922585,6.34086898859374
cicv5g,latency_mean_ms,impaired_gru,10,vehicle_count,Q1-mild,19,171.60300600140215,1.5369576874260336,1.4958928197336052,1.5777570957058167,2.6246931476530917,2.533484637480884,2.7031203210181327
cicv5g,latency_mean_ms,impaired_gru,10,vehicle_count,Q2-moderate,18,194.70449187218318,1.47405437016864,1.4087402445306596,1.5427306336007018,2.4661964643895264,2.400652235962305,2.5388555169161404
cicv5g,latency_mean_ms,impaired_gru,10,vehicle_count,Q3-high,19,289.82927430382347,1.2564709982944797,1.1233541599998722,1.3940285259023717,2.158839145065556,1.8631430872276689,2.4707583576818117
cicv5g,latency_mean_ms,impaired_gru,10,vehicle_count,Q4-severe,18,408.3732159313111,1.0989875138232246,1.0446439902231037,1.1521576821160247,1.828957708843755,1.7271601512550614,1.9424462740868649
cicv5g,latency_mean_ms,impaired_gru,30,flow_proxy,Q1-mild,19,171.60300600140215,14726.77147378934,14054.968498677168,15362.934007866843,24900.328366251484,23595.03573372649,26362.974430481117
cicv5g,latency_mean_ms,impaired_gru,30,flow_proxy,Q2-moderate,18,194.70449187218318,15813.62187915136,15158.119436486077,16574.771102974606,26670.88407251996,25366.00442110872,28172.17908368951
cicv5g,latency_mean_ms,impaired_gru,30,flow_proxy,Q3-high,19,289.82927430382347,14236.935918500196,13432.662426479934,15047.421852236263,24494.9207484151,22824.25137279833,26244.3287783242
cicv5g,latency_mean_ms,impaired_gru,30,flow_proxy,Q4-severe,18,408.3732159313111,15168.026726065536,14417.384339612854,15977.709870846078,25723.69551802202,24346.486069403425,26994.635186962667
cicv5g,latency_mean_ms,impaired_gru,30,speed_mean_kmh,Q1-mild,19,171.60300600140215,4.166428029086745,3.970448491378616,4.388457196685317,6.575395425552219,6.193132977473891,6.983410152921351
cicv5g,latency_mean_ms,impaired_gru,30,speed_mean_kmh,Q2-moderate,18,194.70449187218318,4.874857741028701,4.51329603799591,5.266762880425117,8.775974593885236,7.806987826174585,9.810327736755347
cicv5g,latency_mean_ms,impaired_gru,30,speed_mean_kmh,Q3-high,19,289.82927430382347,4.791366336338025,4.535909766622828,5.055634559867275,8.799722515848961,8.162816348024192,9.528004770518672
cicv5g,latency_mean_ms,impaired_gru,30,speed_mean_kmh,Q4-severe,18,408.3732159313111,4.614290677836445,4.22589413779991,5.027943787661366,7.603682786441046,6.928905919832585,8.396782288742717
cicv5g,latency_mean_ms,impaired_gru,30,vehicle_count,Q1-mild,19,171.60300600140215,1.765495270071992,1.7103951383797857,1.8246104703064545,3.0441043175855977,2.954471101821863,3.1441447452723743
cicv5g,latency_mean_ms,impaired_gru,30,vehicle_count,Q2-moderate,18,194.70449187218318,2.0907871308178545,2.006578898416521,2.1692274836822474,3.3517380295454338,3.2502258184453776,3.4565351804692552
cicv5g,latency_mean_ms,impaired_gru,30,vehicle_count,Q3-high,19,289.82927430382347,1.3060039272464687,1.1881412934011737,1.4232239111316896,2.3138963830253703,2.129996869854703,2.486750154774589
cicv5g,latency_mean_ms,impaired_gru,30,vehicle_count,Q4-severe,18,408.3732159313111,1.1886462329043523,1.1216656677217203,1.253834786065882,2.008748682925548,1.876875096388057,2.139560467051559
cicv5g,latency_mean_ms,persistence,5,flow_proxy,Q1-mild,19,171.60300600140215,15676.616237423756,14885.531751000715,16435.870091792443,26433.912678186156,25282.978100622044,27623.294068916064
cicv5g,latency_mean_ms,persistence,5,flow_proxy,Q2-moderate,18,194.70449187218318,18538.91137062832,17695.333216804735,19519.985260824124,31289.549676026236,29731.700484745394,32739.323788428712
cicv5g,latency_mean_ms,persistence,5,flow_proxy,Q3-high,19,289.82927430382347,16319.035120494513,15211.204535558749,17428.613115651464,30139.033216629497,28123.360335452377,32397.259391046162
cicv5g,latency_mean_ms,persistence,5,flow_proxy,Q4-severe,18,408.3732159313111,13743.569611005683,13131.406666196797,14352.03928515842,24582.861536838347,23771.184365119883,25462.689941717694
cicv5g,latency_mean_ms,persistence,5,speed_mean_kmh,Q1-mild,19,171.60300600140215,4.234218909753405,3.8884307926687263,4.553729547707176,9.353952363878333,8.41593076196558,10.166785055867946
cicv5g,latency_mean_ms,persistence,5,speed_mean_kmh,Q2-moderate,18,194.70449187218318,5.7980437779616345,5.12354866452371,6.487935864958656,11.937968140782566,10.690329509507903,13.064354702072198
cicv5g,latency_mean_ms,persistence,5,speed_mean_kmh,Q3-high,19,289.82927430382347,4.456910527590411,3.9034978346482463,5.027538388154203,9.186496828291213,8.132044153012687,10.131165016510444
cicv5g,latency_mean_ms,persistence,5,speed_mean_kmh,Q4-severe,18,408.3732159313111,3.62668619618692,3.3163726497635344,3.9199310855199725,7.307942120413736,6.7333983957346195,7.793700278483429
cicv5g,latency_mean_ms,persistence,5,vehicle_count,Q1-mild,19,171.60300600140215,1.1622088506597705,1.1035375834971726,1.2165660547443735,1.948825333823883,1.868274327805172,2.02517458641363
cicv5g,latency_mean_ms,persistence,5,vehicle_count,Q2-moderate,18,194.70449187218318,1.1384335589176038,1.0746812888027168,1.2085610621097378,1.942622821495867,1.8433505959652405,2.043459599376387
cicv5g,latency_mean_ms,persistence,5,vehicle_count,Q3-high,19,289.82927430382347,1.034512546432803,0.9827437825987417,1.0828516357546645,1.9133130161969323,1.8129446416262411,2.0148663612146764
cicv5g,latency_mean_ms,persistence,5,vehicle_count,Q4-severe,18,408.3732159313111,0.8888889074933206,0.8105646800730626,0.9772768890822694,1.5994529489440583,1.4810385251576825,1.7285698674290175
cicv5g,latency_mean_ms,persistence,10,flow_proxy,Q1-mild,19,171.60300600140215,21069.35965136427,19994.031895262473,22210.51199456352,35581.16700713028,34438.45163869412,36846.23872966736
cicv5g,latency_mean_ms,persistence,10,flow_proxy,Q2-moderate,18,194.70449187218318,22134.81186420274,21144.477436078167,23211.613519828512,39157.012234894035,37098.682859630186,41233.08297669532
cicv5g,latency_mean_ms,persistence,10,flow_proxy,Q3-high,19,289.82927430382347,22031.504736241117,20761.92790934634,23180.073668083416,39380.33271765833,37008.68160262997,41514.91550388856
cicv5g,latency_mean_ms,persistence,10,flow_proxy,Q4-severe,18,408.3732159313111,17623.902952400593,16421.279227510076,18901.46839576618,31962.94492280537,29929.643817451783,33923.41307392394
cicv5g,latency_mean_ms,persistence,10,speed_mean_kmh,Q1-mild,19,171.60300600140215,5.099902469545169,4.750707295945955,5.4073627633411645,9.569733094905041,8.770124545138705,10.290046776309858
cicv5g,latency_mean_ms,persistence,10,speed_mean_kmh,Q2-moderate,18,194.70449187218318,5.643805265101229,5.111469091054655,6.272950834044626,10.77819263246896,9.560345067290319,11.940826193056072
cicv5g,latency_mean_ms,persistence,10,speed_mean_kmh,Q3-high,19,289.82927430382347,6.062624904686939,5.472094760838767,6.640285798343415,11.139729852859729,10.17222605687881,12.175606624400752
cicv5g,latency_mean_ms,persistence,10,speed_mean_kmh,Q4-severe,18,408.3732159313111,4.323304013236689,3.969530067837986,4.705191797609109,7.890883585675024,7.397996887700609,8.438436024455862
cicv5g,latency_mean_ms,persistence,10,vehicle_count,Q1-mild,19,171.60300600140215,1.6773080906397428,1.6169111935825917,1.7351165429367474,2.896451427452604,2.8028537571778074,2.985445315583058
cicv5g,latency_mean_ms,persistence,10,vehicle_count,Q2-moderate,18,194.70449187218318,1.6393443160432297,1.5363616099340776,1.7331740112204588,2.8758917637389207,2.70322694698493,3.0165106891609086
cicv5g,latency_mean_ms,persistence,10,vehicle_count,Q3-high,19,289.82927430382347,1.348576407818519,1.2493313547582618,1.4598792671662864,2.45679977944934,2.2871269763482767,2.647775060910353
cicv5g,latency_mean_ms,persistence,10,vehicle_count,Q4-severe,18,408.3732159313111,1.305100215233117,1.2385929264529048,1.3770719874585235,2.4058664287704,2.2664950463847475,2.546258026941922
cicv5g,latency_mean_ms,persistence,30,flow_proxy,Q1-mild,19,171.60300600140215,32530.6631620049,31233.119796158622,33601.75295563275,53110.924544657755,51014.17658375228,54748.90773218639
cicv5g,latency_mean_ms,persistence,30,flow_proxy,Q2-moderate,18,194.70449187218318,25957.392803250896,24686.294949213556,27417.812026779884,44040.27212719175,41983.05772357516,46557.140983463265
cicv5g,latency_mean_ms,persistence,30,flow_proxy,Q3-high,19,289.82927430382347,31092.53567603111,29859.828149951365,32305.974746456457,52051.28029664445,50692.28510268046,53374.740584119456
cicv5g,latency_mean_ms,persistence,30,flow_proxy,Q4-severe,18,408.3732159313111,26701.381009980872,25348.550877234793,28165.791022076537,46922.45909915856,44208.15055892382,49945.70852644269
cicv5g,latency_mean_ms,persistence,30,speed_mean_kmh,Q1-mild,19,171.60300600140215,7.755692463570392,7.33750980636967,8.15827241774826,12.904232199281708,12.126314631056884,13.772808127809226
cicv5g,latency_mean_ms,persistence,30,speed_mean_kmh,Q2-moderate,18,194.70449187218318,7.1456520777322465,6.712333330840888,7.617619534268703,12.197860167294332,11.461560315961762,13.046917164207649
cicv5g,latency_mean_ms,persistence,30,speed_mean_kmh,Q3-high,19,289.82927430382347,7.615046771849738,7.109071279777768,8.144174048368313,13.281650273714709,12.322648148137725,14.26447525898102
cicv5g,latency_mean_ms,persistence,30,speed_mean_kmh,Q4-severe,18,408.3732159313111,6.485729672979322,6.1486822084438195,6.868993111209023,10.883990865190045,10.314122415898215,11.557720995376291
cicv5g,latency_mean_ms,persistence,30,vehicle_count,Q1-mild,19,171.60300600140215,2.414150262228427,2.3485764930341104,2.472843106160839,4.212422969587182,4.146007563803461,4.298289555802035
cicv5g,latency_mean_ms,persistence,30,vehicle_count,Q2-moderate,18,194.70449187218318,2.6457195950493233,2.595628517135477,2.695810666377329,5.426457017465538,5.2035349612746495,5.632613813030902
cicv5g,latency_mean_ms,persistence,30,vehicle_count,Q3-high,19,289.82927430382347,2.2174288803225233,2.1423425895923995,2.2942407948855146,3.8809190837182794,3.736704887019596,4.063670655242122
cicv5g,latency_mean_ms,persistence,30,vehicle_count,Q4-severe,18,408.3732159313111,2.1994536263147015,2.0919854939737696,2.3142305082553825,4.024856013848865,3.8736906925966834,4.1777554749348305
cicv5g,latency_p95_ms,ca_dtnet,5,flow_proxy,Q1-mild,19,215.50063736305842,13021.156498031565,12167.894959656036,13798.650628113073,21275.24422674045,19944.725049931792,22575.506831249513
cicv5g,latency_p95_ms,ca_dtnet,5,flow_proxy,Q2-moderate,25,285.9282322818174,14904.04287092613,13987.750497295287,15704.249131813494,26533.928715741276,24640.222263786247,28388.902603483737
cicv5g,latency_p95_ms,ca_dtnet,5,flow_proxy,Q3-high,12,512.7287952927383,13727.37213383663,12647.359317506996,14834.521927631786,24141.564932755708,22241.61403257762,25985.7179524437
cicv5g,latency_p95_ms,ca_dtnet,5,flow_proxy,Q4-severe,18,606.8173793756669,10360.746784320228,9648.641560908698,11025.1338111299,18579.5093371577,17381.436499458927,19763.203382274423
cicv5g,latency_p95_ms,ca_dtnet,5,speed_mean_kmh,Q1-mild,19,215.50063736305842,3.607514404245196,3.2954771991685092,3.9714042710994053,7.602932560473818,6.639253218400859,8.533602339713767
cicv5g,latency_p95_ms,ca_dtnet,5,speed_mean_kmh,Q2-moderate,25,285.9282322818174,4.515037117514984,4.018701645635554,4.979994310697368,8.6269756124092,7.619070694842318,9.648635361136407
cicv5g,latency_p95_ms,ca_dtnet,5,speed_mean_kmh,Q3-high,12,512.7287952927383,3.615452466630027,3.1932173748012644,4.15018500671955,7.07582018106591,6.062039053873477,8.24385057537698
cicv5g,latency_p95_ms,ca_dtnet,5,speed_mean_kmh,Q4-severe,18,606.8173793756669,2.9469533635852936,2.783541556616812,3.1119279943421754,5.4860577938223045,5.140098747846213,5.877135069996679
cicv5g,latency_p95_ms,ca_dtnet,5,vehicle_count,Q1-mild,19,215.50063736305842,1.0339920138461944,0.9932901975457255,1.0712504520477193,1.6383198323710848,1.577772016916259,1.691142444276744
cicv5g,latency_p95_ms,ca_dtnet,5,vehicle_count,Q2-moderate,25,285.9282322818174,1.1058941644229034,1.0546411639926452,1.1584793555952728,2.053519224187213,1.9283163488330657,2.179587953554089
cicv5g,latency_p95_ms,ca_dtnet,5,vehicle_count,Q3-high,12,512.7287952927383,0.8922580984277902,0.8467083703053269,0.9434099755568641,1.5513112843730987,1.4552455519573066,1.6559026134783326
cicv5g,latency_p95_ms,ca_dtnet,5,vehicle_count,Q4-severe,18,606.8173793756669,0.7573988331536279,0.685710600957984,0.8330196463824462,1.313876932031736,1.209371137534238,1.429053115808389
cicv5g,latency_p95_ms,ca_dtnet,10,flow_proxy,Q1-mild,19,215.50063736305842,16438.278830532374,15269.391355948766,17517.871010966082,27787.97820687893,26059.4766365321,29599.702207248563
cicv5g,latency_p95_ms,ca_dtnet,10,flow_proxy,Q2-moderate,25,285.9282322818174,17993.892788283658,16787.00471776572,19229.617134856107,32210.272366478126,29756.71038511719,34590.36272714236
cicv5g,latency_p95_ms,ca_dtnet,10,flow_proxy,Q3-high,12,512.7287952927383,14052.94399969939,13192.170503599476,15053.528229627149,24660.772700038,23133.208917298783,26466.900555919627
cicv5g,latency_p95_ms,ca_dtnet,10,flow_proxy,Q4-severe,18,606.8173793756669,13461.36420348317,12580.680076595447,14391.551923745648,23546.122250554687,21898.347464370272,25315.53879319749
cicv5g,latency_p95_ms,ca_dtnet,10,speed_mean_kmh,Q1-mild,19,215.50063736305842,4.304547688555816,3.9780281358281195,4.66661534932638,8.275469609783284,7.501822854642187,9.211573548445449
cicv5g,latency_p95_ms,ca_dtnet,10,speed_mean_kmh,Q2-moderate,25,285.9282322818174,4.907701419330754,4.376804984330996,5.451380423365029,8.954686386854581,7.908091512228741,10.009093915890793
cicv5g,latency_p95_ms,ca_dtnet,10,speed_mean_kmh,Q3-high,12,512.7287952927383,3.4631010470195154,3.084948914140692,3.973325743858233,6.451660103335672,5.5137379556745225,7.6571035429214245
cicv5g,latency_p95_ms,ca_dtnet,10,speed_mean_kmh,Q4-severe,18,606.8173793756669,3.5382123419998304,3.361705505313089,3.7283426071983294,6.346228943371437,5.927127631382693,6.907462573652167
cicv5g,latency_p95_ms,ca_dtnet,10,vehicle_count,Q1-mild,19,215.50063736305842,1.371064820582939,1.3290428209394423,1.4186450300794582,2.236945051610027,2.1509640851135496,2.3316189523283635
cicv5g,latency_p95_ms,ca_dtnet,10,vehicle_count,Q2-moderate,25,285.9282322818174,1.513679837044704,1.4681149224151233,1.5594264624653769,2.7177498415509196,2.5815275879369,2.8266813032704667
cicv5g,latency_p95_ms,ca_dtnet,10,vehicle_count,Q3-high,12,512.7287952927383,0.9055347370098522,0.8659350753379147,0.9418532259285465,1.576112287869918,1.5282176329342614,1.6194733627738638
cicv5g,latency_p95_ms,ca_dtnet,10,vehicle_count,Q4-severe,18,606.8173793756669,1.0738369171852737,1.010097012074626,1.1338761649549154,1.8470978463314158,1.7347354822227254,1.9639525068664347
cicv5g,latency_p95_ms,ca_dtnet,30,flow_proxy,Q1-mild,19,215.50063736305842,14825.536062410003,14423.026138551399,15207.201386608356,26922.838705030998,25781.482338523067,28014.33271822681
cicv5g,latency_p95_ms,ca_dtnet,30,flow_proxy,Q2-moderate,25,285.9282322818174,15041.240650563142,14351.156103520252,15756.696502481622,25049.21643448346,23781.01914997774,26294.796842592314
cicv5g,latency_p95_ms,ca_dtnet,30,flow_proxy,Q3-high,12,512.7287952927383,15653.37584022248,14995.391858001389,16270.612533090227,27376.95706238371,25872.10560497876,28841.274565388852
cicv5g,latency_p95_ms,ca_dtnet,30,flow_proxy,Q4-severe,18,606.8173793756669,13867.483742588922,13160.947291168566,14585.487136455593,24591.457501837038,23402.448653148615,25845.306569130313
cicv5g,latency_p95_ms,ca_dtnet,30,speed_mean_kmh,Q1-mild,19,215.50063736305842,3.6517836831555086,3.414843527870012,3.9205281902754794,6.605105379299613,6.148204194746925,7.128115136205101
cicv5g,latency_p95_ms,ca_dtnet,30,speed_mean_kmh,Q2-moderate,25,285.9282322818174,4.5046451624339765,4.184411611481833,4.856971315495868,8.644095308747847,7.922253173713782,9.381365942707744
cicv5g,latency_p95_ms,ca_dtnet,30,speed_mean_kmh,Q3-high,12,512.7287952927383,4.812574889508067,4.5055658845351205,5.142984878633248,9.097950905991432,8.133013544808843,10.305865068522444
cicv5g,latency_p95_ms,ca_dtnet,30,speed_mean_kmh,Q4-severe,18,606.8173793756669,4.054581132889005,3.612547477749686,4.499898060355053,7.379045065084187,6.6084032252599,8.281050558534927
cicv5g,latency_p95_ms,ca_dtnet,30,vehicle_count,Q1-mild,19,215.50063736305842,1.9167902655808295,1.8840634260008855,1.952211573727741,3.404173480314529,3.3359533467136058,3.4777132941486704
cicv5g,latency_p95_ms,ca_dtnet,30,vehicle_count,Q2-moderate,25,285.9282322818174,1.9033245942561559,1.849394567332334,1.949975590868495,3.3345839890546,3.2380808231408533,3.4266875892404816
cicv5g,latency_p95_ms,ca_dtnet,30,vehicle_count,Q3-high,12,512.7287952927383,1.2304254355601714,1.1509786920518938,1.3113341950570143,2.0729248510129636,1.9519224181642971,2.2106646065694604
cicv5g,latency_p95_ms,ca_dtnet,30,vehicle_count,Q4-severe,18,606.8173793756669,1.0330398200175293,0.9621179698980312,1.1145638000854052,1.8254548026111515,1.6886407188387476,1.9818866963437365
cicv5g,latency_p95_ms,graph_gru,5,flow_proxy,Q1-mild,19,215.50063736305842,15000.038725946637,14213.893947833776,15718.458476941498,24006.56432850823,22956.90617676205,25009.35046720346
cicv5g,latency_p95_ms,graph_gru,5,flow_proxy,Q2-moderate,25,285.9282322818174,14978.573428880372,14391.95845662687,15627.82154407841,24412.65461224667,23352.8962658641,25512.907567069742
cicv5g,latency_p95_ms,graph_gru,5,flow_proxy,Q3-high,12,512.7287952927383,14503.680987273832,13544.236928587377,15466.725861232297,24713.349233203848,22891.351255160476,26499.082012815757
cicv5g,latency_p95_ms,graph_gru,5,flow_proxy,Q4-severe,18,606.8173793756669,9275.639442829848,8803.744704104582,9722.061952456439,15851.160052577827,15013.097193601201,16670.3123382311
cicv5g,latency_p95_ms,graph_gru,5,speed_mean_kmh,Q1-mild,19,215.50063736305842,4.044272140628883,3.8312784947920484,4.311318596471951,7.268203827964277,6.581748711223039,7.988541235088692
cicv5g,latency_p95_ms,graph_gru,5,speed_mean_kmh,Q2-moderate,25,285.9282322818174,4.6522286317165,4.246921479874241,5.0834927684020075,8.419062252824038,7.485858840535212,9.360183966288133
cicv5g,latency_p95_ms,graph_gru,5,speed_mean_kmh,Q3-high,12,512.7287952927383,3.906560857353218,3.522304485710114,4.367622653934631,6.889736330407651,5.9499209342671255,7.844042030842157
cicv5g,latency_p95_ms,graph_gru,5,speed_mean_kmh,Q4-severe,18,606.8173793756669,2.917685519653359,2.8375094152475446,3.0033011138449432,4.958493410598186,4.713251125245689,5.209550272775213
cicv5g,latency_p95_ms,graph_gru,5,vehicle_count,Q1-mild,19,215.50063736305842,1.1215291079908714,1.0613670577445695,1.1787464067004798,1.7800390420406198,1.7089547178727664,1.8464334089135563
cicv5g,latency_p95_ms,graph_gru,5,vehicle_count,Q2-moderate,25,285.9282322818174,1.1073526548355452,1.0727972314839096,1.142175041689261,1.8894128592035975,1.8126863720784243,1.963943302804331
cicv5g,latency_p95_ms,graph_gru,5,vehicle_count,Q3-high,12,512.7287952927383,0.9746635500759379,0.9056137403428038,1.033249881474473,1.6564346800062426,1.51496167621278,1.8003251543830947
cicv5g,latency_p95_ms,graph_gru,5,vehicle_count,Q4-severe,18,606.8173793756669,0.8186277272284033,0.7753761056606299,0.8618648161959771,1.3143272793184813,1.2451450892098292,1.3894069953984853
cicv5g,latency_p95_ms,graph_gru,10,flow_proxy,Q1-mild,19,215.50063736305842,20092.88543940647,19120.02204021619,21098.935275594456,32213.994932413065,31194.69335058956,33314.25197404402
cicv5g,latency_p95_ms,graph_gru,10,flow_proxy,Q2-moderate,25,285.9282322818174,18494.959163299525,17841.830489307387,19147.997220038105,29595.378423659873,28356.701596502688,30802.252606349877
cicv5g,latency_p95_ms,graph_gru,10,flow_proxy,Q3-high,12,512.7287952927383,17718.00602368961,16678.232105541156,19044.43368328708,29403.5269939428,27506.309921863303,31241.441843349963
cicv5g,latency_p95_ms,graph_gru,10,flow_proxy,Q4-severe,18,606.8173793756669,12750.681321846749,11857.939226171908,13650.427044604176,21648.112781866188,20129.947334052034,23261.84295047493
cicv5g,latency_p95_ms,graph_gru,10,speed_mean_kmh,Q1-mild,19,215.50063736305842,4.871134590626486,4.65437213872829,5.113224978321444,7.993316593833058,7.364540900366688,8.732168854560928
cicv5g,latency_p95_ms,graph_gru,10,speed_mean_kmh,Q2-moderate,25,285.9282322818174,4.993148490451829,4.4944208125923515,5.486011618998868,8.541326561012065,7.518107199265074,9.517879332724007
cicv5g,latency_p95_ms,graph_gru,10,speed_mean_kmh,Q3-high,12,512.7287952927383,4.156839472465912,3.8121274436013737,4.615630244201199,6.825455636838666,6.195156086341066,7.685329664574352
cicv5g,latency_p95_ms,graph_gru,10,speed_mean_kmh,Q4-severe,18,606.8173793756669,3.544636741906668,3.3379234795769994,3.761649235560512,5.825237455913987,5.405354817363268,6.369716704165574
cicv5g,latency_p95_ms,graph_gru,10,vehicle_count,Q1-mild,19,215.50063736305842,1.5379417473858414,1.4920337503416603,1.5839768774973142,2.5765291019799132,2.5004446680838366,2.653369308434083
cicv5g,latency_p95_ms,graph_gru,10,vehicle_count,Q2-moderate,25,285.9282322818174,1.4730700386770819,1.4209738387019042,1.525960986504587,2.460520462557607,2.3620731258733114,2.5685544896562913
cicv5g,latency_p95_ms,graph_gru,10,vehicle_count,Q3-high,12,512.7287952927383,1.1114535541364627,1.0500127203881784,1.1695426052192435,1.801606613713114,1.7294852000147436,1.8702331549193234
cicv5g,latency_p95_ms,graph_gru,10,vehicle_count,Q4-severe,18,606.8173793756669,1.1439933848119332,1.1027742195743826,1.1870452522725514,1.8906886965184202,1.8049890041140528,1.9842756687545338
cicv5g,latency_p95_ms,graph_gru,30,flow_proxy,Q1-mild,19,215.50063736305842,15843.004588567803,15375.688267447806,16373.228528052257,24942.746123411307,23967.288045378493,26135.352076539315
cicv5g,latency_p95_ms,graph_gru,30,flow_proxy,Q2-moderate,25,285.9282322818174,17197.452285579315,16593.255436147065,17834.436245846067,28153.243027272187,27114.344608881223,29250.05967313917
cicv5g,latency_p95_ms,graph_gru,30,flow_proxy,Q3-high,12,512.7287952927383,14564.990185528106,13805.058886317767,15367.758006818884,23542.418477936237,21814.56660538259,25303.678328777474
cicv5g,latency_p95_ms,graph_gru,30,flow_proxy,Q4-severe,18,606.8173793756669,15124.70784915353,14408.370022445908,15857.684554508582,24693.401567321158,23518.68876725011,25768.236198911076
cicv5g,latency_p95_ms,graph_gru,30,speed_mean_kmh,Q1-mild,19,215.50063736305842,4.131304464041494,3.9323478946090256,4.354042849033607,6.370213231928595,6.0322349424530906,6.767840816483736
cicv5g,latency_p95_ms,graph_gru,30,speed_mean_kmh,Q2-moderate,25,285.9282322818174,4.7433844778713965,4.42472923681572,5.0928744888865705,8.134621302849169,7.347227324154715,8.924612778023075
cicv5g,latency_p95_ms,graph_gru,30,speed_mean_kmh,Q3-high,12,512.7287952927383,4.82649332793237,4.529340226312637,5.130164669403907,8.443703059706353,7.687617201217567,9.398612952218102
cicv5g,latency_p95_ms,graph_gru,30,speed_mean_kmh,Q4-severe,18,606.8173793756669,4.4837645223193,4.101626722998067,4.892791813701801,7.0263734965773645,6.3616469918567375,7.834735014002917
cicv5g,latency_p95_ms,graph_gru,30,vehicle_count,Q1-mild,19,215.50063736305842,1.797326300138525,1.7493247514036094,1.851401646899191,3.022025435267688,2.948317370219379,3.105216372184259
cicv5g,latency_p95_ms,graph_gru,30,vehicle_count,Q2-moderate,25,285.9282322818174,1.8273277274671336,1.7099367030751387,1.9415493094525778,3.090485048452352,2.9299869004396655,3.26844466555826
cicv5g,latency_p95_ms,graph_gru,30,vehicle_count,Q3-high,12,512.7287952927383,1.303630837140727,1.2499804935256797,1.3528621322859407,2.1358347045465416,2.0336613581467855,2.255341296053364
cicv5g,latency_p95_ms,graph_gru,30,vehicle_count,Q4-severe,18,606.8173793756669,1.244941356437102,1.1828081978005889,1.3076451164855172,2.0266302912616094,1.9079385032019058,2.15627209063169
cicv5g,latency_p95_ms,historical_average,5,flow_proxy,Q1-mild,19,215.50063736305842,18894.9948628247,18155.427423614692,19641.66946194075,30905.798087374522,29927.360529461985,31819.248550621855
cicv5g,latency_p95_ms,historical_average,5,flow_proxy,Q2-moderate,25,285.9282322818174,19069.742995117846,18082.43460785786,20130.982274785743,32323.10962699775,30841.58809859543,33825.15191180992
cicv5g,latency_p95_ms,historical_average,5,flow_proxy,Q3-high,12,512.7287952927383,20148.249003280533,19337.2123262634,20936.80074060901,32298.207031554786,30852.625391312777,33671.75474338427
cicv5g,latency_p95_ms,historical_average,5,flow_proxy,Q4-severe,18,606.8173793756669,17302.68644319418,16762.324975747237,17796.981798792476,27513.03121794106,26665.20958950647,28393.683511441952
cicv5g,latency_p95_ms,historical_average,5,speed_mean_kmh,Q1-mild,19,215.50063736305842,5.8677114314796235,5.552040056827947,6.214345813341878,9.410932799123048,8.670873807300609,10.157542850686545
cicv5g,latency_p95_ms,historical_average,5,speed_mean_kmh,Q2-moderate,25,285.9282322818174,5.638073670970719,5.218448383453869,6.054961791283195,9.094815181951327,8.249445926689102,10.01219639363539
cicv5g,latency_p95_ms,historical_average,5,speed_mean_kmh,Q3-high,12,512.7287952927383,5.583292989638477,5.385802463078208,5.856222281164949,8.725861262225836,8.285573851066234,9.218872954124445
cicv5g,latency_p95_ms,historical_average,5,speed_mean_kmh,Q4-severe,18,606.8173793756669,5.248318971931913,5.133905355209109,5.364929865742803,7.689402925730871,7.446075919284411,7.92851494973142
cicv5g,latency_p95_ms,historical_average,5,vehicle_count,Q1-mild,19,215.50063736305842,2.185443615274706,2.1339492176261423,2.233988019642854,3.670472515458616,3.5831821315017494,3.762379677831613
cicv5g,latency_p95_ms,historical_average,5,vehicle_count,Q2-moderate,25,285.9282322818174,2.2307429712593145,2.180291938543804,2.28327133734032,4.319209288239649,4.168293907946242,4.45351326214314
cicv5g,latency_p95_ms,historical_average,5,vehicle_count,Q3-high,12,512.7287952927383,1.3419824008036292,1.2811046797923074,1.4000600488551957,2.2996575933658003,2.227024657072161,2.365782171127167
cicv5g,latency_p95_ms,historical_average,5,vehicle_count,Q4-severe,18,606.8173793756669,1.4019230050319276,1.3396987961199542,1.4663082809050438,2.5013849654412317,2.3358860350788855,2.6735180146851127
cicv5g,latency_p95_ms,historical_average,10,flow_proxy,Q1-mild,19,215.50063736305842,19140.700091913048,18337.264866040554,19903.329336449344,31120.789940236038,30124.23961666221,32099.203721504782
cicv5g,latency_p95_ms,historical_average,10,flow_proxy,Q2-moderate,25,285.9282322818174,19665.568909504887,18846.82754443137,20509.313337048447,33048.310845986016,31954.905097345254,34167.599987904665
cicv5g,latency_p95_ms,historical_average,10,flow_proxy,Q3-high,12,512.7287952927383,19805.510496412127,18998.049984133315,20752.581482384463,32382.83406046707,31146.266829534416,33667.173756064876
cicv5g,latency_p95_ms,historical_average,10,flow_proxy,Q4-severe,18,606.8173793756669,17946.267960520967,17225.739282615792,18644.640110689706,28289.7757959898,27079.389861626583,29647.894384471852
cicv5g,latency_p95_ms,historical_average,10,speed_mean_kmh,Q1-mild,19,215.50063736305842,5.952751748782563,5.663531276752583,6.253028042600265,9.321215938246706,8.6810853283938,10.10506340261027
cicv5g,latency_p95_ms,historical_average,10,speed_mean_kmh,Q2-moderate,25,285.9282322818174,5.6189423694075735,5.194081864650442,6.0737335443984515,9.142849236572822,8.259799243359685,10.06767460177282
cicv5g,latency_p95_ms,historical_average,10,speed_mean_kmh,Q3-high,12,512.7287952927383,5.329356073942585,5.0116490547792845,5.709253267052014,7.928035062114204,7.328484186370583,8.624407834671873
cicv5g,latency_p95_ms,historical_average,10,speed_mean_kmh,Q4-severe,18,606.8173793756669,5.2610644208754955,5.147446043917993,5.369199008353003,8.021243720227622,7.705325773478902,8.3643965918215
cicv5g,latency_p95_ms,historical_average,10,vehicle_count,Q1-mild,19,215.50063736305842,2.2416120737435037,2.193810131044116,2.2849849492293632,3.784213786399341,3.7093255066469175,3.85551414955866
cicv5g,latency_p95_ms,historical_average,10,vehicle_count,Q2-moderate,25,285.9282322818174,2.2161916479417156,2.163057791235813,2.271327806827078,4.104089831543874,3.8977333040898974,4.295269680995304
cicv5g,latency_p95_ms,historical_average,10,vehicle_count,Q3-high,12,512.7287952927383,1.2408789871809447,1.1929761624587962,1.2890483974369655,2.18072213543422,2.117862024388731,2.2429963421168364
cicv5g,latency_p95_ms,historical_average,10,vehicle_count,Q4-severe,18,606.8173793756669,1.3683858679146712,1.3235422583388032,1.4116993656786074,2.3441549457217734,2.2602942849056893,2.426151220223066
cicv5g,latency_p95_ms,historical_average,30,flow_proxy,Q1-mild,19,215.50063736305842,18083.658396055525,17560.684521811465,18622.865191516466,29803.751895012923,28846.610241620383,30861.741477385505
cicv5g,latency_p95_ms,historical_average,30,flow_proxy,Q2-moderate,25,285.9282322818174,19056.605348045727,18470.22648465784,19652.055917959544,31082.410220615886,30253.660366793934,31858.540118437835
cicv5g,latency_p95_ms,historical_average,30,flow_proxy,Q3-high,12,512.7287952927383,21979.992131177656,21568.849149787544,22430.77563162569,35085.63342241989,34244.282630249836,35987.08880568619
cicv5g,latency_p95_ms,historical_average,30,flow_proxy,Q4-severe,18,606.8173793756669,19361.430723180572,18576.162257453805,20108.328150454454,31691.934634274032,30602.160690146564,32826.43316233522
cicv5g,latency_p95_ms,historical_average,30,speed_mean_kmh,Q1-mild,19,215.50063736305842,5.476322678003817,5.22779561548365,5.7688419209564925,8.069664788419386,7.684248507814656,8.50158472468332
cicv5g,latency_p95_ms,historical_average,30,speed_mean_kmh,Q2-moderate,25,285.9282322818174,5.807740950335999,5.554403111730722,6.0702571466094035,9.110588918945522,8.547813839328764,9.726038394045807
cicv5g,latency_p95_ms,historical_average,30,speed_mean_kmh,Q3-high,12,512.7287952927383,5.91415812911869,5.568090955527007,6.291514525909327,9.377223942251778,8.52092778642198,10.427791053787995
cicv5g,latency_p95_ms,historical_average,30,speed_mean_kmh,Q4-severe,18,606.8173793756669,5.478728198276981,5.158158995543836,5.798338409652467,8.206179634152242,7.681539336543399,8.783654033860845
cicv5g,latency_p95_ms,historical_average,30,vehicle_count,Q1-mild,19,215.50063736305842,1.931529423052972,1.8765411174700295,1.9855266447458955,3.67901432370015,3.5887032987889436,3.764069777215346
cicv5g,latency_p95_ms,historical_average,30,vehicle_count,Q2-moderate,25,285.9282322818174,2.1819446327064482,2.119086182422846,2.2407292907782113,3.69018256023807,3.606077092318812,3.776897230465968
cicv5g,latency_p95_ms,historical_average,30,vehicle_count,Q3-high,12,512.7287952927383,1.7006608369909941,1.6566178198908896,1.7400884359266926,3.083509261965062,3.0412064870308684,3.1291224743055817
cicv5g,latency_p95_ms,historical_average,30,vehicle_count,Q4-severe,18,606.8173793756669,1.3769604571498932,1.2810349380539197,1.4698209692829454,2.383544831814946,2.2481059421959606,2.5446942139076074
cicv5g,latency_p95_ms,impaired_gru,5,flow_proxy,Q1-mild,19,215.50063736305842,14975.636196224237,14278.864453798022,15662.141378248789,24128.480577757306,23084.83456446553,25063.811514487752
cicv5g,latency_p95_ms,impaired_gru,5,flow_proxy,Q2-moderate,25,285.9282322818174,15640.417540522732,15003.756362211167,16392.46914061323,25844.351029718644,24695.97275680724,26988.848670943175
cicv5g,latency_p95_ms,impaired_gru,5,flow_proxy,Q3-high,12,512.7287952927383,15757.795415121536,14763.533996013306,16830.786160469594,25894.46170189313,24042.178885866888,27633.155241668428
cicv5g,latency_p95_ms,impaired_gru,5,flow_proxy,Q4-severe,18,606.8173793756669,10151.561598282256,9732.24324635378,10552.008457518921,17180.683371647097,16261.647260335976,18139.457190507226
cicv5g,latency_p95_ms,impaired_gru,5,speed_mean_kmh,Q1-mild,19,215.50063736305842,4.093779208172694,3.8465173758273594,4.391304212643883,7.568962933644846,6.789695110736077,8.347019534123108
cicv5g,latency_p95_ms,impaired_gru,5,speed_mean_kmh,Q2-moderate,25,285.9282322818174,4.654350698537788,4.215517354744477,5.103599638104861,8.646813221683905,7.648331295766724,9.664361997873119
cicv5g,latency_p95_ms,impaired_gru,5,speed_mean_kmh,Q3-high,12,512.7287952927383,3.9438187181768494,3.5350464623386064,4.441917969680419,7.031574782794089,6.017986531286939,8.037527634102304
cicv5g,latency_p95_ms,impaired_gru,5,speed_mean_kmh,Q4-severe,18,606.8173793756669,2.8797476297647804,2.760071597596485,3.016033766574258,5.056061502581374,4.767075972565746,5.3712864858917095
cicv5g,latency_p95_ms,impaired_gru,5,vehicle_count,Q1-mild,19,215.50063736305842,1.173483431740207,1.1269912364298371,1.2154575811335189,1.8648894454814207,1.8087830349599583,1.9170300058279668
cicv5g,latency_p95_ms,impaired_gru,5,vehicle_count,Q2-moderate,25,285.9282322818174,1.1495262505699222,1.1113152317824713,1.1878890079885065,2.081722023257785,1.9737666433162513,2.1771184492541034
cicv5g,latency_p95_ms,impaired_gru,5,vehicle_count,Q3-high,12,512.7287952927383,0.9601167253965391,0.8999449973302546,1.0178610807085353,1.5812915323506989,1.4646245279327017,1.6953298984760492
cicv5g,latency_p95_ms,impaired_gru,5,vehicle_count,Q4-severe,18,606.8173793756669,0.7960622076132041,0.7374234019982452,0.8541681399646511,1.303104270931322,1.2155303128846298,1.4009642223195289
cicv5g,latency_p95_ms,impaired_gru,10,flow_proxy,Q1-mild,19,215.50063736305842,19920.84873159578,18873.556832318543,20880.171286877805,31417.55409132465,30199.758366362195,32751.751695630337
cicv5g,latency_p95_ms,impaired_gru,10,flow_proxy,Q2-moderate,25,285.9282322818174,18036.41562160982,17309.823181015094,18816.01489670657,30614.28483920335,29486.09145775435,31760.24218511469
cicv5g,latency_p95_ms,impaired_gru,10,flow_proxy,Q3-high,12,512.7287952927383,16728.85493563577,15555.09526781404,18056.089478780206,26874.03582735983,25412.4662153039,28501.141238556782
cicv5g,latency_p95_ms,impaired_gru,10,flow_proxy,Q4-severe,18,606.8173793756669,13063.863629378817,12005.908055750398,14240.157429381487,21491.844629338724,19551.05998122757,23675.76387081008
cicv5g,latency_p95_ms,impaired_gru,10,speed_mean_kmh,Q1-mild,19,215.50063736305842,4.988956326452173,4.746185535198101,5.2477501177135455,8.359430362191242,7.645691339615772,9.20388489173015
cicv5g,latency_p95_ms,impaired_gru,10,speed_mean_kmh,Q2-moderate,25,285.9282322818174,4.948332003690726,4.412000809268872,5.491485220324159,8.994108548271281,7.9256403927565175,9.98777532684818
cicv5g,latency_p95_ms,impaired_gru,10,speed_mean_kmh,Q3-high,12,512.7287952927383,3.96209135812802,3.5805130412028485,4.481449284209806,6.748022572468688,6.059392924760027,7.668793060611694
cicv5g,latency_p95_ms,impaired_gru,10,speed_mean_kmh,Q4-severe,18,606.8173793756669,3.3853624265048676,3.1651392483489573,3.6215112231940467,5.765969834459785,5.309265202922585,6.34086898859374
cicv5g,latency_p95_ms,impaired_gru,10,vehicle_count,Q1-mild,19,215.50063736305842,1.5369576874260336,1.4958928197336052,1.5777570957058167,2.6246931476530917,2.533484637480884,2.7031203210181327
cicv5g,latency_p95_ms,impaired_gru,10,vehicle_count,Q2-moderate,25,285.9282322818174,1.5155680267363556,1.459157800442187,1.577144123707874,2.6143378666222317,2.506718762695623,2.727571497024294
cicv5g,latency_p95_ms,impaired_gru,10,vehicle_count,Q3-high,12,512.7287952927383,1.0430605801851456,0.9900684305695057,1.0947558430595188,1.6709194541417698,1.6020645462683287,1.7494169306352803
cicv5g,latency_p95_ms,impaired_gru,10,vehicle_count,Q4-severe,18,606.8173793756669,1.0989875138232246,1.0446439902231037,1.1521576821160247,1.828957708843755,1.7271601512550614,1.9424462740868649
cicv5g,latency_p95_ms,impaired_gru,30,flow_proxy,Q1-mild,19,215.50063736305842,14726.77147378934,14054.968498677168,15362.934007866843,24900.328366251484,23595.03573372649,26362.974430481117
cicv5g,latency_p95_ms,impaired_gru,30,flow_proxy,Q2-moderate,25,285.9282322818174,15887.316136644444,15342.025373340091,16514.77442227008,27184.92492589077,26001.006488232797,28336.851853164306
cicv5g,latency_p95_ms,impaired_gru,30,flow_proxy,Q3-high,12,512.7287952927383,13163.672738343097,12566.41202198561,13742.994199178376,22154.690364831404,20754.40511494769,23571.047089951353
cicv5g,latency_p95_ms,impaired_gru,30,flow_proxy,Q4-severe,18,606.8173793756669,15168.026726065536,14417.384339612854,15977.709870846078,25723.69551802202,24346.486069403425,26994.635186962667
cicv5g,latency_p95_ms,impaired_gru,30,speed_mean_kmh,Q1-mild,19,215.50063736305842,4.166428029086745,3.970448491378616,4.388457196685317,6.575395425552219,6.193132977473891,6.983410152921351
cicv5g,latency_p95_ms,impaired_gru,30,speed_mean_kmh,Q2-moderate,25,285.9282322818174,4.83776320898656,4.534577930735886,5.15710459753219,8.7764205022704,7.999925668670141,9.570297561253613
cicv5g,latency_p95_ms,impaired_gru,30,speed_mean_kmh,Q3-high,12,512.7287952927383,4.819943292022923,4.506379391591649,5.15617208584633,8.812646494525378,8.07774497952487,9.726483630580669
cicv5g,latency_p95_ms,impaired_gru,30,speed_mean_kmh,Q4-severe,18,606.8173793756669,4.614290677836445,4.22589413779991,5.027943787661366,7.603682786441046,6.928905919832585,8.396782288742717
cicv5g,latency_p95_ms,impaired_gru,30,vehicle_count,Q1-mild,19,215.50063736305842,1.765495270071992,1.7103951383797857,1.8246104703064545,3.0441043175855977,2.954471101821863,3.1441447452723743
cicv5g,latency_p95_ms,impaired_gru,30,vehicle_count,Q2-moderate,25,285.9282322818174,1.952835925383289,1.8446351712193405,2.0572389112472536,3.1790176119772955,3.052699016587904,3.3093913541733686
cicv5g,latency_p95_ms,impaired_gru,30,vehicle_count,Q3-high,12,512.7287952927383,1.1356120698185064,1.0328696450184844,1.2392903239198179,2.0683229591556205,1.9151266474313022,2.2199587342092038
cicv5g,latency_p95_ms,impaired_gru,30,vehicle_count,Q4-severe,18,606.8173793756669,1.1886462329043523,1.1216656677217203,1.253834786065882,2.008748682925548,1.876875096388057,2.139560467051559
cicv5g,latency_p95_ms,persistence,5,flow_proxy,Q1-mild,19,215.50063736305842,15676.616237423756,14885.531751000715,16435.870091792443,26433.912678186156,25282.978100622044,27623.294068916064
cicv5g,latency_p95_ms,persistence,5,flow_proxy,Q2-moderate,25,285.9282322818174,17638.020317322935,16766.207492476788,18602.63982055381,30288.650987960715,28939.6806302982,31729.514156009234
cicv5g,latency_p95_ms,persistence,5,flow_proxy,Q3-high,12,512.7287952927383,16900.963668969347,15536.755332266124,18466.475133601016,31553.104215451236,28862.87984535574,34505.26726165159
cicv5g,latency_p95_ms,persistence,5,flow_proxy,Q4-severe,18,606.8173793756669,13743.569611005683,13131.406666196797,14352.03928515842,24582.861536838347,23771.184365119883,25462.689941717694
cicv5g,latency_p95_ms,persistence,5,speed_mean_kmh,Q1-mild,19,215.50063736305842,4.234218909753405,3.8884307926687263,4.553729547707176,9.353952363878333,8.41593076196558,10.166785055867946
cicv5g,latency_p95_ms,persistence,5,speed_mean_kmh,Q2-moderate,25,285.9282322818174,5.495772265151461,4.982093715830807,6.023666715918526,11.317201319690053,10.428383823008339,12.240272381766568
cicv5g,latency_p95_ms,persistence,5,speed_mean_kmh,Q3-high,12,512.7287952927383,4.304315116561727,3.522620938669593,5.173952837441708,8.874736106613986,7.326329014560292,10.309865127946487
cicv5g,latency_p95_ms,persistence,5,speed_mean_kmh,Q4-severe,18,606.8173793756669,3.62668619618692,3.3163726497635344,3.9199310855199725,7.307942120413736,6.7333983957346195,7.793700278483429
cicv5g,latency_p95_ms,persistence,5,vehicle_count,Q1-mild,19,215.50063736305842,1.1622088506597705,1.1035375834971726,1.2165660547443735,1.948825333823883,1.868274327805172,2.02517458641363
cicv5g,latency_p95_ms,persistence,5,vehicle_count,Q2-moderate,25,285.9282322818174,1.1186885690865527,1.06754102679855,1.1711475867397354,1.931943785079349,1.8558641965783407,2.012948335316161
cicv5g,latency_p95_ms,persistence,5,vehicle_count,Q3-high,12,512.7287952927383,1.015027351298026,0.9494194236170856,1.075136650178142,1.9184636223069653,1.777819471169859,2.0520089920323668
cicv5g,latency_p95_ms,persistence,5,vehicle_count,Q4-severe,18,606.8173793756669,0.8888889074933206,0.8105646800730626,0.9772768890822694,1.5994529489440583,1.4810385251576825,1.7285698674290175
cicv5g,latency_p95_ms,persistence,10,flow_proxy,Q1-mild,19,215.50063736305842,21069.35965136427,19994.031895262473,22210.51199456352,35581.16700713028,34438.45163869412,36846.23872966736
cicv5g,latency_p95_ms,persistence,10,flow_proxy,Q2-moderate,25,285.9282322818174,22700.339566469913,21839.130455048045,23668.44213979121,40029.66125065613,38324.93513706742,41669.740774614176
cicv5g,latency_p95_ms,persistence,10,flow_proxy,Q3-high,12,512.7287952927383,20793.059531873547,19378.74708969273,22191.641610736773,37692.58421643314,35022.27902133334,40129.79370302865
cicv5g,latency_p95_ms,persistence,10,flow_proxy,Q4-severe,18,606.8173793756669,17623.902952400593,16421.279227510076,18901.46839576618,31962.94492280537,29929.643817451783,33923.41307392394
cicv5g,latency_p95_ms,persistence,10,speed_mean_kmh,Q1-mild,19,215.50063736305842,5.099902469545169,4.750707295945955,5.4073627633411645,9.569733094905041,8.770124545138705,10.290046776309858
cicv5g,latency_p95_ms,persistence,10,speed_mean_kmh,Q2-moderate,25,285.9282322818174,6.102264736355324,5.497394679287515,6.685573338801134,11.471357476365531,10.516023494227891,12.331802231172823
cicv5g,latency_p95_ms,persistence,10,speed_mean_kmh,Q3-high,12,512.7287952927383,5.3518124626659045,4.918382882449946,5.812202375105736,9.906533139969813,9.145194903516982,10.687638156520407
cicv5g,latency_p95_ms,persistence,10,speed_mean_kmh,Q4-severe,18,606.8173793756669,4.323304013236689,3.969530067837986,4.705191797609109,7.890883585675024,7.397996887700609,8.438436024455862
cicv5g,latency_p95_ms,persistence,10,vehicle_count,Q1-mild,19,215.50063736305842,1.6773080906397428,1.6169111935825917,1.7351165429367474,2.896451427452604,2.8028537571778074,2.985445315583058
cicv5g,latency_p95_ms,persistence,10,vehicle_count,Q2-moderate,25,285.9282322818174,1.6255738291566229,1.5475246519120793,1.6990328556025307,2.872241363839864,2.7530723207521475,3.0005065184505715
cicv5g,latency_p95_ms,persistence,10,vehicle_count,Q3-high,12,512.7287952927383,1.2076503090345356,1.1475410188793431,1.2691257145177044,2.2199344550701188,2.09786808434045,2.3526586277219295
cicv5g,latency_p95_ms,persistence,10,vehicle_count,Q4-severe,18,606.8173793756669,1.305100215233117,1.2385929264529048,1.3770719874585235,2.4058664287704,2.2664950463847475,2.546258026941922
cicv5g,latency_p95_ms,persistence,30,flow_proxy,Q1-mild,19,215.50063736305842,32530.6631620049,31233.119796158622,33601.75295563275,53110.924544657755,51014.17658375228,54748.90773218639
cicv5g,latency_p95_ms,persistence,30,flow_proxy,Q2-moderate,25,285.9282322818174,26778.429584954803,25627.927886301426,27972.76009910232,45692.826056127895,43749.64059169326,47845.56031797431
cicv5g,latency_p95_ms,persistence,30,flow_proxy,Q3-high,12,512.7287952927383,32377.542389936425,31071.739623791753,33645.70819990946,53281.54771020825,51910.271051334035,54651.84346664012
cicv5g,latency_p95_ms,persistence,30,flow_proxy,Q4-severe,18,606.8173793756669,26701.381009980872,25348.550877234793,28165.791022076537,46922.45909915856,44208.15055892382,49945.70852644269
cicv5g,latency_p95_ms,persistence,30,speed_mean_kmh,Q1-mild,19,215.50063736305842,7.755692463570392,7.33750980636967,8.15827241774826,12.904232199281708,12.126314631056884,13.772808127809226
cicv5g,latency_p95_ms,persistence,30,speed_mean_kmh,Q2-moderate,25,285.9282322818174,7.193892931384993,6.7809673920006635,7.592074439276712,12.306464895240381,11.63036685336635,13.037634302849257
cicv5g,latency_p95_ms,persistence,30,speed_mean_kmh,Q3-high,12,512.7287952927383,7.788358564975055,7.180064981106418,8.462667097417361,13.687601319238993,12.623901270675375,14.958845391615334
cicv5g,latency_p95_ms,persistence,30,speed_mean_kmh,Q4-severe,18,606.8173793756669,6.485729672979322,6.1486822084438195,6.868993111209023,10.883990865190045,10.314122415898215,11.557720995376291
cicv5g,latency_p95_ms,persistence,30,vehicle_count,Q1-mild,19,215.50063736305842,2.414150262228427,2.3485764930341104,2.472843106160839,4.212422969587182,4.146007563803461,4.298289555802035
cicv5g,latency_p95_ms,persistence,30,vehicle_count,Q2-moderate,25,285.9282322818174,2.5744263291589844,2.5049017304793515,2.6373771537149047,5.089931615002916,4.821918305589083,5.352735891604949
cicv5g,latency_p95_ms,persistence,30,vehicle_count,Q3-high,12,512.7287952927383,2.1161202673367625,2.072370258463755,2.1557377588049764,3.680449877496173,3.620470480032254,3.7504446219722967
cicv5g,latency_p95_ms,persistence,30,vehicle_count,Q4-severe,18,606.8173793756669,2.1994536263147015,2.0919854939737696,2.3142305082553825,4.024856013848865,3.8736906925966834,4.1777554749348305
cicv5g,aoi_mean_s,ca_dtnet,5,flow_proxy,Q1-mild,19,0.1629899109909083,13021.156498031565,12167.894959656036,13798.650628113073,21275.24422674045,19944.725049931792,22575.506831249513
cicv5g,aoi_mean_s,ca_dtnet,5,flow_proxy,Q2-moderate,18,0.18895838427559966,14789.066554932102,13799.077149616234,15934.731134995876,26201.387102771678,23692.23422740005,28442.464620666535
cicv5g,aoi_mean_s,ca_dtnet,5,flow_proxy,Q3-high,19,0.2381762901091144,14269.807336337626,13277.13112420259,15149.791078161183,25338.00153877422,23675.041347354385,26813.78519208458
cicv5g,aoi_mean_s,ca_dtnet,5,flow_proxy,Q4-severe,18,0.28696854042289677,10360.746784320228,9648.641560908698,11025.1338111299,18579.5093371577,17381.436499458927,19763.203382274423
cicv5g,aoi_mean_s,ca_dtnet,5,speed_mean_kmh,Q1-mild,19,0.1629899109909083,3.607514404245196,3.2954771991685092,3.9714042710994053,7.602932560473818,6.639253218400859,8.533602339713767
cicv5g,aoi_mean_s,ca_dtnet,5,speed_mean_kmh,Q2-moderate,18,0.18895838427559966,4.516134296801653,3.9190254292973052,5.204627013933088,8.77046960831502,7.262770919044674,10.194549811084277
cicv5g,aoi_mean_s,ca_dtnet,5,speed_mean_kmh,Q3-high,19,0.2381762901091144,3.945838957631851,3.5595015692934737,4.367155408415035,7.511356817544768,6.740493370383803,8.271783864226178
cicv5g,aoi_mean_s,ca_dtnet,5,speed_mean_kmh,Q4-severe,18,0.28696854042289677,2.9469533635852936,2.783541556616812,3.1119279943421754,5.4860577938223045,5.140098747846213,5.877135069996679
cicv5g,aoi_mean_s,ca_dtnet,5,vehicle_count,Q1-mild,19,0.1629899109909083,1.0339920138461944,0.9932901975457255,1.0712504520477193,1.6383198323710848,1.577772016916259,1.691142444276744
cicv5g,aoi_mean_s,ca_dtnet,5,vehicle_count,Q2-moderate,18,0.18895838427559966,1.1086861379099613,1.0527496621594155,1.1674445472449448,2.047677983292372,1.878455429726812,2.199250991910158
cicv5g,aoi_mean_s,ca_dtnet,5,vehicle_count,Q3-high,19,0.2381762901091144,0.9683210952277246,0.9052752523578997,1.0393124561999045,1.7418690693628853,1.6085144484202505,1.8886297989235012
cicv5g,aoi_mean_s,ca_dtnet,5,vehicle_count,Q4-severe,18,0.28696854042289677,0.7573988331536279,0.685710600957984,0.8330196463824462,1.313876932031736,1.209371137534238,1.429053115808389
cicv5g,aoi_mean_s,ca_dtnet,10,flow_proxy,Q1-mild,19,0.1629899109909083,16438.278830532374,15269.391355948766,17517.871010966082,27787.97820687893,26059.4766365321,29599.702207248563
cicv5g,aoi_mean_s,ca_dtnet,10,flow_proxy,Q2-moderate,18,0.18895838427559966,17240.44898135148,15826.654297717807,18642.93183258324,30507.080335855768,27455.599072588077,33341.57750379635
cicv5g,aoi_mean_s,ca_dtnet,10,flow_proxy,Q3-high,19,0.2381762901091144,16218.66137048197,14744.341869824977,17738.11214723524,29055.71765878976,26111.48495359171,32041.316939574503
cicv5g,aoi_mean_s,ca_dtnet,10,flow_proxy,Q4-severe,18,0.28696854042289677,13461.36420348317,12580.680076595447,14391.551923745648,23546.122250554687,21898.347464370272,25315.53879319749
cicv5g,aoi_mean_s,ca_dtnet,10,speed_mean_kmh,Q1-mild,19,0.1629899109909083,4.304547688555816,3.9780281358281195,4.66661534932638,8.275469609783284,7.501822854642187,9.211573548445449
cicv5g,aoi_mean_s,ca_dtnet,10,speed_mean_kmh,Q2-moderate,18,0.18895838427559966,4.442616634020693,3.9549134772527093,5.037847891876558,8.334092706218131,7.174373661806358,9.63861557030723
cicv5g,aoi_mean_s,ca_dtnet,10,speed_mean_kmh,Q3-high,19,0.2381762901091144,4.435928875533188,3.7628903585423443,5.173570483809286,7.961758536814014,6.757809402335947,9.240769653151899
cicv5g,aoi_mean_s,ca_dtnet,10,speed_mean_kmh,Q4-severe,18,0.28696854042289677,3.5382123419998304,3.361705505313089,3.7283426071983294,6.346228943371437,5.927127631382693,6.907462573652167
cicv5g,aoi_mean_s,ca_dtnet,10,vehicle_count,Q1-mild,19,0.1629899109909083,1.371064820582939,1.3290428209394423,1.4186450300794582,2.236945051610027,2.1509640851135496,2.3316189523283635
cicv5g,aoi_mean_s,ca_dtnet,10,vehicle_count,Q2-moderate,18,0.18895838427559966,1.4934155692691904,1.4366941431155684,1.5518191339443344,2.626363187012097,2.464167457685871,2.774941375896899
cicv5g,aoi_mean_s,ca_dtnet,10,vehicle_count,Q3-high,19,0.2381762901091144,1.1487859222837054,1.004177778080738,1.305619043703614,2.0832924277365397,1.7877209950495974,2.391597792779505
cicv5g,aoi_mean_s,ca_dtnet,10,vehicle_count,Q4-severe,18,0.28696854042289677,1.0738369171852737,1.010097012074626,1.1338761649549154,1.8470978463314158,1.7347354822227254,1.9639525068664347
cicv5g,aoi_mean_s,ca_dtnet,30,flow_proxy,Q1-mild,19,0.1629899109909083,14825.536062410003,14423.026138551399,15207.201386608356,26922.838705030998,25781.482338523067,28014.33271822681
cicv5g,aoi_mean_s,ca_dtnet,30,flow_proxy,Q2-moderate,18,0.18895838427559966,14222.489790244214,13716.722950894204,14775.648813261978,23538.32233019522,22439.983388907895,24665.502848644996
cicv5g,aoi_mean_s,ca_dtnet,30,flow_proxy,Q3-high,19,0.2381762901091144,16203.51105907118,15541.97868568711,16907.988814277698,27950.741771956684,26730.332836790625,29000.464716798248
cicv5g,aoi_mean_s,ca_dtnet,30,flow_proxy,Q4-severe,18,0.28696854042289677,13867.483742588922,13160.947291168566,14585.487136455593,24591.457501837038,23402.448653148615,25845.306569130313
cicv5g,aoi_mean_s,ca_dtnet,30,speed_mean_kmh,Q1-mild,19,0.1629899109909083,3.6517836831555086,3.414843527870012,3.9205281902754794,6.605105379299613,6.148204194746925,7.128115136205101
cicv5g,aoi_mean_s,ca_dtnet,30,speed_mean_kmh,Q2-moderate,18,0.18895838427559966,4.39159240439266,4.035139086659653,4.81670967642028,8.420373774486917,7.484809204547181,9.380686107637423
cicv5g,aoi_mean_s,ca_dtnet,30,speed_mean_kmh,Q3-high,19,0.2381762901091144,4.806229708204122,4.534456721107228,5.082247034131345,9.142687665780464,8.323519707429696,10.00552772065122
cicv5g,aoi_mean_s,ca_dtnet,30,speed_mean_kmh,Q4-severe,18,0.28696854042289677,4.054581132889005,3.612547477749686,4.499898060355053,7.379045065084187,6.6084032252599,8.281050558534927
cicv5g,aoi_mean_s,ca_dtnet,30,vehicle_count,Q1-mild,19,0.1629899109909083,1.9167902655808295,1.8840634260008855,1.952211573727741,3.404173480314529,3.3359533467136058,3.4777132941486704
cicv5g,aoi_mean_s,ca_dtnet,30,vehicle_count,Q2-moderate,18,0.18895838427559966,1.9599797761612057,1.9198373023563136,1.9993589173614164,3.4599490578050265,3.4034307352048034,3.509958648515922
cicv5g,aoi_mean_s,ca_dtnet,30,vehicle_count,Q3-high,19,0.2381762901091144,1.4246623216960135,1.302746062083,1.558324801757939,2.4189797314752686,2.198885424587076,2.643338970172727
cicv5g,aoi_mean_s,ca_dtnet,30,vehicle_count,Q4-severe,18,0.28696854042289677,1.0330398200175293,0.9621179698980312,1.1145638000854052,1.8254548026111515,1.6886407188387476,1.9818866963437365
cicv5g,aoi_mean_s,graph_gru,5,flow_proxy,Q1-mild,19,0.1629899109909083,15000.038725946637,14213.893947833776,15718.458476941498,24006.56432850823,22956.90617676205,25009.35046720346
cicv5g,aoi_mean_s,graph_gru,5,flow_proxy,Q2-moderate,18,0.18895838427559966,15280.93168330899,14541.562083378667,16182.214763207518,24494.600092873443,23303.31945430511,25732.708251889362
cicv5g,aoi_mean_s,graph_gru,5,flow_proxy,Q3-high,19,0.2381762901091144,14392.19669840702,13703.574890817517,15094.340968583443,24524.934443836362,23199.336583837452,25820.70409434643
cicv5g,aoi_mean_s,graph_gru,5,flow_proxy,Q4-severe,18,0.28696854042289677,9275.639442829848,8803.744704104582,9722.061952456439,15851.160052577827,15013.097193601201,16670.3123382311
cicv5g,aoi_mean_s,graph_gru,5,speed_mean_kmh,Q1-mild,19,0.1629899109909083,4.044272140628883,3.8312784947920484,4.311318596471951,7.268203827964277,6.581748711223039,7.988541235088692
cicv5g,aoi_mean_s,graph_gru,5,speed_mean_kmh,Q2-moderate,18,0.18895838427559966,4.666618653580207,4.140860578752304,5.317788814976614,8.557095021480324,7.185401563951809,9.818554033591395
cicv5g,aoi_mean_s,graph_gru,5,speed_mean_kmh,Q3-high,19,0.2381762901091144,4.167647911405651,3.830431182959612,4.509275722277235,7.3224043104656245,6.650112157186728,7.996662176104683
cicv5g,aoi_mean_s,graph_gru,5,speed_mean_kmh,Q4-severe,18,0.28696854042289677,2.917685519653359,2.8375094152475446,3.0033011138449432,4.958493410598186,4.713251125245689,5.209550272775213
cicv5g,aoi_mean_s,graph_gru,5,vehicle_count,Q1-mild,19,0.1629899109909083,1.1215291079908714,1.0613670577445695,1.1787464067004798,1.7800390420406198,1.7089547178727664,1.8464334089135563
cicv5g,aoi_mean_s,graph_gru,5,vehicle_count,Q2-moderate,18,0.18895838427559966,1.0982743733453775,1.05692534312977,1.1400517080141723,1.8288912883726178,1.7410039252254943,1.9127440479217765
cicv5g,aoi_mean_s,graph_gru,5,vehicle_count,Q3-high,19,0.2381762901091144,1.032149486925426,0.9702833058760457,1.0855567168476163,1.7996049710240911,1.6654534884414314,1.9209065991777772
cicv5g,aoi_mean_s,graph_gru,5,vehicle_count,Q4-severe,18,0.28696854042289677,0.8186277272284033,0.7753761056606299,0.8618648161959771,1.3143272793184813,1.2451450892098292,1.3894069953984853
cicv5g,aoi_mean_s,graph_gru,10,flow_proxy,Q1-mild,19,0.1629899109909083,20092.88543940647,19120.02204021619,21098.935275594456,32213.994932413065,31194.69335058956,33314.25197404402
cicv5g,aoi_mean_s,graph_gru,10,flow_proxy,Q2-moderate,18,0.18895838427559966,18223.7203434652,17467.02892624764,18908.26463255139,29287.65858933169,27660.61308187379,30880.7737310338
cicv5g,aoi_mean_s,graph_gru,10,flow_proxy,Q3-high,19,0.2381762901091144,18261.215009704734,17331.365445015905,19169.23502004074,29765.733153202094,28373.060584337774,31326.75811534982
cicv5g,aoi_mean_s,graph_gru,10,flow_proxy,Q4-severe,18,0.28696854042289677,12750.681321846749,11857.939226171908,13650.427044604176,21648.112781866188,20129.947334052034,23261.84295047493
cicv5g,aoi_mean_s,graph_gru,10,speed_mean_kmh,Q1-mild,19,0.1629899109909083,4.871134590626486,4.65437213872829,5.113224978321444,7.993316593833058,7.364540900366688,8.732168854560928
cicv5g,aoi_mean_s,graph_gru,10,speed_mean_kmh,Q2-moderate,18,0.18895838427559966,4.5156761692664436,4.102914214972316,5.038427689398074,7.834752200460335,6.725094443117719,9.118692053589545
cicv5g,aoi_mean_s,graph_gru,10,speed_mean_kmh,Q3-high,19,0.2381762901091144,4.9172955202153,4.345327107546055,5.500625944458831,8.127004845214715,7.116817598629878,9.194976905627325
cicv5g,aoi_mean_s,graph_gru,10,speed_mean_kmh,Q4-severe,18,0.28696854042289677,3.544636741906668,3.3379234795769994,3.761649235560512,5.825237455913987,5.405354817363268,6.369716704165574
cicv5g,aoi_mean_s,graph_gru,10,vehicle_count,Q1-mild,19,0.1629899109909083,1.5379417473858414,1.4920337503416603,1.5839768774973142,2.5765291019799132,2.5004446680838366,2.653369308434083
cicv5g,aoi_mean_s,graph_gru,10,vehicle_count,Q2-moderate,18,0.18895838427559966,1.4431563405173313,1.3817525153954882,1.5063664716433514,2.3464256773779173,2.259783765574033,2.426990328382891
cicv5g,aoi_mean_s,graph_gru,10,vehicle_count,Q3-high,19,0.2381762901091144,1.273019973013296,1.1647113702178522,1.3844628731278699,2.1524541439839493,1.9288913261849328,2.3811236209500004
cicv5g,aoi_mean_s,graph_gru,10,vehicle_count,Q4-severe,18,0.28696854042289677,1.1439933848119332,1.1027742195743826,1.1870452522725514,1.8906886965184202,1.8049890041140528,1.9842756687545338
cicv5g,aoi_mean_s,graph_gru,30,flow_proxy,Q1-mild,19,0.1629899109909083,15843.004588567803,15375.688267447806,16373.228528052257,24942.746123411307,23967.288045378493,26135.352076539315
cicv5g,aoi_mean_s,graph_gru,30,flow_proxy,Q2-moderate,18,0.18895838427559966,17405.041535393433,16670.450726439,18128.82508849052,28626.497864513585,27279.57179330391,29988.707662174307
cicv5g,aoi_mean_s,graph_gru,30,flow_proxy,Q3-high,19,0.2381762901091144,15338.181143617809,14593.924868928494,16023.07000819965,24792.79662398921,23331.131067285834,26164.30006479017
cicv5g,aoi_mean_s,graph_gru,30,flow_proxy,Q4-severe,18,0.28696854042289677,15124.70784915353,14408.370022445908,15857.684554508582,24693.401567321158,23518.68876725011,25768.236198911076
cicv5g,aoi_mean_s,graph_gru,30,speed_mean_kmh,Q1-mild,19,0.1629899109909083,4.131304464041494,3.9323478946090256,4.354042849033607,6.370213231928595,6.0322349424530906,6.767840816483736
cicv5g,aoi_mean_s,graph_gru,30,speed_mean_kmh,Q2-moderate,18,0.18895838427559966,4.683134475864076,4.295685955785189,5.09840462241336,8.02829419757907,7.025255142650875,9.07820346044758
cicv5g,aoi_mean_s,graph_gru,30,speed_mean_kmh,Q3-high,19,0.2381762901091144,4.852953227179999,4.598268478808051,5.120378849819438,8.430561775330641,7.741388609107869,9.189866253371205
cicv5g,aoi_mean_s,graph_gru,30,speed_mean_kmh,Q4-severe,18,0.28696854042289677,4.4837645223193,4.101626722998067,4.892791813701801,7.0263734965773645,6.3616469918567375,7.834735014002917
cicv5g,aoi_mean_s,graph_gru,30,vehicle_count,Q1-mild,19,0.1629899109909083,1.797326300138525,1.7493247514036094,1.851401646899191,3.022025435267688,2.948317370219379,3.105216372184259
cicv5g,aoi_mean_s,graph_gru,30,vehicle_count,Q2-moderate,18,0.18895838427559966,1.9791041069199042,1.8835458829123004,2.0611337633551368,3.3096438795376963,3.157848782227269,3.458051240463222
cicv5g,aoi_mean_s,graph_gru,30,vehicle_count,Q3-high,19,0.2381762901091144,1.35278364777941,1.3026611218104047,1.4005616952535953,2.2799238333783562,2.1677893443801075,2.3910703563208253
cicv5g,aoi_mean_s,graph_gru,30,vehicle_count,Q4-severe,18,0.28696854042289677,1.244941356437102,1.1828081978005889,1.3076451164855172,2.0266302912616094,1.9079385032019058,2.15627209063169
cicv5g,aoi_mean_s,historical_average,5,flow_proxy,Q1-mild,19,0.1629899109909083,18894.9948628247,18155.427423614692,19641.66946194075,30905.798087374522,29927.360529461985,31819.248550621855
cicv5g,aoi_mean_s,historical_average,5,flow_proxy,Q2-moderate,18,0.18895838427559966,20192.0053082761,19257.425171491537,21152.003077551984,33897.551157614515,32441.953683292915,35211.44173573854
cicv5g,aoi_mean_s,historical_average,5,flow_proxy,Q3-high,19,0.2381762901091144,18687.708808860145,17605.198118705783,19728.132155381776,30815.805485081037,29332.03066035102,32245.24693145474
cicv5g,aoi_mean_s,historical_average,5,flow_proxy,Q4-severe,18,0.28696854042289677,17302.68644319418,16762.324975747237,17796.981798792476,27513.03121794106,26665.20958950647,28393.683511441952
cicv5g,aoi_mean_s,historical_average,5,speed_mean_kmh,Q1-mild,19,0.1629899109909083,5.8677114314796235,5.552040056827947,6.214345813341878,9.410932799123048,8.670873807300609,10.157542850686545
cicv5g,aoi_mean_s,historical_average,5,speed_mean_kmh,Q2-moderate,18,0.18895838427559966,5.68871529836414,5.149478930513916,6.303559666802181,9.382956267582225,8.130114585122598,10.602285316183321
cicv5g,aoi_mean_s,historical_average,5,speed_mean_kmh,Q3-high,19,0.2381762901091144,5.555499067335535,5.4071786797558605,5.734055022668705,8.588815888369115,8.283840691777375,8.8954424157659
cicv5g,aoi_mean_s,historical_average,5,speed_mean_kmh,Q4-severe,18,0.28696854042289677,5.248318971931913,5.133905355209109,5.364929865742803,7.689402925730871,7.446075919284411,7.92851494973142
cicv5g,aoi_mean_s,historical_average,5,vehicle_count,Q1-mild,19,0.1629899109909083,2.185443615274706,2.1339492176261423,2.233988019642854,3.670472515458616,3.5831821315017494,3.762379677831613
cicv5g,aoi_mean_s,historical_average,5,vehicle_count,Q2-moderate,18,0.18895838427559966,2.2559457124489373,2.200287622666916,2.3075322342088933,4.241046820246276,4.046415322930693,4.4246024847393866
cicv5g,aoi_mean_s,historical_average,5,vehicle_count,Q3-high,19,0.2381762901091144,1.6455442245813445,1.463824477194485,1.8440319537796674,3.117751608523572,2.6420338137797956,3.607106174959722
cicv5g,aoi_mean_s,historical_average,5,vehicle_count,Q4-severe,18,0.28696854042289677,1.4019230050319276,1.3396987961199542,1.4663082809050438,2.5013849654412317,2.3358860350788855,2.6735180146851127
cicv5g,aoi_mean_s,historical_average,10,flow_proxy,Q1-mild,19,0.1629899109909083,19140.700091913048,18337.264866040554,19903.329336449344,31120.789940236038,30124.23961666221,32099.203721504782
cicv5g,aoi_mean_s,historical_average,10,flow_proxy,Q2-moderate,18,0.18895838427559966,20296.778974703848,19609.918270848233,21039.555221342525,33813.91733833498,32606.73930516025,35029.30652095353
cicv5g,aoi_mean_s,historical_average,10,flow_proxy,Q3-high,19,0.2381762901091144,19155.964586836762,18284.778264127195,20134.969404891708,31902.69830448556,30766.805640201073,33089.004432694965
cicv5g,aoi_mean_s,historical_average,10,flow_proxy,Q4-severe,18,0.28696854042289677,17946.267960520967,17225.739282615792,18644.640110689706,28289.7757959898,27079.389861626583,29647.894384471852
cicv5g,aoi_mean_s,historical_average,10,speed_mean_kmh,Q1-mild,19,0.1629899109909083,5.952751748782563,5.663531276752583,6.253028042600265,9.321215938246706,8.6810853283938,10.10506340261027
cicv5g,aoi_mean_s,historical_average,10,speed_mean_kmh,Q2-moderate,18,0.18895838427559966,5.314193977880161,4.879451328079912,5.838879069287453,8.797877455722775,7.814488399591399,9.953417617622296
cicv5g,aoi_mean_s,historical_average,10,speed_mean_kmh,Q3-high,19,0.2381762901091144,5.724754764245128,5.336218389933031,6.1749551233526665,8.702413550351634,7.986264502152316,9.607151502549979
cicv5g,aoi_mean_s,historical_average,10,speed_mean_kmh,Q4-severe,18,0.28696854042289677,5.2610644208754955,5.147446043917993,5.369199008353003,8.021243720227622,7.705325773478902,8.3643965918215
cicv5g,aoi_mean_s,historical_average,10,vehicle_count,Q1-mild,19,0.1629899109909083,2.2416120737435037,2.193810131044116,2.2849849492293632,3.784213786399341,3.7093255066469175,3.85551414955866
cicv5g,aoi_mean_s,historical_average,10,vehicle_count,Q2-moderate,18,0.18895838427559966,2.1508911733421403,2.1039496080957836,2.1983510787900316,3.8641333671548628,3.685001477497647,4.045031324023711
cicv5g,aoi_mean_s,historical_average,10,vehicle_count,Q3-high,19,0.2381762901091144,1.6620683118187212,1.4094475084065798,1.9326967078961823,3.116658463422103,2.570485496304466,3.663042866910247
cicv5g,aoi_mean_s,historical_average,10,vehicle_count,Q4-severe,18,0.28696854042289677,1.3683858679146712,1.3235422583388032,1.4116993656786074,2.3441549457217734,2.2602942849056893,2.426151220223066
cicv5g,aoi_mean_s,historical_average,30,flow_proxy,Q1-mild,19,0.1629899109909083,18083.658396055525,17560.684521811465,18622.865191516466,29803.751895012923,28846.610241620383,30861.741477385505
cicv5g,aoi_mean_s,historical_average,30,flow_proxy,Q2-moderate,18,0.18895838427559966,18876.755207309718,18113.469047021743,19644.337221611153,31024.35966245561,29929.65158084492,32054.559667830785
cicv5g,aoi_mean_s,historical_average,30,flow_proxy,Q3-high,19,0.2381762901091144,21073.33923914212,20328.337753363827,21763.16378441543,33665.75698211762,32626.06598422614,34689.41357533283
cicv5g,aoi_mean_s,historical_average,30,flow_proxy,Q4-severe,18,0.28696854042289677,19361.430723180572,18576.162257453805,20108.328150454454,31691.934634274032,30602.160690146564,32826.43316233522
cicv5g,aoi_mean_s,historical_average,30,speed_mean_kmh,Q1-mild,19,0.1629899109909083,5.476322678003817,5.22779561548365,5.7688419209564925,8.069664788419386,7.684248507814656,8.50158472468332
cicv5g,aoi_mean_s,historical_average,30,speed_mean_kmh,Q2-moderate,18,0.18895838427559966,5.847567027961683,5.6197559326606745,6.15200434845769,9.05479569750437,8.405917286935514,9.820294046554395
cicv5g,aoi_mean_s,historical_average,30,speed_mean_kmh,Q3-high,19,0.2381762901091144,5.837221831816523,5.521124425096877,6.158367264220073,9.331846722398986,8.591392558793968,10.176012796428573
cicv5g,aoi_mean_s,historical_average,30,speed_mean_kmh,Q4-severe,18,0.28696854042289677,5.478728198276981,5.158158995543836,5.798338409652467,8.206179634152242,7.681539336543399,8.783654033860845
cicv5g,aoi_mean_s,historical_average,30,vehicle_count,Q1-mild,19,0.1629899109909083,1.931529423052972,1.8765411174700295,1.9855266447458955,3.67901432370015,3.5887032987889436,3.764069777215346
cicv5g,aoi_mean_s,historical_average,30,vehicle_count,Q2-moderate,18,0.18895838427559966,2.2190039802796635,2.152909158858985,2.276091911364246,3.7862705908359473,3.7019428463581026,3.8609044579321146
cicv5g,aoi_mean_s,historical_average,30,vehicle_count,Q3-high,19,0.2381762901091144,1.8428670640273257,1.7527286110983433,1.9392574832219043,3.215989711288707,3.133334042496042,3.306191667961041
cicv5g,aoi_mean_s,historical_average,30,vehicle_count,Q4-severe,18,0.28696854042289677,1.3769604571498932,1.2810349380539197,1.4698209692829454,2.383544831814946,2.2481059421959606,2.5446942139076074
cicv5g,aoi_mean_s,impaired_gru,5,flow_proxy,Q1-mild,19,0.1629899109909083,14975.636196224237,14278.864453798022,15662.141378248789,24128.480577757306,23084.83456446553,25063.811514487752
cicv5g,aoi_mean_s,impaired_gru,5,flow_proxy,Q2-moderate,18,0.18895838427559966,15826.275553968913,15087.86318894395,16772.69625974438,26189.861879673866,24737.456847662055,27651.584771792892
cicv5g,aoi_mean_s,impaired_gru,5,flow_proxy,Q3-high,19,0.2381762901091144,15538.474922267702,14779.80979773377,16284.944649617082,25548.673806923896,24259.560432049657,26808.499542161015
cicv5g,aoi_mean_s,impaired_gru,5,flow_proxy,Q4-severe,18,0.28696854042289677,10151.561598282256,9732.24324635378,10552.008457518921,17180.683371647097,16261.647260335976,18139.457190507226
cicv5g,aoi_mean_s,impaired_gru,5,speed_mean_kmh,Q1-mild,19,0.1629899109909083,4.093779208172694,3.8465173758273594,4.391304212643883,7.568962933644846,6.789695110736077,8.347019534123108
cicv5g,aoi_mean_s,impaired_gru,5,speed_mean_kmh,Q2-moderate,18,0.18895838427559966,4.67537736467283,4.111989027064052,5.332655287196213,8.795106176180887,7.3656348549967685,10.12508779635963
cicv5g,aoi_mean_s,impaired_gru,5,speed_mean_kmh,Q3-high,19,0.2381762901091144,4.185673658813472,3.8421213646902443,4.5647916571311296,7.48617456654583,6.757832274192371,8.181835600987636
cicv5g,aoi_mean_s,impaired_gru,5,speed_mean_kmh,Q4-severe,18,0.28696854042289677,2.8797476297647804,2.760071597596485,3.016033766574258,5.056061502581374,4.767075972565746,5.3712864858917095
cicv5g,aoi_mean_s,impaired_gru,5,vehicle_count,Q1-mild,19,0.1629899109909083,1.173483431740207,1.1269912364298371,1.2154575811335189,1.8648894454814207,1.8087830349599583,1.9170300058279668
cicv5g,aoi_mean_s,impaired_gru,5,vehicle_count,Q2-moderate,18,0.18895838427559966,1.1410278607869406,1.1036894828743884,1.1811699126833906,1.9948571726068327,1.8816464725753446,2.115463420362944
cicv5g,aoi_mean_s,impaired_gru,5,vehicle_count,Q3-high,19,0.2381762901091144,1.0379502881495573,0.9697229082033646,1.1031573746151864,1.847953676985791,1.657957190519707,2.033561228497355
cicv5g,aoi_mean_s,impaired_gru,5,vehicle_count,Q4-severe,18,0.28696854042289677,0.7960622076132041,0.7374234019982452,0.8541681399646511,1.303104270931322,1.2155303128846298,1.4009642223195289
cicv5g,aoi_mean_s,impaired_gru,10,flow_proxy,Q1-mild,19,0.1629899109909083,19920.84873159578,18873.556832318543,20880.171286877805,31417.55409132465,30199.758366362195,32751.751695630337
cicv5g,aoi_mean_s,impaired_gru,10,flow_proxy,Q2-moderate,18,0.18895838427559966,17429.60528537685,16702.631997471843,18097.51275209539,30104.07846043382,28770.912203780354,31462.906346348987
cicv5g,aoi_mean_s,impaired_gru,10,flow_proxy,Q3-high,19,0.2381762901091144,17785.460770057445,16669.91844425997,18935.11324410738,28735.3757168733,27148.27831286535,30639.649176448947
cicv5g,aoi_mean_s,impaired_gru,10,flow_proxy,Q4-severe,18,0.28696854042289677,13063.863629378817,12005.908055750398,14240.157429381487,21491.844629338724,19551.05998122757,23675.76387081008
cicv5g,aoi_mean_s,impaired_gru,10,speed_mean_kmh,Q1-mild,19,0.1629899109909083,4.988956326452173,4.746185535198101,5.2477501177135455,8.359430362191242,7.645691339615772,9.20388489173015
cicv5g,aoi_mean_s,impaired_gru,10,speed_mean_kmh,Q2-moderate,18,0.18895838427559966,4.437819299510782,3.973437692614438,5.005315088904382,8.280245414781398,7.157529507372288,9.571701268924324
cicv5g,aoi_mean_s,impaired_gru,10,speed_mean_kmh,Q3-high,19,0.2381762901091144,4.809086789400546,4.190833520429264,5.4680109131952,8.251819321596903,7.146246525135264,9.420065930340181
cicv5g,aoi_mean_s,impaired_gru,10,speed_mean_kmh,Q4-severe,18,0.28696854042289677,3.3853624265048676,3.1651392483489573,3.6215112231940467,5.765969834459785,5.309265202922585,6.34086898859374
cicv5g,aoi_mean_s,impaired_gru,10,vehicle_count,Q1-mild,19,0.1629899109909083,1.5369576874260336,1.4958928197336052,1.5777570957058167,2.6246931476530917,2.533484637480884,2.7031203210181327
cicv5g,aoi_mean_s,impaired_gru,10,vehicle_count,Q2-moderate,18,0.18895838427559966,1.47405437016864,1.4087402445306596,1.5427306336007018,2.4661964643895264,2.400652235962305,2.5388555169161404
cicv5g,aoi_mean_s,impaired_gru,10,vehicle_count,Q3-high,19,0.2381762901091144,1.2564709982944797,1.1233541599998722,1.3940285259023717,2.158839145065556,1.8631430872276689,2.4707583576818117
cicv5g,aoi_mean_s,impaired_gru,10,vehicle_count,Q4-severe,18,0.28696854042289677,1.0989875138232246,1.0446439902231037,1.1521576821160247,1.828957708843755,1.7271601512550614,1.9424462740868649
cicv5g,aoi_mean_s,impaired_gru,30,flow_proxy,Q1-mild,19,0.1629899109909083,14726.77147378934,14054.968498677168,15362.934007866843,24900.328366251484,23595.03573372649,26362.974430481117
cicv5g,aoi_mean_s,impaired_gru,30,flow_proxy,Q2-moderate,18,0.18895838427559966,15813.62187915136,15158.119436486077,16574.771102974606,26670.88407251996,25366.00442110872,28172.17908368951
cicv5g,aoi_mean_s,impaired_gru,30,flow_proxy,Q3-high,19,0.2381762901091144,14236.935918500196,13432.662426479934,15047.421852236263,24494.9207484151,22824.25137279833,26244.3287783242
cicv5g,aoi_mean_s,impaired_gru,30,flow_proxy,Q4-severe,18,0.28696854042289677,15168.026726065536,14417.384339612854,15977.709870846078,25723.69551802202,24346.486069403425,26994.635186962667
cicv5g,aoi_mean_s,impaired_gru,30,speed_mean_kmh,Q1-mild,19,0.1629899109909083,4.166428029086745,3.970448491378616,4.388457196685317,6.575395425552219,6.193132977473891,6.983410152921351
cicv5g,aoi_mean_s,impaired_gru,30,speed_mean_kmh,Q2-moderate,18,0.18895838427559966,4.874857741028701,4.51329603799591,5.266762880425117,8.775974593885236,7.806987826174585,9.810327736755347
cicv5g,aoi_mean_s,impaired_gru,30,speed_mean_kmh,Q3-high,19,0.2381762901091144,4.791366336338025,4.535909766622828,5.055634559867275,8.799722515848961,8.162816348024192,9.528004770518672
cicv5g,aoi_mean_s,impaired_gru,30,speed_mean_kmh,Q4-severe,18,0.28696854042289677,4.614290677836445,4.22589413779991,5.027943787661366,7.603682786441046,6.928905919832585,8.396782288742717
cicv5g,aoi_mean_s,impaired_gru,30,vehicle_count,Q1-mild,19,0.1629899109909083,1.765495270071992,1.7103951383797857,1.8246104703064545,3.0441043175855977,2.954471101821863,3.1441447452723743
cicv5g,aoi_mean_s,impaired_gru,30,vehicle_count,Q2-moderate,18,0.18895838427559966,2.0907871308178545,2.006578898416521,2.1692274836822474,3.3517380295454338,3.2502258184453776,3.4565351804692552
cicv5g,aoi_mean_s,impaired_gru,30,vehicle_count,Q3-high,19,0.2381762901091144,1.3060039272464687,1.1881412934011737,1.4232239111316896,2.3138963830253703,2.129996869854703,2.486750154774589
cicv5g,aoi_mean_s,impaired_gru,30,vehicle_count,Q4-severe,18,0.28696854042289677,1.1886462329043523,1.1216656677217203,1.253834786065882,2.008748682925548,1.876875096388057,2.139560467051559
cicv5g,aoi_mean_s,persistence,5,flow_proxy,Q1-mild,19,0.1629899109909083,15676.616237423756,14885.531751000715,16435.870091792443,26433.912678186156,25282.978100622044,27623.294068916064
cicv5g,aoi_mean_s,persistence,5,flow_proxy,Q2-moderate,18,0.18895838427559966,18538.91137062832,17695.333216804735,19519.985260824124,31289.549676026236,29731.700484745394,32739.323788428712
cicv5g,aoi_mean_s,persistence,5,flow_proxy,Q3-high,19,0.2381762901091144,16319.035120494513,15211.204535558749,17428.613115651464,30139.033216629497,28123.360335452377,32397.259391046162
cicv5g,aoi_mean_s,persistence,5,flow_proxy,Q4-severe,18,0.28696854042289677,13743.569611005683,13131.406666196797,14352.03928515842,24582.861536838347,23771.184365119883,25462.689941717694
cicv5g,aoi_mean_s,persistence,5,speed_mean_kmh,Q1-mild,19,0.1629899109909083,4.234218909753405,3.8884307926687263,4.553729547707176,9.353952363878333,8.41593076196558,10.166785055867946
cicv5g,aoi_mean_s,persistence,5,speed_mean_kmh,Q2-moderate,18,0.18895838427559966,5.7980437779616345,5.12354866452371,6.487935864958656,11.937968140782566,10.690329509507903,13.064354702072198
cicv5g,aoi_mean_s,persistence,5,speed_mean_kmh,Q3-high,19,0.2381762901091144,4.456910527590411,3.9034978346482463,5.027538388154203,9.186496828291213,8.132044153012687,10.131165016510444
cicv5g,aoi_mean_s,persistence,5,speed_mean_kmh,Q4-severe,18,0.28696854042289677,3.62668619618692,3.3163726497635344,3.9199310855199725,7.307942120413736,6.7333983957346195,7.793700278483429
cicv5g,aoi_mean_s,persistence,5,vehicle_count,Q1-mild,19,0.1629899109909083,1.1622088506597705,1.1035375834971726,1.2165660547443735,1.948825333823883,1.868274327805172,2.02517458641363
cicv5g,aoi_mean_s,persistence,5,vehicle_count,Q2-moderate,18,0.18895838427559966,1.1384335589176038,1.0746812888027168,1.2085610621097378,1.942622821495867,1.8433505959652405,2.043459599376387
cicv5g,aoi_mean_s,persistence,5,vehicle_count,Q3-high,19,0.2381762901091144,1.034512546432803,0.9827437825987417,1.0828516357546645,1.9133130161969323,1.8129446416262411,2.0148663612146764
cicv5g,aoi_mean_s,persistence,5,vehicle_count,Q4-severe,18,0.28696854042289677,0.8888889074933206,0.8105646800730626,0.9772768890822694,1.5994529489440583,1.4810385251576825,1.7285698674290175
cicv5g,aoi_mean_s,persistence,10,flow_proxy,Q1-mild,19,0.1629899109909083,21069.35965136427,19994.031895262473,22210.51199456352,35581.16700713028,34438.45163869412,36846.23872966736
cicv5g,aoi_mean_s,persistence,10,flow_proxy,Q2-moderate,18,0.18895838427559966,22134.81186420274,21144.477436078167,23211.613519828512,39157.012234894035,37098.682859630186,41233.08297669532
cicv5g,aoi_mean_s,persistence,10,flow_proxy,Q3-high,19,0.2381762901091144,22031.504736241117,20761.92790934634,23180.073668083416,39380.33271765833,37008.68160262997,41514.91550388856
cicv5g,aoi_mean_s,persistence,10,flow_proxy,Q4-severe,18,0.28696854042289677,17623.902952400593,16421.279227510076,18901.46839576618,31962.94492280537,29929.643817451783,33923.41307392394
cicv5g,aoi_mean_s,persistence,10,speed_mean_kmh,Q1-mild,19,0.1629899109909083,5.099902469545169,4.750707295945955,5.4073627633411645,9.569733094905041,8.770124545138705,10.290046776309858
cicv5g,aoi_mean_s,persistence,10,speed_mean_kmh,Q2-moderate,18,0.18895838427559966,5.643805265101229,5.111469091054655,6.272950834044626,10.77819263246896,9.560345067290319,11.940826193056072
cicv5g,aoi_mean_s,persistence,10,speed_mean_kmh,Q3-high,19,0.2381762901091144,6.062624904686939,5.472094760838767,6.640285798343415,11.139729852859729,10.17222605687881,12.175606624400752
cicv5g,aoi_mean_s,persistence,10,speed_mean_kmh,Q4-severe,18,0.28696854042289677,4.323304013236689,3.969530067837986,4.705191797609109,7.890883585675024,7.397996887700609,8.438436024455862
cicv5g,aoi_mean_s,persistence,10,vehicle_count,Q1-mild,19,0.1629899109909083,1.6773080906397428,1.6169111935825917,1.7351165429367474,2.896451427452604,2.8028537571778074,2.985445315583058
cicv5g,aoi_mean_s,persistence,10,vehicle_count,Q2-moderate,18,0.18895838427559966,1.6393443160432297,1.5363616099340776,1.7331740112204588,2.8758917637389207,2.70322694698493,3.0165106891609086
cicv5g,aoi_mean_s,persistence,10,vehicle_count,Q3-high,19,0.2381762901091144,1.348576407818519,1.2493313547582618,1.4598792671662864,2.45679977944934,2.2871269763482767,2.647775060910353
cicv5g,aoi_mean_s,persistence,10,vehicle_count,Q4-severe,18,0.28696854042289677,1.305100215233117,1.2385929264529048,1.3770719874585235,2.4058664287704,2.2664950463847475,2.546258026941922
cicv5g,aoi_mean_s,persistence,30,flow_proxy,Q1-mild,19,0.1629899109909083,32530.6631620049,31233.119796158622,33601.75295563275,53110.924544657755,51014.17658375228,54748.90773218639
cicv5g,aoi_mean_s,persistence,30,flow_proxy,Q2-moderate,18,0.18895838427559966,25957.392803250896,24686.294949213556,27417.812026779884,44040.27212719175,41983.05772357516,46557.140983463265
cicv5g,aoi_mean_s,persistence,30,flow_proxy,Q3-high,19,0.2381762901091144,31092.53567603111,29859.828149951365,32305.974746456457,52051.28029664445,50692.28510268046,53374.740584119456
cicv5g,aoi_mean_s,persistence,30,flow_proxy,Q4-severe,18,0.28696854042289677,26701.381009980872,25348.550877234793,28165.791022076537,46922.45909915856,44208.15055892382,49945.70852644269
cicv5g,aoi_mean_s,persistence,30,speed_mean_kmh,Q1-mild,19,0.1629899109909083,7.755692463570392,7.33750980636967,8.15827241774826,12.904232199281708,12.126314631056884,13.772808127809226
cicv5g,aoi_mean_s,persistence,30,speed_mean_kmh,Q2-moderate,18,0.18895838427559966,7.1456520777322465,6.712333330840888,7.617619534268703,12.197860167294332,11.461560315961762,13.046917164207649
cicv5g,aoi_mean_s,persistence,30,speed_mean_kmh,Q3-high,19,0.2381762901091144,7.615046771849738,7.109071279777768,8.144174048368313,13.281650273714709,12.322648148137725,14.26447525898102
cicv5g,aoi_mean_s,persistence,30,speed_mean_kmh,Q4-severe,18,0.28696854042289677,6.485729672979322,6.1486822084438195,6.868993111209023,10.883990865190045,10.314122415898215,11.557720995376291
cicv5g,aoi_mean_s,persistence,30,vehicle_count,Q1-mild,19,0.1629899109909083,2.414150262228427,2.3485764930341104,2.472843106160839,4.212422969587182,4.146007563803461,4.298289555802035
cicv5g,aoi_mean_s,persistence,30,vehicle_count,Q2-moderate,18,0.18895838427559966,2.6457195950493233,2.595628517135477,2.695810666377329,5.426457017465538,5.2035349612746495,5.632613813030902
cicv5g,aoi_mean_s,persistence,30,vehicle_count,Q3-high,19,0.2381762901091144,2.2174288803225233,2.1423425895923995,2.2942407948855146,3.8809190837182794,3.736704887019596,4.063670655242122
cicv5g,aoi_mean_s,persistence,30,vehicle_count,Q4-severe,18,0.28696854042289677,2.1994536263147015,2.0919854939737696,2.3142305082553825,4.024856013848865,3.8736906925966834,4.1777554749348305
cicv5g,aoi_p95_s,ca_dtnet,5,flow_proxy,Q1-mild,19,0.21057941099527863,13021.156498031565,12167.894959656036,13798.650628113073,21275.24422674045,19944.725049931792,22575.506831249513
cicv5g,aoi_p95_s,ca_dtnet,5,flow_proxy,Q2-moderate,18,0.25868722848788633,14789.066554932102,13799.077149616234,15934.731134995876,26201.387102771678,23692.23422740005,28442.464620666535
cicv5g,aoi_p95_s,ca_dtnet,5,flow_proxy,Q3-high,21,0.3221212410418713,13959.963408460248,13014.918176674728,14887.500600259304,24618.804992344445,22734.925565858364,26417.009914928894
cicv5g,aoi_p95_s,ca_dtnet,5,flow_proxy,Q4-severe,16,0.41158933223908145,10278.784370657117,9499.717781621337,10921.611272297234,18678.64327914472,17315.26272375015,20018.000485821693
cicv5g,aoi_p95_s,ca_dtnet,5,speed_mean_kmh,Q1-mild,19,0.21057941099527863,3.607514404245196,3.2954771991685092,3.9714042710994053,7.602932560473818,6.639253218400859,8.533602339713767
cicv5g,aoi_p95_s,ca_dtnet,5,speed_mean_kmh,Q2-moderate,18,0.25868722848788633,4.516134296801653,3.9190254292973052,5.204627013933088,8.77046960831502,7.262770919044674,10.194549811084277
cicv5g,aoi_p95_s,ca_dtnet,5,speed_mean_kmh,Q3-high,21,0.3221212410418713,3.8527861252152427,3.5060888191851713,4.2091907545394385,7.351887677892625,6.655375924571568,8.027161719615224
cicv5g,aoi_p95_s,ca_dtnet,5,speed_mean_kmh,Q4-severe,16,0.41158933223908145,2.9442245068762727,2.7804458660416174,3.1283825957018867,5.442198661650433,5.071756416871852,5.84302191515548
cicv5g,aoi_p95_s,ca_dtnet,5,vehicle_count,Q1-mild,19,0.21057941099527863,1.0339920138461944,0.9932901975457255,1.0712504520477193,1.6383198323710848,1.577772016916259,1.691142444276744
cicv5g,aoi_p95_s,ca_dtnet,5,vehicle_count,Q2-moderate,18,0.25868722848788633,1.1086861379099613,1.0527496621594155,1.1674445472449448,2.047677983292372,1.878455429726812,2.199250991910158
cicv5g,aoi_p95_s,ca_dtnet,5,vehicle_count,Q3-high,21,0.3221212410418713,0.9384678702461061,0.866502890252192,1.013103184123138,1.686456654967083,1.542155558042624,1.825260600520759
cicv5g,aoi_p95_s,ca_dtnet,5,vehicle_count,Q4-severe,16,0.41158933223908145,0.7702159081827401,0.6873123834582829,0.843907430375019,1.3331067087598327,1.2138448692324986,1.4599220097719976
cicv5g,aoi_p95_s,ca_dtnet,10,flow_proxy,Q1-mild,19,0.21057941099527863,16438.278830532374,15269.391355948766,17517.871010966082,27787.97820687893,26059.4766365321,29599.702207248563
cicv5g,aoi_p95_s,ca_dtnet,10,flow_proxy,Q2-moderate,18,0.25868722848788633,17240.44898135148,15826.654297717807,18642.93183258324,30507.080335855768,27455.599072588077,33341.57750379635
cicv5g,aoi_p95_s,ca_dtnet,10,flow_proxy,Q3-high,21,0.3221212410418713,16309.74192968503,14973.942195255,17581.10177724474,29154.98453727374,26478.49749407573,31946.105257326282
cicv5g,aoi_p95_s,ca_dtnet,10,flow_proxy,Q4-severe,16,0.41158933223908145,12997.158823654308,12279.601896029644,13798.767155081097,22727.135046515068,21266.616518694984,24465.738589416247
cicv5g,aoi_p95_s,ca_dtnet,10,speed_mean_kmh,Q1-mild,19,0.21057941099527863,4.304547688555816,3.9780281358281195,4.66661534932638,8.275469609783284,7.501822854642187,9.211573548445449
cicv5g,aoi_p95_s,ca_dtnet,10,speed_mean_kmh,Q2-moderate,18,0.25868722848788633,4.442616634020693,3.9549134772527093,5.037847891876558,8.334092706218131,7.174373661806358,9.63861557030723
cicv5g,aoi_p95_s,ca_dtnet,10,speed_mean_kmh,Q3-high,21,0.3221212410418713,4.421921420878793,3.808891233596914,5.031828760227827,8.02034546700678,6.998160063477589,9.17414527593725
cicv5g,aoi_p95_s,ca_dtnet,10,speed_mean_kmh,Q4-severe,16,0.41158933223908145,3.4443825595420527,3.299791045780842,3.5987773059237167,6.0673923983131095,5.719850789505203,6.501478799386082
cicv5g,aoi_p95_s,ca_dtnet,10,vehicle_count,Q1-mild,19,0.21057941099527863,1.371064820582939,1.3290428209394423,1.4186450300794582,2.236945051610027,2.1509640851135496,2.3316189523283635
cicv5g,aoi_p95_s,ca_dtnet,10,vehicle_count,Q2-moderate,18,0.25868722848788633,1.4934155692691904,1.4366941431155684,1.5518191339443344,2.626363187012097,2.464167457685871,2.774941375896899
cicv5g,aoi_p95_s,ca_dtnet,10,vehicle_count,Q3-high,21,0.3221212410418713,1.1518915358845212,1.0187052913512769,1.2792479024069658,2.083519727358962,1.8277655272773954,2.3730987700876693
cicv5g,aoi_p95_s,ca_dtnet,10,vehicle_count,Q4-severe,16,0.41158933223908145,1.0603921736968989,0.9906034171471633,1.1298110244006825,1.8172751929013469,1.6994893279690195,1.9373968893761242
cicv5g,aoi_p95_s,ca_dtnet,30,flow_proxy,Q1-mild,19,0.21057941099527863,14825.536062410003,14423.026138551399,15207.201386608356,26922.838705030998,25781.482338523067,28014.33271822681
cicv5g,aoi_p95_s,ca_dtnet,30,flow_proxy,Q2-moderate,18,0.25868722848788633,14222.489790244214,13716.722950894204,14775.648813261978,23538.32233019522,22439.983388907895,24665.502848644996
cicv5g,aoi_p95_s,ca_dtnet,30,flow_proxy,Q3-high,21,0.3221212410418713,16139.22433132229,15524.733961482974,16734.42022867263,27870.587294163655,26810.744699527993,28851.464997306135
cicv5g,aoi_p95_s,ca_dtnet,30,flow_proxy,Q4-severe,16,0.41158933223908145,13659.85665819906,12896.586946993677,14417.580975512657,24276.74972017543,22907.428337837315,25554.626509686153
cicv5g,aoi_p95_s,ca_dtnet,30,speed_mean_kmh,Q1-mild,19,0.21057941099527863,3.6517836831555086,3.414843527870012,3.9205281902754794,6.605105379299613,6.148204194746925,7.128115136205101
cicv5g,aoi_p95_s,ca_dtnet,30,speed_mean_kmh,Q2-moderate,18,0.25868722848788633,4.39159240439266,4.035139086659653,4.81670967642028,8.420373774486917,7.484809204547181,9.380686107637423
cicv5g,aoi_p95_s,ca_dtnet,30,speed_mean_kmh,Q3-high,21,0.3221212410418713,4.840586238375043,4.590420823637669,5.096271935825196,9.092248883334475,8.351927882057884,9.858449601798336
cicv5g,aoi_p95_s,ca_dtnet,30,speed_mean_kmh,Q4-severe,16,0.41158933223908145,3.915532115125282,3.5052153793628382,4.364058515608294,7.224790641957513,6.441592747477382,8.256975038062286
cicv5g,aoi_p95_s,ca_dtnet,30,vehicle_count,Q1-mild,19,0.21057941099527863,1.9167902655808295,1.8840634260008855,1.952211573727741,3.404173480314529,3.3359533467136058,3.4777132941486704
cicv5g,aoi_p95_s,ca_dtnet,30,vehicle_count,Q2-moderate,18,0.25868722848788633,1.9599797761612057,1.9198373023563136,1.9993589173614164,3.4599490578050265,3.4034307352048034,3.509958648515922
cicv5g,aoi_p95_s,ca_dtnet,30,vehicle_count,Q3-high,21,0.3221212410418713,1.3843510807355688,1.2551237668627224,1.5131165267007611,2.3586775609392703,2.1584228328049107,2.590863816729196
cicv5g,aoi_p95_s,ca_dtnet,30,vehicle_count,Q4-severe,16,0.41158933223908145,1.036995511068302,0.9596192852192836,1.1272622392038534,1.830410785331635,1.6742925648681082,1.9946499856267537
cicv5g,aoi_p95_s,graph_gru,5,flow_proxy,Q1-mild,19,0.21057941099527863,15000.038725946637,14213.893947833776,15718.458476941498,24006.56432850823,22956.90617676205,25009.35046720346
cicv5g,aoi_p95_s,graph_gru,5,flow_proxy,Q2-moderate,18,0.25868722848788633,15280.93168330899,14541.562083378667,16182.214763207518,24494.600092873443,23303.31945430511,25732.708251889362
cicv5g,aoi_p95_s,graph_gru,5,flow_proxy,Q3-high,21,0.3221212410418713,13890.9132920104,12906.207805679816,14783.548818273295,23745.218965913642,22071.112101340186,25271.881960382565
cicv5g,aoi_p95_s,graph_gru,5,flow_proxy,Q4-severe,16,0.41158933223908145,9294.004256778266,8790.754340640895,9772.627086018265,15790.314818444082,14851.109234345853,16754.560237930094
cicv5g,aoi_p95_s,graph_gru,5,speed_mean_kmh,Q1-mild,19,0.21057941099527863,4.044272140628883,3.8312784947920484,4.311318596471951,7.268203827964277,6.581748711223039,7.988541235088692
cicv5g,aoi_p95_s,graph_gru,5,speed_mean_kmh,Q2-moderate,18,0.25868722848788633,4.666618653580207,4.140860578752304,5.317788814976614,8.557095021480324,7.185401563951809,9.818554033591395
cicv5g,aoi_p95_s,graph_gru,5,speed_mean_kmh,Q3-high,21,0.3221212410418713,4.060844349593074,3.750369332787619,4.37802022381458,7.119167871768097,6.472722884920391,7.759389715191461
cicv5g,aoi_p95_s,graph_gru,5,speed_mean_kmh,Q4-severe,16,0.41158933223908145,2.90161989556333,2.81321758337771,2.988642568328895,4.929752373905263,4.669858090929459,5.198685829693026
cicv5g,aoi_p95_s,graph_gru,5,vehicle_count,Q1-mild,19,0.21057941099527863,1.1215291079908714,1.0613670577445695,1.1787464067004798,1.7800390420406198,1.7089547178727664,1.8464334089135563
cicv5g,aoi_p95_s,graph_gru,5,vehicle_count,Q2-moderate,18,0.25868722848788633,1.0982743733453775,1.05692534312977,1.1400517080141723,1.8288912883726178,1.7410039252254943,1.9127440479217765
cicv5g,aoi_p95_s,graph_gru,5,vehicle_count,Q3-high,21,0.3221212410418713,1.0030266838293032,0.9353630164394258,1.0670347311538382,1.7412928689654146,1.594239495950566,1.8790355359948643
cicv5g,aoi_p95_s,graph_gru,5,vehicle_count,Q4-severe,16,0.41158933223908145,0.8301611863299366,0.7879729891987309,0.8753857235999819,1.3302022018072934,1.2645848253797796,1.3979129023243748
cicv5g,aoi_p95_s,graph_gru,10,flow_proxy,Q1-mild,19,0.21057941099527863,20092.88543940647,19120.02204021619,21098.935275594456,32213.994932413065,31194.69335058956,33314.25197404402
cicv5g,aoi_p95_s,graph_gru,10,flow_proxy,Q2-moderate,18,0.25868722848788633,18223.7203434652,17467.02892624764,18908.26463255139,29287.65858933169,27660.61308187379,30880.7737310338
cicv5g,aoi_p95_s,graph_gru,10,flow_proxy,Q3-high,21,0.3221212410418713,18125.467828104396,17315.320935363605,18966.32065488241,29611.19148388088,28200.556068798585,30943.633269984453
cicv5g,aoi_p95_s,graph_gru,10,flow_proxy,Q4-severe,16,0.41158933223908145,12240.032786714944,11562.897652311105,12956.19831358197,20836.246176433306,19650.620976608283,22097.78124642747
cicv5g,aoi_p95_s,graph_gru,10,speed_mean_kmh,Q1-mild,19,0.21057941099527863,4.871134590626486,4.65437213872829,5.113224978321444,7.993316593833058,7.364540900366688,8.732168854560928
cicv5g,aoi_p95_s,graph_gru,10,speed_mean_kmh,Q2-moderate,18,0.25868722848788633,4.5156761692664436,4.102914214972316,5.038427689398074,7.834752200460335,6.725094443117719,9.118692053589545
cicv5g,aoi_p95_s,graph_gru,10,speed_mean_kmh,Q3-high,21,0.3221212410418713,4.882205138977075,4.403406423727877,5.372412219340455,8.128305145839736,7.273008621128629,9.089103237637616
cicv5g,aoi_p95_s,graph_gru,10,speed_mean_kmh,Q4-severe,16,0.41158933223908145,3.4191105199932603,3.255238708771458,3.5934195495384413,5.535809887681053,5.216516682171405,5.920824629511492
cicv5g,aoi_p95_s,graph_gru,10,vehicle_count,Q1-mild,19,0.21057941099527863,1.5379417473858414,1.4920337503416603,1.5839768774973142,2.5765291019799132,2.5004446680838366,2.653369308434083
cicv5g,aoi_p95_s,graph_gru,10,vehicle_count,Q2-moderate,18,0.25868722848788633,1.4431563405173313,1.3817525153954882,1.5063664716433514,2.3464256773779173,2.259783765574033,2.426990328382891
cicv5g,aoi_p95_s,graph_gru,10,vehicle_count,Q3-high,21,0.3221212410418713,1.2752505030367693,1.1770209030093328,1.3676079936296401,2.153722023044423,1.963498434367907,2.357612174628141
cicv5g,aoi_p95_s,graph_gru,10,vehicle_count,Q4-severe,16,0.41158933223908145,1.1249374906309542,1.08861936694688,1.1651388063402364,1.8563039243183577,1.7694918316458634,1.9405669647474586
cicv5g,aoi_p95_s,graph_gru,30,flow_proxy,Q1-mild,19,0.21057941099527863,15843.004588567803,15375.688267447806,16373.228528052257,24942.746123411307,23967.288045378493,26135.352076539315
cicv5g,aoi_p95_s,graph_gru,30,flow_proxy,Q2-moderate,18,0.25868722848788633,17405.041535393433,16670.450726439,18128.82508849052,28626.497864513585,27279.57179330391,29988.707662174307
cicv5g,aoi_p95_s,graph_gru,30,flow_proxy,Q3-high,21,0.3221212410418713,15166.49130488341,14443.554342374126,15856.278676252306,24508.100038748948,23169.847725562813,25791.353588862883
cicv5g,aoi_p95_s,graph_gru,30,flow_proxy,Q4-severe,16,0.41158933223908145,15323.3666006844,14628.721270447053,16073.356335211101,25054.641453365493,23810.839900442348,26129.339736045582
cicv5g,aoi_p95_s,graph_gru,30,speed_mean_kmh,Q1-mild,19,0.21057941099527863,4.131304464041494,3.9323478946090256,4.354042849033607,6.370213231928595,6.0322349424530906,6.767840816483736
cicv5g,aoi_p95_s,graph_gru,30,speed_mean_kmh,Q2-moderate,18,0.25868722848788633,4.683134475864076,4.295685955785189,5.09840462241336,8.02829419757907,7.025255142650875,9.07820346044758
cicv5g,aoi_p95_s,graph_gru,30,speed_mean_kmh,Q3-high,21,0.3221212410418713,4.918508946419036,4.668555334761722,5.166443404541647,8.430626493865432,7.795253509460277,9.092974484856061
cicv5g,aoi_p95_s,graph_gru,30,speed_mean_kmh,Q4-severe,16,0.41158933223908145,4.3515740527104745,3.9921664602470304,4.739976547919466,6.850765018656292,6.207581039188274,7.725136246287169
cicv5g,aoi_p95_s,graph_gru,30,vehicle_count,Q1-mild,19,0.21057941099527863,1.797326300138525,1.7493247514036094,1.851401646899191,3.022025435267688,2.948317370219379,3.105216372184259
cicv5g,aoi_p95_s,graph_gru,30,vehicle_count,Q2-moderate,18,0.25868722848788633,1.9791041069199042,1.8835458829123004,2.0611337633551368,3.3096438795376963,3.157848782227269,3.458051240463222
cicv5g,aoi_p95_s,graph_gru,30,vehicle_count,Q3-high,21,0.3221212410418713,1.3483674610498209,1.301889075811134,1.391908579671468,2.257635721040573,2.154956561990942,2.3671746154965088
cicv5g,aoi_p95_s,graph_gru,30,vehicle_count,Q4-severe,16,0.41158933223908145,1.2372573151018995,1.1684825071834968,1.3106439898101354,2.0242217459403564,1.8872610957590907,2.1597008996093368
cicv5g,aoi_p95_s,historical_average,5,flow_proxy,Q1-mild,19,0.21057941099527863,18894.9948628247,18155.427423614692,19641.66946194075,30905.798087374522,29927.360529461985,31819.248550621855
cicv5g,aoi_p95_s,historical_average,5,flow_proxy,Q2-moderate,18,0.25868722848788633,20192.0053082761,19257.425171491537,21152.003077551984,33897.551157614515,32441.953683292915,35211.44173573854
cicv5g,aoi_p95_s,historical_average,5,flow_proxy,Q3-high,21,0.3221212410418713,18522.53173410751,17580.61067163062,19502.365657059458,30436.761701619213,29052.721119703474,31849.61640849502
cicv5g,aoi_p95_s,historical_average,5,flow_proxy,Q4-severe,16,0.41158933223908145,17346.353558098766,16803.371409921663,17859.462795769938,27597.679400342204,26644.54716623662,28596.591502985986
cicv5g,aoi_p95_s,historical_average,5,speed_mean_kmh,Q1-mild,19,0.21057941099527863,5.8677114314796235,5.552040056827947,6.214345813341878,9.410932799123048,8.670873807300609,10.157542850686545
cicv5g,aoi_p95_s,historical_average,5,speed_mean_kmh,Q2-moderate,18,0.25868722848788633,5.68871529836414,5.149478930513916,6.303559666802181,9.382956267582225,8.130114585122598,10.602285316183321
cicv5g,aoi_p95_s,historical_average,5,speed_mean_kmh,Q3-high,21,0.3221212410418713,5.512164297592345,5.356438722073391,5.683129779168487,8.533581368315637,8.231127372637664,8.830367503635742
cicv5g,aoi_p95_s,historical_average,5,speed_mean_kmh,Q4-severe,16,0.41158933223908145,5.266798345294397,5.124807067474881,5.393647239745714,7.649471612971281,7.385943260414668,7.897896518064025
cicv5g,aoi_p95_s,historical_average,5,vehicle_count,Q1-mild,19,0.21057941099527863,2.185443615274706,2.1339492176261423,2.233988019642854,3.670472515458616,3.5831821315017494,3.762379677831613
cicv5g,aoi_p95_s,historical_average,5,vehicle_count,Q2-moderate,18,0.25868722848788633,2.2559457124489373,2.200287622666916,2.3075322342088933,4.241046820246276,4.046415322930693,4.4246024847393866
cicv5g,aoi_p95_s,historical_average,5,vehicle_count,Q3-high,21,0.3221212410418713,1.60478117839387,1.4351486726078932,1.781621787864651,3.019689367349275,2.5797938121516557,3.486719176891837
cicv5g,aoi_p95_s,historical_average,5,vehicle_count,Q4-severe,16,0.41158933223908145,1.4249718507093112,1.367328399715358,1.489060030652064,2.5530458265972045,2.3893139556954983,2.72329533546581
cicv5g,aoi_p95_s,historical_average,10,flow_proxy,Q1-mild,19,0.21057941099527863,19140.700091913048,18337.264866040554,19903.329336449344,31120.789940236038,30124.23961666221,32099.203721504782
cicv5g,aoi_p95_s,historical_average,10,flow_proxy,Q2-moderate,18,0.25868722848788633,20296.778974703848,19609.918270848233,21039.555221342525,33813.91733833498,32606.73930516025,35029.30652095353
cicv5g,aoi_p95_s,historical_average,10,flow_proxy,Q3-high,21,0.3221212410418713,19218.70941272806,18381.402098311275,20096.109586020884,32005.361688916044,30929.77446923924,33112.77031102376
cicv5g,aoi_p95_s,historical_average,10,flow_proxy,Q4-severe,16,0.41158933223908145,17712.70329824916,16989.363874877585,18469.05381947734,27703.414790362825,26661.07035232,28893.687235993944
cicv5g,aoi_p95_s,historical_average,10,speed_mean_kmh,Q1-mild,19,0.21057941099527863,5.952751748782563,5.663531276752583,6.253028042600265,9.321215938246706,8.6810853283938,10.10506340261027
cicv5g,aoi_p95_s,historical_average,10,speed_mean_kmh,Q2-moderate,18,0.25868722848788633,5.314193977880161,4.879451328079912,5.838879069287453,8.797877455722775,7.814488399591399,9.953417617622296
cicv5g,aoi_p95_s,historical_average,10,speed_mean_kmh,Q3-high,21,0.3221212410418713,5.69868357346855,5.3597648839085705,6.072170506725521,8.755084771905523,8.062297575313785,9.590452868597058
cicv5g,aoi_p95_s,historical_average,10,speed_mean_kmh,Q4-severe,16,0.41158933223908145,5.23732156584855,5.1159766413744325,5.359406614604745,7.86696651317264,7.589525788720119,8.179325691251549
cicv5g,aoi_p95_s,historical_average,10,vehicle_count,Q1-mild,19,0.21057941099527863,2.2416120737435037,2.193810131044116,2.2849849492293632,3.784213786399341,3.7093255066469175,3.85551414955866
cicv5g,aoi_p95_s,historical_average,10,vehicle_count,Q2-moderate,18,0.25868722848788633,2.1508911733421403,2.1039496080957836,2.1983510787900316,3.8641333671548628,3.685001477497647,4.045031324023711
cicv5g,aoi_p95_s,historical_average,10,vehicle_count,Q3-high,21,0.3221212410418713,1.642050238247695,1.41071705670428,1.8619988071501568,3.0568765299428016,2.5595751414396832,3.6260713459936253
cicv5g,aoi_p95_s,historical_average,10,vehicle_count,Q4-severe,16,0.41158933223908145,1.3579492839886371,1.3106093137168875,1.40179764881664,2.326055793700816,2.233216109410505,2.4193576111632775
cicv5g,aoi_p95_s,historical_average,30,flow_proxy,Q1-mild,19,0.21057941099527863,18083.658396055525,17560.684521811465,18622.865191516466,29803.751895012923,28846.610241620383,30861.741477385505
cicv5g,aoi_p95_s,historical_average,30,flow_proxy,Q2-moderate,18,0.25868722848788633,18876.755207309718,18113.469047021743,19644.337221611153,31024.35966245561,29929.65158084492,32054.559667830785
cicv5g,aoi_p95_s,historical_average,30,flow_proxy,Q3-high,21,0.3221212410418713,20987.640780935268,20336.11356900267,21651.288874169746,33610.83240278506,32577.542682360767,34515.4985935951
cicv5g,aoi_p95_s,historical_average,30,flow_proxy,Q4-severe,16,0.41158933223908145,19259.921385081867,18417.059547450597,20146.59011484131,31517.295351167573,30215.02755877328,32763.2605865456
cicv5g,aoi_p95_s,historical_average,30,speed_mean_kmh,Q1-mild,19,0.21057941099527863,5.476322678003817,5.22779561548365,5.7688419209564925,8.069664788419386,7.684248507814656,8.50158472468332
cicv5g,aoi_p95_s,historical_average,30,speed_mean_kmh,Q2-moderate,18,0.25868722848788633,5.847567027961683,5.6197559326606745,6.15200434845769,9.05479569750437,8.405917286935514,9.820294046554395
cicv5g,aoi_p95_s,historical_average,30,speed_mean_kmh,Q3-high,21,0.3221212410418713,5.8569179841339585,5.589221859815122,6.135291598039194,9.305082523322953,8.615656977900562,10.015147483381307
cicv5g,aoi_p95_s,historical_average,30,speed_mean_kmh,Q4-severe,16,0.41158933223908145,5.408065294167903,5.084786403501785,5.733486024858256,8.100599259408693,7.535219298273879,8.777938685359773
cicv5g,aoi_p95_s,historical_average,30,vehicle_count,Q1-mild,19,0.21057941099527863,1.931529423052972,1.8765411174700295,1.9855266447458955,3.67901432370015,3.5887032987889436,3.764069777215346
cicv5g,aoi_p95_s,historical_average,30,vehicle_count,Q2-moderate,18,0.25868722848788633,2.2190039802796635,2.152909158858985,2.276091911364246,3.7862705908359473,3.7019428463581026,3.8609044579321146
cicv5g,aoi_p95_s,historical_average,30,vehicle_count,Q3-high,21,0.3221212410418713,1.8212415273963543,1.732231433515694,1.9072504907714485,3.1965878369672405,3.117282036880211,3.288394313020401
cicv5g,aoi_p95_s,historical_average,30,vehicle_count,Q4-severe,16,0.41158933223908145,1.3471056481183643,1.2547926354092371,1.442358137916571,2.304954181927651,2.1932795017151365,2.448599372014599
cicv5g,aoi_p95_s,impaired_gru,5,flow_proxy,Q1-mild,19,0.21057941099527863,14975.636196224237,14278.864453798022,15662.141378248789,24128.480577757306,23084.83456446553,25063.811514487752
cicv5g,aoi_p95_s,impaired_gru,5,flow_proxy,Q2-moderate,18,0.25868722848788633,15826.275553968913,15087.86318894395,16772.69625974438,26189.861879673866,24737.456847662055,27651.584771792892
cicv5g,aoi_p95_s,impaired_gru,5,flow_proxy,Q3-high,21,0.3221212410418713,15036.628719305332,14026.681417600264,15992.081744524206,24765.660010216285,23115.216650808685,26202.99577928685
cicv5g,aoi_p95_s,impaired_gru,5,flow_proxy,Q4-severe,16,0.41158933223908145,10136.870574172186,9686.837548902107,10547.864713654717,17162.390175416243,16205.004762018905,18153.429935341457
cicv5g,aoi_p95_s,impaired_gru,5,speed_mean_kmh,Q1-mild,19,0.21057941099527863,4.093779208172694,3.8465173758273594,4.391304212643883,7.568962933644846,6.789695110736077,8.347019534123108
cicv5g,aoi_p95_s,impaired_gru,5,speed_mean_kmh,Q2-moderate,18,0.25868722848788633,4.67537736467283,4.111989027064052,5.332655287196213,8.795106176180887,7.3656348549967685,10.12508779635963
cicv5g,aoi_p95_s,impaired_gru,5,speed_mean_kmh,Q3-high,21,0.3221212410418713,4.083792132840348,3.7789644978913435,4.4128213522174295,7.290884921634873,6.6140425787856625,7.978800948653603
cicv5g,aoi_p95_s,impaired_gru,5,speed_mean_kmh,Q4-severe,16,0.41158933223908145,2.850226378973419,2.7309662063054936,2.988661144754527,5.008615028531449,4.729627160725773,5.29999439214253
cicv5g,aoi_p95_s,impaired_gru,5,vehicle_count,Q1-mild,19,0.21057941099527863,1.173483431740207,1.1269912364298371,1.2154575811335189,1.8648894454814207,1.8087830349599583,1.9170300058279668
cicv5g,aoi_p95_s,impaired_gru,5,vehicle_count,Q2-moderate,18,0.25868722848788633,1.1410278607869406,1.1036894828743884,1.1811699126833906,1.9948571726068327,1.8816464725753446,2.115463420362944
cicv5g,aoi_p95_s,impaired_gru,5,vehicle_count,Q3-high,21,0.3221212410418713,1.0041406311285184,0.9251264468035652,1.073907347822146,1.7855483428712358,1.5976210332294785,1.9638819733069486
cicv5g,aoi_p95_s,impaired_gru,5,vehicle_count,Q4-severe,16,0.41158933223908145,0.8102013723862738,0.7472075439602978,0.8761964692745049,1.3169050961998674,1.2236373017033866,1.416794652988096
cicv5g,aoi_p95_s,impaired_gru,10,flow_proxy,Q1-mild,19,0.21057941099527863,19920.84873159578,18873.556832318543,20880.171286877805,31417.55409132465,30199.758366362195,32751.751695630337
cicv5g,aoi_p95_s,impaired_gru,10,flow_proxy,Q2-moderate,18,0.25868722848788633,17429.60528537685,16702.631997471843,18097.51275209539,30104.07846043382,28770.912203780354,31462.906346348987
cicv5g,aoi_p95_s,impaired_gru,10,flow_proxy,Q3-high,21,0.3221212410418713,17828.755689023525,16839.87174185086,18817.259707399568,28936.167850808408,27351.577987703513,30670.42997537629
cicv5g,aoi_p95_s,impaired_gru,10,flow_proxy,Q4-severe,16,0.41158933223908145,12416.839405651011,11693.235999711698,13301.00905946229,20322.863567607077,18906.119544709803,22104.886303583833
cicv5g,aoi_p95_s,impaired_gru,10,speed_mean_kmh,Q1-mild,19,0.21057941099527863,4.988956326452173,4.746185535198101,5.2477501177135455,8.359430362191242,7.645691339615772,9.20388489173015
cicv5g,aoi_p95_s,impaired_gru,10,speed_mean_kmh,Q2-moderate,18,0.25868722848788633,4.437819299510782,3.973437692614438,5.005315088904382,8.280245414781398,7.157529507372288,9.571701268924324
cicv5g,aoi_p95_s,impaired_gru,10,speed_mean_kmh,Q3-high,21,0.3221212410418713,4.780230708087771,4.256779642714023,5.3139024574744145,8.249605750799518,7.316080640453375,9.32009750472047
cicv5g,aoi_p95_s,impaired_gru,10,speed_mean_kmh,Q4-severe,16,0.41158933223908145,3.2452704878659233,3.081692418259455,3.4020206111545033,5.458143960239214,5.122900742060905,5.795596910007558
cicv5g,aoi_p95_s,impaired_gru,10,vehicle_count,Q1-mild,19,0.21057941099527863,1.5369576874260336,1.4958928197336052,1.5777570957058167,2.6246931476530917,2.533484637480884,2.7031203210181327
cicv5g,aoi_p95_s,impaired_gru,10,vehicle_count,Q2-moderate,18,0.25868722848788633,1.47405437016864,1.4087402445306596,1.5427306336007018,2.4661964643895264,2.400652235962305,2.5388555169161404
cicv5g,aoi_p95_s,impaired_gru,10,vehicle_count,Q3-high,21,0.3221212410418713,1.2615169326763318,1.134492840549089,1.3785881355191774,2.1677623426644113,1.901953084329271,2.4451036161932196
cicv5g,aoi_p95_s,impaired_gru,10,vehicle_count,Q4-severe,16,0.41158933223908145,1.072679289388137,1.027311838360407,1.1137843509160739,1.776010832467533,1.695968233729348,1.8586478724208753
cicv5g,aoi_p95_s,impaired_gru,30,flow_proxy,Q1-mild,19,0.21057941099527863,14726.77147378934,14054.968498677168,15362.934007866843,24900.328366251484,23595.03573372649,26362.974430481117
cicv5g,aoi_p95_s,impaired_gru,30,flow_proxy,Q2-moderate,18,0.25868722848788633,15813.62187915136,15158.119436486077,16574.771102974606,26670.88407251996,25366.00442110872,28172.17908368951
cicv5g,aoi_p95_s,impaired_gru,30,flow_proxy,Q3-high,21,0.3221212410418713,14064.924686318966,13287.637300769286,14811.890495060381,24139.373013908113,22453.21318140292,25836.415245750894
cicv5g,aoi_p95_s,impaired_gru,30,flow_proxy,Q4-severe,16,0.41158933223908145,15510.177819249071,14863.536159239986,16288.649294943063,26343.948765763307,25127.043832275125,27564.452592326576
cicv5g,aoi_p95_s,impaired_gru,30,speed_mean_kmh,Q1-mild,19,0.21057941099527863,4.166428029086745,3.970448491378616,4.388457196685317,6.575395425552219,6.193132977473891,6.983410152921351
cicv5g,aoi_p95_s,impaired_gru,30,speed_mean_kmh,Q2-moderate,18,0.25868722848788633,4.874857741028701,4.51329603799591,5.266762880425117,8.775974593885236,7.806987826174585,9.810327736755347
cicv5g,aoi_p95_s,impaired_gru,30,speed_mean_kmh,Q3-high,21,0.3221212410418713,4.870933830933713,4.618374530563343,5.141636857479745,8.819440345002885,8.226644024376935,9.474350832252465
cicv5g,aoi_p95_s,impaired_gru,30,speed_mean_kmh,Q4-severe,16,0.41158933223908145,4.487723883866908,4.121500018198381,4.870069582008579,7.428298169500531,6.77949877928688,8.267463004358236
cicv5g,aoi_p95_s,impaired_gru,30,vehicle_count,Q1-mild,19,0.21057941099527863,1.765495270071992,1.7103951383797857,1.8246104703064545,3.0441043175855977,2.954471101821863,3.1441447452723743
cicv5g,aoi_p95_s,impaired_gru,30,vehicle_count,Q2-moderate,18,0.25868722848788633,2.0907871308178545,2.006578898416521,2.1692274836822474,3.3517380295454338,3.2502258184453776,3.4565351804692552
cicv5g,aoi_p95_s,impaired_gru,30,vehicle_count,Q3-high,21,0.3221212410418713,1.2817676387946446,1.1651436290178685,1.3956246764741884,2.257856209358075,2.0839656144462286,2.441080990224716
cicv5g,aoi_p95_s,impaired_gru,30,vehicle_count,Q4-severe,16,0.41158933223908145,1.2057866497046068,1.139030106942846,1.2730451487935683,2.0441579483513945,1.905604862918584,2.1738114350414204
cicv5g,aoi_p95_s,persistence,5,flow_proxy,Q1-mild,19,0.21057941099527863,15676.616237423756,14885.531751000715,16435.870091792443,26433.912678186156,25282.978100622044,27623.294068916064
cicv5g,aoi_p95_s,persistence,5,flow_proxy,Q2-moderate,18,0.25868722848788633,18538.91137062832,17695.333216804735,19519.985260824124,31289.549676026236,29731.700484745394,32739.323788428712
cicv5g,aoi_p95_s,persistence,5,flow_proxy,Q3-high,21,0.3221212410418713,15998.835904630705,14959.613044460473,17114.205497851894,29473.9662865112,27485.46652226687,31586.460469662503
cicv5g,aoi_p95_s,persistence,5,flow_proxy,Q4-severe,16,0.41158933223908145,13841.897893140831,13216.839804642812,14509.333661186929,24761.24042264472,23745.625686999058,25694.379669282403
cicv5g,aoi_p95_s,persistence,5,speed_mean_kmh,Q1-mild,19,0.21057941099527863,4.234218909753405,3.8884307926687263,4.553729547707176,9.353952363878333,8.41593076196558,10.166785055867946
cicv5g,aoi_p95_s,persistence,5,speed_mean_kmh,Q2-moderate,18,0.25868722848788633,5.7980437779616345,5.12354866452371,6.487935864958656,11.937968140782566,10.690329509507903,13.064354702072198
cicv5g,aoi_p95_s,persistence,5,speed_mean_kmh,Q3-high,21,0.3221212410418713,4.336819048773798,3.855753903892705,4.862910924822674,9.01617359115642,8.067496754038599,9.902321665787655
cicv5g,aoi_p95_s,persistence,5,speed_mean_kmh,Q4-severe,16,0.41158933223908145,3.680528220708289,3.371636188077394,3.9975806889853445,7.296672030668467,6.734439954019874,7.8033842882011095
cicv5g,aoi_p95_s,persistence,5,vehicle_count,Q1-mild,19,0.21057941099527863,1.1622088506597705,1.1035375834971726,1.2165660547443735,1.948825333823883,1.868274327805172,2.02517458641363
cicv5g,aoi_p95_s,persistence,5,vehicle_count,Q2-moderate,18,0.25868722848788633,1.1384335589176038,1.0746812888027168,1.2085610621097378,1.942622821495867,1.8433505959652405,2.043459599376387
cicv5g,aoi_p95_s,persistence,5,vehicle_count,Q3-high,21,0.3221212410418713,1.0093677140218853,0.9523614668546094,1.0655933296894993,1.8788153205976863,1.7750250878969471,1.9868553763271228
cicv5g,aoi_p95_s,persistence,5,vehicle_count,Q4-severe,16,0.41158933223908145,0.903688545165215,0.8196465336988971,0.9980020736825262,1.6054986660114594,1.4736570564784657,1.7458411922967692
cicv5g,aoi_p95_s,persistence,10,flow_proxy,Q1-mild,19,0.21057941099527863,21069.35965136427,19994.031895262473,22210.51199456352,35581.16700713028,34438.45163869412,36846.23872966736
cicv5g,aoi_p95_s,persistence,10,flow_proxy,Q2-moderate,18,0.25868722848788633,22134.81186420274,21144.477436078167,23211.613519828512,39157.012234894035,37098.682859630186,41233.08297669532
cicv5g,aoi_p95_s,persistence,10,flow_proxy,Q3-high,21,0.3221212410418713,21650.677178143895,20363.994172600862,22794.304943791605,38652.973440583344,36446.6344892549,40870.40772942728
cicv5g,aoi_p95_s,persistence,10,flow_proxy,Q4-severe,16,0.41158933223908145,17572.788899423125,16280.760346564091,18829.903814215068,31990.430499609676,29651.305081897808,33967.94304388907
cicv5g,aoi_p95_s,persistence,10,speed_mean_kmh,Q1-mild,19,0.21057941099527863,5.099902469545169,4.750707295945955,5.4073627633411645,9.569733094905041,8.770124545138705,10.290046776309858
cicv5g,aoi_p95_s,persistence,10,speed_mean_kmh,Q2-moderate,18,0.25868722848788633,5.643805265101229,5.111469091054655,6.272950834044626,10.77819263246896,9.560345067290319,11.940826193056072
cicv5g,aoi_p95_s,persistence,10,speed_mean_kmh,Q3-high,21,0.3221212410418713,5.895672983840091,5.315554503043779,6.439954783877861,10.898542593108415,9.994112889286598,11.891214072075726
cicv5g,aoi_p95_s,persistence,10,speed_mean_kmh,Q4-severe,16,0.41158933223908145,4.325013297916894,3.9431257673123086,4.705083521189511,7.801336080700536,7.252290901715622,8.318832484124265
cicv5g,aoi_p95_s,persistence,10,vehicle_count,Q1-mild,19,0.21057941099527863,1.6773080906397428,1.6169111935825917,1.7351165429367474,2.896451427452604,2.8028537571778074,2.985445315583058
cicv5g,aoi_p95_s,persistence,10,vehicle_count,Q2-moderate,18,0.25868722848788633,1.6393443160432297,1.5363616099340776,1.7331740112204588,2.8758917637389207,2.70322694698493,3.0165106891609086
cicv5g,aoi_p95_s,persistence,10,vehicle_count,Q3-high,21,0.3221212410418713,1.3590945036238582,1.2654176841392861,1.4559134052045875,2.480511683057494,2.306143458382173,2.6576643745376463
cicv5g,aoi_p95_s,persistence,10,vehicle_count,Q4-severe,16,0.41158933223908145,1.2858606904154342,1.2171875329291724,1.356583034638942,2.3683778864498306,2.2389889763970516,2.5032837664945795
cicv5g,aoi_p95_s,persistence,30,flow_proxy,Q1-mild,19,0.21057941099527863,32530.6631620049,31233.119796158622,33601.75295563275,53110.924544657755,51014.17658375228,54748.90773218639
cicv5g,aoi_p95_s,persistence,30,flow_proxy,Q2-moderate,18,0.25868722848788633,25957.392803250896,24686.294949213556,27417.812026779884,44040.27212719175,41983.05772357516,46557.140983463265
cicv5g,aoi_p95_s,persistence,30,flow_proxy,Q3-high,21,0.3221212410418713,30596.72930060348,29382.665233148982,31905.06903882399,51381.59320668912,49835.183995259154,52891.53491967874
cicv5g,aoi_p95_s,persistence,30,flow_proxy,Q4-severe,16,0.41158933223908145,26803.232544473358,25310.101906804066,28298.803338400707,47160.32075503921,43957.50082664452,50576.83838758243
cicv5g,aoi_p95_s,persistence,30,speed_mean_kmh,Q1-mild,19,0.21057941099527863,7.755692463570392,7.33750980636967,8.15827241774826,12.904232199281708,12.126314631056884,13.772808127809226
cicv5g,aoi_p95_s,persistence,30,speed_mean_kmh,Q2-moderate,18,0.25868722848788633,7.1456520777322465,6.712333330840888,7.617619534268703,12.197860167294332,11.461560315961762,13.046917164207649
cicv5g,aoi_p95_s,persistence,30,speed_mean_kmh,Q3-high,21,0.3221212410418713,7.522279261798879,7.06003067536991,8.01852574592534,13.210820275026089,12.324412566427066,14.13988705557161
cicv5g,aoi_p95_s,persistence,30,speed_mean_kmh,Q4-severe,16,0.41158933223908145,6.466322392562276,6.070195472145758,6.872680293926612,10.677247812403275,10.121896062212581,11.352725946264668
cicv5g,aoi_p95_s,persistence,30,vehicle_count,Q1-mild,19,0.21057941099527863,2.414150262228427,2.3485764930341104,2.472843106160839,4.212422969587182,4.146007563803461,4.298289555802035
cicv5g,aoi_p95_s,persistence,30,vehicle_count,Q2-moderate,18,0.25868722848788633,2.6457195950493233,2.595628517135477,2.695810666377329,5.426457017465538,5.2035349612746495,5.632613813030902
cicv5g,aoi_p95_s,persistence,30,vehicle_count,Q3-high,21,0.3221212410418713,2.1951600915042135,2.116295913477242,2.2740242707325975,3.8657445501228307,3.7305445555954213,4.024288956570846
cicv5g,aoi_p95_s,persistence,30,vehicle_count,Q4-severe,16,0.41158933223908145,2.226434504887755,2.1127049901543535,2.351434511093256,4.062764705459214,3.90316095550359,4.220168430592565
see_v2x,latency_mean_ms,ca_dtnet,5,flow_proxy,Q1-mild,19,17.793133600415178,12987.174913716068,11787.125917213549,13979.485492942787,21612.747803813043,19849.654113895223,23210.77283374495
see_v2x,latency_mean_ms,ca_dtnet,5,flow_proxy,Q2-moderate,18,17.926029486531988,12692.421505000482,11350.945562944808,14034.316653994118,21369.314393140394,19031.157130857668,23679.281215204093
see_v2x,latency_mean_ms,ca_dtnet,5,flow_proxy,Q3-high,19,18.110337046783624,13287.287252579035,12046.829882392713,14603.694007078115,24446.85381146285,21828.85824925041,27175.29912552227
see_v2x,latency_mean_ms,ca_dtnet,5,flow_proxy,Q4-severe,18,18.51167197016461,13506.061297958024,12563.545169438214,14374.770409186927,23760.856097873526,22134.87221893508,25400.10431572962
see_v2x,latency_mean_ms,ca_dtnet,5,speed_mean_kmh,Q1-mild,19,17.793133600415178,3.58393540294191,3.2732645716489497,3.911380360871648,7.334874220098818,6.538054154251286,8.185661718844198
see_v2x,latency_mean_ms,ca_dtnet,5,speed_mean_kmh,Q2-moderate,18,17.926029486531988,3.7123321025604445,3.250198663627184,4.256023001223737,7.2899197923673285,6.11945014632354,8.517122775259091
see_v2x,latency_mean_ms,ca_dtnet,5,speed_mean_kmh,Q3-high,19,18.110337046783624,4.059093671530374,3.4557612983869834,4.637637002430307,7.678689749113379,6.520597682673163,9.118644933778684
see_v2x,latency_mean_ms,ca_dtnet,5,speed_mean_kmh,Q4-severe,18,18.51167197016461,3.6644832470088624,3.2932738391338714,4.066140723347316,7.0919812234778306,6.270074054844923,7.949584847026653
see_v2x,latency_mean_ms,ca_dtnet,5,vehicle_count,Q1-mild,19,17.793133600415178,0.9819898046075096,0.9102959306374293,1.0419903785464464,1.6361661482114243,1.5265074239266359,1.7387297710546266
see_v2x,latency_mean_ms,ca_dtnet,5,vehicle_count,Q2-moderate,18,17.926029486531988,0.97229450570876,0.8633471547443717,1.0748948668447187,1.6530536131601223,1.4575292451082613,1.843649104606057
see_v2x,latency_mean_ms,ca_dtnet,5,vehicle_count,Q3-high,19,18.110337046783624,1.0160607088533131,0.91358553686083,1.1077157550370473,1.8354029892537362,1.622991995316627,2.0494546036526686
see_v2x,latency_mean_ms,ca_dtnet,5,vehicle_count,Q4-severe,18,18.51167197016461,0.895158089070153,0.8502649426588961,0.9382615066060391,1.6029997258226298,1.509198138640083,1.709683464063134
see_v2x,latency_mean_ms,ca_dtnet,10,flow_proxy,Q1-mild,19,17.793133600415178,16300.703048471036,14911.53615074686,17586.71879465625,27870.47314934032,25645.24946908276,29957.378992392383
see_v2x,latency_mean_ms,ca_dtnet,10,flow_proxy,Q2-moderate,18,17.926029486531988,15013.194110715907,13601.261965009762,16540.166919018488,25449.41234282687,23073.409515193656,27855.299211135756
see_v2x,latency_mean_ms,ca_dtnet,10,flow_proxy,Q3-high,19,18.110337046783624,16592.312615420862,15014.610246775015,18243.990723054838,30109.678102179518,26686.14826432077,33718.629444817314
see_v2x,latency_mean_ms,ca_dtnet,10,flow_proxy,Q4-severe,18,18.51167197016461,15308.200779787083,14099.964833306789,16429.481207131157,27072.55208024128,24871.917906946936,29312.21350152005
see_v2x,latency_mean_ms,ca_dtnet,10,speed_mean_kmh,Q1-mild,19,17.793133600415178,3.968469782190544,3.6195082338433324,4.328955557489739,7.280092268057669,6.4661775818477345,8.144469193118836
see_v2x,latency_mean_ms,ca_dtnet,10,speed_mean_kmh,Q2-moderate,18,17.926029486531988,4.212182524605387,3.822665123689334,4.646162111686122,8.202202679300084,7.17994444222855,9.367128999028719
see_v2x,latency_mean_ms,ca_dtnet,10,speed_mean_kmh,Q3-high,19,18.110337046783624,4.5577031155365475,3.948028930312225,5.3021681483696534,8.109442086722707,7.011384348880367,9.388461149780653
see_v2x,latency_mean_ms,ca_dtnet,10,speed_mean_kmh,Q4-severe,18,18.51167197016461,3.966051753444048,3.4711868672716624,4.4298476077234925,7.3435412852479045,6.392211656630497,8.29159915236869
see_v2x,latency_mean_ms,ca_dtnet,10,vehicle_count,Q1-mild,19,17.793133600415178,1.3241193503399808,1.2066005060473246,1.423842947609222,2.2187691394356324,2.0352246088043384,2.386416542195217
see_v2x,latency_mean_ms,ca_dtnet,10,vehicle_count,Q2-moderate,18,17.926029486531988,1.3474479198529132,1.2574255120528954,1.4411549257422116,2.244722715254059,2.08506330512087,2.405606825247942
see_v2x,latency_mean_ms,ca_dtnet,10,vehicle_count,Q3-high,19,18.110337046783624,1.3359854122734023,1.2331766994507531,1.4338093295628034,2.3895270695330484,2.1730110040734942,2.627005113435208
see_v2x,latency_mean_ms,ca_dtnet,10,vehicle_count,Q4-severe,18,18.51167197016461,1.0700708945282296,0.9499693578817675,1.1890669648932992,1.9125158957913138,1.6741655677640757,2.1731449448577282
see_v2x,latency_mean_ms,ca_dtnet,30,flow_proxy,Q1-mild,19,17.793133600415178,15122.543666410049,14732.405802720788,15532.024559060132,26923.515335844797,26067.85080312305,27828.774554776384
see_v2x,latency_mean_ms,ca_dtnet,30,flow_proxy,Q2-moderate,18,17.926029486531988,14054.724529133598,13675.795427773164,14415.447119134249,24174.898267284672,23220.34726334944,25105.97876962117
see_v2x,latency_mean_ms,ca_dtnet,30,flow_proxy,Q3-high,19,18.110337046783624,13869.901955743464,13000.416099038039,14809.389554138408,23600.522319500633,22128.37486714023,25143.2499347307
see_v2x,latency_mean_ms,ca_dtnet,30,flow_proxy,Q4-severe,18,18.51167197016461,16006.497679419754,15325.189782443573,16723.19510204772,27843.093171332486,26658.839149991207,28988.05948287612
see_v2x,latency_mean_ms,ca_dtnet,30,speed_mean_kmh,Q1-mild,19,17.793133600415178,3.938537749109138,3.62307862375262,4.30475086321172,7.283717206805411,6.642182432017619,8.008916896759885
see_v2x,latency_mean_ms,ca_dtnet,30,speed_mean_kmh,Q2-moderate,18,17.926029486531988,3.7774514967025277,3.509722936837179,4.089859775838507,7.022595437238881,6.325465368447478,7.746771386896415
see_v2x,latency_mean_ms,ca_dtnet,30,speed_mean_kmh,Q3-high,19,18.110337046783624,4.4122026024302885,3.928899858745093,4.903408710993852,8.350343117816221,7.450569314798275,9.495401622282198
see_v2x,latency_mean_ms,ca_dtnet,30,speed_mean_kmh,Q4-severe,18,18.51167197016461,4.799785003869778,4.5481439230863465,5.091301636035626,8.898812239829804,8.17901236252852,9.75561011403141
see_v2x,latency_mean_ms,ca_dtnet,30,vehicle_count,Q1-mild,19,17.793133600415178,1.8082974797041083,1.7065133986744885,1.893966868740123,3.1937003865591973,3.005311270440608,3.3621553583741015
see_v2x,latency_mean_ms,ca_dtnet,30,vehicle_count,Q2-moderate,18,17.926029486531988,1.7358491488604466,1.5448867783716778,1.9011665480883067,3.097721433898024,2.820355673798905,3.3695993159886233
see_v2x,latency_mean_ms,ca_dtnet,30,vehicle_count,Q3-high,19,18.110337046783624,1.437558584208588,1.2132769670821197,1.6544397941141646,2.5074815618611375,2.1344744916101757,2.873272231764274
see_v2x,latency_mean_ms,ca_dtnet,30,vehicle_count,Q4-severe,18,18.51167197016461,1.3057214168276803,1.1861998561615155,1.4230016550223437,2.218231702132753,2.0317829924413866,2.444776433939135
see_v2x,latency_mean_ms,graph_gru,5,flow_proxy,Q1-mild,19,17.793133600415178,14346.91199025845,12873.58899719819,15607.672578278576,22780.753733130485,20633.752595441623,24657.30667551567
see_v2x,latency_mean_ms,graph_gru,5,flow_proxy,Q2-moderate,18,17.926029486531988,13486.430340062003,12135.156067546059,14699.257174682614,21865.613779038962,19811.635198295226,23529.645218535123
see_v2x,latency_mean_ms,graph_gru,5,flow_proxy,Q3-high,19,18.110337046783624,12695.649477436813,11323.659832101546,14095.640522956981,21214.141556304337,19094.354003500695,23563.292312110236
see_v2x,latency_mean_ms,graph_gru,5,flow_proxy,Q4-severe,18,18.51167197016461,13737.018435364376,12763.382888272681,14731.82263038708,23580.24628038014,21868.454847585017,25155.26926154282
see_v2x,latency_mean_ms,graph_gru,5,speed_mean_kmh,Q1-mild,19,17.793133600415178,3.8616516138095562,3.5789713069551814,4.146056527765749,6.775282783056348,6.0855128871753355,7.476597913450734
see_v2x,latency_mean_ms,graph_gru,5,speed_mean_kmh,Q2-moderate,18,17.926029486531988,3.878411638999088,3.482592196026294,4.358022777461904,6.999138868620864,5.99634688183737,8.058834889762851
see_v2x,latency_mean_ms,graph_gru,5,speed_mean_kmh,Q3-high,19,18.110337046783624,4.196386891517404,3.573001661655146,4.828839538047597,7.4944529104873805,6.2919876883991295,8.866306126920335
see_v2x,latency_mean_ms,graph_gru,5,speed_mean_kmh,Q4-severe,18,18.51167197016461,3.9075372352286246,3.5775563734144518,4.248961508143118,6.891899726303476,6.1663110098335325,7.648656597218452
see_v2x,latency_mean_ms,graph_gru,5,vehicle_count,Q1-mild,19,17.793133600415178,1.079585424383767,1.001647792241362,1.1503569484701002,1.7139952306843278,1.5979013840148437,1.8135429927636266
see_v2x,latency_mean_ms,graph_gru,5,vehicle_count,Q2-moderate,18,17.926029486531988,1.0213684696368208,0.9360145514973339,1.097780837909861,1.6360670371967174,1.5014875807924664,1.7572809334387283
see_v2x,latency_mean_ms,graph_gru,5,vehicle_count,Q3-high,19,18.110337046783624,1.002406967708948,0.9182532375718987,1.08366244227632,1.7303997593116367,1.563761128898789,1.8988810743514122
see_v2x,latency_mean_ms,graph_gru,5,vehicle_count,Q4-severe,18,18.51167197016461,0.9829216357554641,0.9277023471840233,1.0304519375036516,1.6901499250283376,1.563735174112004,1.817701122013955
see_v2x,latency_mean_ms,graph_gru,10,flow_proxy,Q1-mild,19,17.793133600415178,19012.237981184393,17257.165281000984,20618.07148216393,30288.8960036578,27878.056466949267,32418.340527325883
see_v2x,latency_mean_ms,graph_gru,10,flow_proxy,Q2-moderate,18,17.926029486531988,16946.907975566886,15478.930548578935,18226.468338386356,27292.086531563735,25175.46070049701,29314.4008833416
see_v2x,latency_mean_ms,graph_gru,10,flow_proxy,Q3-high,19,18.110337046783624,15929.92007279216,14287.246975927746,17610.063811709264,26761.46735051377,24365.26438402051,29265.61226679847
see_v2x,latency_mean_ms,graph_gru,10,flow_proxy,Q4-severe,18,18.51167197016461,17881.691611343493,17094.182685012613,18755.100318867815,29301.81802516685,28026.40911809624,30527.79611957185
see_v2x,latency_mean_ms,graph_gru,10,speed_mean_kmh,Q1-mild,19,17.793133600415178,4.361706101152215,4.018992043801489,4.691749894720764,6.95654784961886,6.274877750591335,7.70769532477486
see_v2x,latency_mean_ms,graph_gru,10,speed_mean_kmh,Q2-moderate,18,17.926029486531988,4.471290994827771,4.093467740464942,4.873480092788159,7.739323309430278,6.786813686120365,8.8161760797666
see_v2x,latency_mean_ms,graph_gru,10,speed_mean_kmh,Q3-high,19,18.110337046783624,4.540106207983181,3.9684043347908946,5.231657029758722,7.634175527941089,6.541751591329163,8.937574351151232
see_v2x,latency_mean_ms,graph_gru,10,speed_mean_kmh,Q4-severe,18,18.51167197016461,4.548622274765588,4.140154040805135,4.94056889575692,7.569977950254576,6.838791762230891,8.353240629777558
see_v2x,latency_mean_ms,graph_gru,10,vehicle_count,Q1-mild,19,17.793133600415178,1.4503236549186875,1.3502874407808245,1.5370274863988198,2.40650989181944,2.2223021748091654,2.5882641609190498
see_v2x,latency_mean_ms,graph_gru,10,vehicle_count,Q2-moderate,18,17.926029486531988,1.4303633517368415,1.33620621712104,1.5178205393503528,2.292348662496492,2.158274279520755,2.4241956068411556
see_v2x,latency_mean_ms,graph_gru,10,vehicle_count,Q3-high,19,18.110337046783624,1.2914055851257618,1.2361983777684218,1.3507850435182818,2.221083399446848,2.1169271317765928,2.319833761736544
see_v2x,latency_mean_ms,graph_gru,10,vehicle_count,Q4-severe,18,18.51167197016461,1.2441828495559915,1.1442551034995914,1.342636462617257,2.094111111846848,1.8929835953325902,2.32484263476176
see_v2x,latency_mean_ms,graph_gru,30,flow_proxy,Q1-mild,19,17.793133600415178,16830.79605176977,16277.666418437188,17370.827214037956,27109.24998756766,25803.865710538103,28460.58263728716
see_v2x,latency_mean_ms,graph_gru,30,flow_proxy,Q2-moderate,18,17.926029486531988,16390.406566065576,15684.716503636462,17165.931524964413,26620.757891488094,25137.16466265255,27955.18343653331
see_v2x,latency_mean_ms,graph_gru,30,flow_proxy,Q3-high,19,18.110337046783624,15719.388876724228,14962.429839395369,16523.731147651608,25261.12113658123,24114.125583839334,26569.707580726154
see_v2x,latency_mean_ms,graph_gru,30,flow_proxy,Q4-severe,18,18.51167197016461,14784.88230176541,14061.729749029884,15525.268437691397,24015.858254624705,22623.92166601783,25505.467810669186
see_v2x,latency_mean_ms,graph_gru,30,speed_mean_kmh,Q1-mild,19,17.793133600415178,4.36435269771697,4.122253699054239,4.642969084821867,6.921113856956583,6.447824100707955,7.4813125667203915
see_v2x,latency_mean_ms,graph_gru,30,speed_mean_kmh,Q2-moderate,18,17.926029486531988,4.125913261964267,3.877249195461127,4.430724336458817,6.561730278018627,5.908154332141023,7.2690081234659205
see_v2x,latency_mean_ms,graph_gru,30,speed_mean_kmh,Q3-high,19,18.110337046783624,4.823040994218439,4.391736239034581,5.251342165606408,8.103215483704156,7.2087790186040035,9.208020085779795
see_v2x,latency_mean_ms,graph_gru,30,speed_mean_kmh,Q4-severe,18,18.51167197016461,4.834290518899657,4.578398308976761,5.134376577729164,8.272392848598136,7.620332478681917,8.994932268376349
see_v2x,latency_mean_ms,graph_gru,30,vehicle_count,Q1-mild,19,17.793133600415178,1.7654706671716351,1.6622663567981457,1.8713751019381164,2.9785155911792396,2.812096727915395,3.15592388459342
see_v2x,latency_mean_ms,graph_gru,30,vehicle_count,Q2-moderate,18,17.926029486531988,1.7979895151285403,1.642045473499362,1.9266466771511537,2.985302661252583,2.762268060963103,3.1973669732739323
see_v2x,latency_mean_ms,graph_gru,30,vehicle_count,Q3-high,19,18.110337046783624,1.454394228906646,1.309563166750316,1.5919302861493825,2.3958309646471823,2.146193837719778,2.656215072585375
see_v2x,latency_mean_ms,graph_gru,30,vehicle_count,Q4-severe,18,18.51167197016461,1.329673827253782,1.2845317380790466,1.3758036757372654,2.209895343987174,2.109434437946618,2.3186751305359907
see_v2x,latency_mean_ms,historical_average,5,flow_proxy,Q1-mild,19,17.793133600415178,19010.69044987813,18208.20453738473,19907.063237990635,31690.891373249597,30398.3590129172,32915.436615059145
see_v2x,latency_mean_ms,historical_average,5,flow_proxy,Q2-moderate,18,17.926029486531988,19383.564566736237,18465.2561746232,20254.431754287423,31671.236332187887,30130.76617229537,33090.05841754566
see_v2x,latency_mean_ms,historical_average,5,flow_proxy,Q3-high,19,18.110337046783624,17956.80461956646,17143.272865860545,18800.518159765314,29371.57116024618,27899.97391443976,31037.23694800291
see_v2x,latency_mean_ms,historical_average,5,flow_proxy,Q4-severe,18,18.51167197016461,18760.5140426543,17706.80370399853,19887.532897879675,30435.106028936352,28944.615825051398,31926.491653801913
see_v2x,latency_mean_ms,historical_average,5,speed_mean_kmh,Q1-mild,19,17.793133600415178,5.6222963552243765,5.309697487979784,5.984451658355049,8.881476314075815,8.177472597619992,9.730056004740625
see_v2x,latency_mean_ms,historical_average,5,speed_mean_kmh,Q2-moderate,18,17.926029486531988,5.545146828362596,5.0884681755545955,5.9884869351406635,8.803460748582104,7.898501651894172,9.7150923241063
see_v2x,latency_mean_ms,historical_average,5,speed_mean_kmh,Q3-high,19,18.110337046783624,5.7074224572553165,5.320451861905687,6.112946708300067,8.844705196812333,7.9992681702492945,9.866212778717621
see_v2x,latency_mean_ms,historical_average,5,speed_mean_kmh,Q4-severe,18,18.51167197016461,5.490573110843115,5.337417072335191,5.703841758037982,8.557663797813005,8.202578880887785,8.92389266775277
see_v2x,latency_mean_ms,historical_average,5,vehicle_count,Q1-mild,19,17.793133600415178,2.1059031996932767,1.9862279399315586,2.2070479555652036,3.6781952378095313,3.521827043029204,3.829690409871729
see_v2x,latency_mean_ms,historical_average,5,vehicle_count,Q2-moderate,18,17.926029486531988,2.03013501429445,1.866163467109735,2.168278551989313,3.6253186195391374,3.3550306231538918,3.888411721444134
see_v2x,latency_mean_ms,historical_average,5,vehicle_count,Q3-high,19,18.110337046783624,1.8580729444769293,1.628063039004122,2.0862947661829585,3.4607332093855923,2.957921131951557,3.963399272058706
see_v2x,latency_mean_ms,historical_average,5,vehicle_count,Q4-severe,18,18.51167197016461,1.4873571597436952,1.3466432740978567,1.6303476979104705,2.746925269423606,2.366754513259017,3.2138611912674095
see_v2x,latency_mean_ms,historical_average,10,flow_proxy,Q1-mild,19,17.793133600415178,19235.811686105186,18409.07309212474,20042.402990737843,31658.074585679948,30378.207065983315,32817.6110498967
see_v2x,latency_mean_ms,historical_average,10,flow_proxy,Q2-moderate,18,17.926029486531988,18904.16233622423,17900.110792595133,20082.833944431306,30390.016120523465,28626.140471574356,32182.849153268606
see_v2x,latency_mean_ms,historical_average,10,flow_proxy,Q3-high,19,18.110337046783624,19207.217230413775,18443.40927196056,19961.356502443523,31292.184254995173,29868.50487271462,32780.645850250025
see_v2x,latency_mean_ms,historical_average,10,flow_proxy,Q4-severe,18,18.51167197016461,19184.389014688695,18318.170701804454,20170.688489176715,31790.974718072594,30690.406937636588,32812.095172521615
see_v2x,latency_mean_ms,historical_average,10,speed_mean_kmh,Q1-mild,19,17.793133600415178,5.561206874547651,5.224428626195724,5.935310985169111,8.434793498675667,7.756865904874976,9.179625358518347
see_v2x,latency_mean_ms,historical_average,10,speed_mean_kmh,Q2-moderate,18,17.926029486531988,5.574580171056046,5.2715929973167555,5.903177075143972,9.06665524921658,8.266325678711395,10.00888528001036
see_v2x,latency_mean_ms,historical_average,10,speed_mean_kmh,Q3-high,19,18.110337046783624,5.684304230240799,5.248562571311315,6.208894365091137,9.071488857486782,8.249293007790975,10.108023975247397
see_v2x,latency_mean_ms,historical_average,10,speed_mean_kmh,Q4-severe,18,18.51167197016461,5.456673380841034,5.190098656333858,5.729022333568398,8.298554566527255,7.7782831952778615,8.837667724721753
see_v2x,latency_mean_ms,historical_average,10,vehicle_count,Q1-mild,19,17.793133600415178,2.1086215510840534,1.95198368026944,2.237046743939507,3.636099913200732,3.4165883764837393,3.8239979271945628
see_v2x,latency_mean_ms,historical_average,10,vehicle_count,Q2-moderate,18,17.926029486531988,1.9746519045039728,1.7899968215865851,2.129577384506137,3.3824116980903063,3.0807035971457877,3.6371755303539604
see_v2x,latency_mean_ms,historical_average,10,vehicle_count,Q3-high,19,18.110337046783624,1.821174229878935,1.6149706610746326,2.035980711796683,3.31204307978739,2.8524397549759084,3.790855619572335
see_v2x,latency_mean_ms,historical_average,10,vehicle_count,Q4-severe,18,18.51167197016461,1.517058886052033,1.3106075909319033,1.73305602687027,2.775979719221503,2.336510795918853,3.3042017414607208
see_v2x,latency_mean_ms,historical_average,30,flow_proxy,Q1-mild,19,17.793133600415178,19146.849362310804,18481.243193347393,19894.058785974168,31647.389719211427,30369.524060642525,32863.94309902511
see_v2x,latency_mean_ms,historical_average,30,flow_proxy,Q2-moderate,18,17.926029486531988,18496.56241025375,17709.74835884729,19207.12985704762,30612.112248167494,29655.35246177197,31591.179507385306
see_v2x,latency_mean_ms,historical_average,30,flow_proxy,Q3-high,19,18.110337046783624,18777.304235856496,18078.821167459977,19544.9970792974,30090.05250579887,29121.463460102397,31122.09788783136
see_v2x,latency_mean_ms,historical_average,30,flow_proxy,Q4-severe,18,18.51167197016461,21042.958892657465,20309.30417873996,21807.999777169007,33932.47462580019,32800.78858354096,34940.609428849646
see_v2x,latency_mean_ms,historical_average,30,speed_mean_kmh,Q1-mild,19,17.793133600415178,5.741748392858827,5.468432143932591,6.005897182283431,8.522352399056109,8.072022446232758,8.977207023128296
see_v2x,latency_mean_ms,historical_average,30,speed_mean_kmh,Q2-moderate,18,17.926029486531988,5.355412747118619,5.159893891195089,5.549750299308686,8.012351307207956,7.545689623575107,8.495250128843466
see_v2x,latency_mean_ms,historical_average,30,speed_mean_kmh,Q3-high,19,18.110337046783624,5.74999302566283,5.412406185463162,6.132425062173286,8.974477592744822,8.237009627416652,9.88700018844742
see_v2x,latency_mean_ms,historical_average,30,speed_mean_kmh,Q4-severe,18,18.51167197016461,5.782785742157546,5.487381472776427,6.111575012514141,9.148010072300403,8.487098655217935,9.930937715134377
see_v2x,latency_mean_ms,historical_average,30,vehicle_count,Q1-mild,19,17.793133600415178,1.9071662138459775,1.759323762016649,2.0411427778972553,3.5213115894570675,3.240443194583478,3.7624700189412583
see_v2x,latency_mean_ms,historical_average,30,vehicle_count,Q2-moderate,18,17.926029486531988,1.8562563934511185,1.6571199327027861,2.0340077355302673,3.3486467694944033,3.0252988279221906,3.6478957057664156
see_v2x,latency_mean_ms,historical_average,30,vehicle_count,Q3-high,19,18.110337046783624,1.8334093450815068,1.6432076115057623,2.023027160986922,3.066337377423098,2.7759734328365475,3.343955421121723
see_v2x,latency_mean_ms,historical_average,30,vehicle_count,Q4-severe,18,18.51167197016461,1.7754079125841862,1.7043691099971856,1.847654314618566,3.145599002826775,3.072315663267439,3.2271287606463837
see_v2x,latency_mean_ms,impaired_gru,5,flow_proxy,Q1-mild,19,17.793133600415178,14642.99934838513,13386.397499337869,15684.328397122477,23600.171278837777,21746.99319921644,25199.34121670877
see_v2x,latency_mean_ms,impaired_gru,5,flow_proxy,Q2-moderate,18,17.926029486531988,13736.64466413128,12549.417536720277,14833.963723980485,22649.069209601843,20445.97155605104,24505.549105386286
see_v2x,latency_mean_ms,impaired_gru,5,flow_proxy,Q3-high,19,18.110337046783624,13481.696770332032,12058.569258566647,14906.062583956926,22578.420133638756,20407.051723845743,24917.751119547393
see_v2x,latency_mean_ms,impaired_gru,5,flow_proxy,Q4-severe,18,18.51167197016461,14851.6778013785,13732.647220213565,15948.303027100043,24580.76158485938,22899.029611900456,26175.210832750647
see_v2x,latency_mean_ms,impaired_gru,5,speed_mean_kmh,Q1-mild,19,17.793133600415178,3.9260379627061717,3.629409726380189,4.2210131568674445,7.0320112298354545,6.303213914065489,7.85306289260879
see_v2x,latency_mean_ms,impaired_gru,5,speed_mean_kmh,Q2-moderate,18,17.926029486531988,3.8746652423463814,3.434460004920298,4.386677615066807,7.259986048518349,6.2181557643509855,8.385881233234503
see_v2x,latency_mean_ms,impaired_gru,5,speed_mean_kmh,Q3-high,19,18.110337046783624,4.164171283576798,3.492057581001747,4.8179702239418445,7.621139383126554,6.306258856228554,9.064803828312932
see_v2x,latency_mean_ms,impaired_gru,5,speed_mean_kmh,Q4-severe,18,18.51167197016461,3.9000456564685604,3.538438790766946,4.283464242238825,7.04394438446005,6.240443774155817,7.862644097467691
see_v2x,latency_mean_ms,impaired_gru,5,vehicle_count,Q1-mild,19,17.793133600415178,1.0966778205089234,0.9952836924815811,1.1859837116275334,1.7552110596744617,1.6124957950921415,1.8780422880008594
see_v2x,latency_mean_ms,impaired_gru,5,vehicle_count,Q2-moderate,18,17.926029486531988,1.0546426369444415,0.9719948744708964,1.131157587307152,1.738519151376431,1.5866842454345196,1.876758742057767
see_v2x,latency_mean_ms,impaired_gru,5,vehicle_count,Q3-high,19,18.110337046783624,1.0345741277997202,0.9466466227333454,1.1209558658690393,1.853909024837389,1.6476571927919887,2.0560589465799213
see_v2x,latency_mean_ms,impaired_gru,5,vehicle_count,Q4-severe,18,18.51167197016461,0.9729337588105635,0.899460030891276,1.04147999264597,1.6961003605187617,1.5365271824376259,1.881090030239218
see_v2x,latency_mean_ms,impaired_gru,10,flow_proxy,Q1-mild,19,17.793133600415178,18911.398917571747,17092.33738498007,20410.730790824782,30158.821972713995,27651.975277817663,32326.09186742017
see_v2x,latency_mean_ms,impaired_gru,10,flow_proxy,Q2-moderate,18,17.926029486531988,16137.07217910945,14664.240627719317,17469.467930970637,26455.173722479005,24057.53655462665,28639.954868419114
see_v2x,latency_mean_ms,impaired_gru,10,flow_proxy,Q3-high,19,18.110337046783624,15946.991893384436,14507.0618374724,17548.65626491102,27242.049498308457,24500.109224246557,30142.40856807774
see_v2x,latency_mean_ms,impaired_gru,10,flow_proxy,Q4-severe,18,18.51167197016461,17380.39966813439,16443.1726792929,18223.337939969697,28116.65202791608,26799.63773835968,29469.857077370718
see_v2x,latency_mean_ms,impaired_gru,10,speed_mean_kmh,Q1-mild,19,17.793133600415178,4.4292064633474055,4.020464228845744,4.826118227948895,7.222400654925934,6.461616115029595,8.06908519418194
see_v2x,latency_mean_ms,impaired_gru,10,speed_mean_kmh,Q2-moderate,18,17.926029486531988,4.4207501961864875,3.9860288619558584,4.8628691663508326,8.126895755241275,7.180065792085958,9.230459853796711
see_v2x,latency_mean_ms,impaired_gru,10,speed_mean_kmh,Q3-high,19,18.110337046783624,4.458808240902539,3.8324705703716315,5.216739342333204,7.850978206566689,6.601385995844355,9.320867506255398
see_v2x,latency_mean_ms,impaired_gru,10,speed_mean_kmh,Q4-severe,18,18.51167197016461,4.384950374590047,3.936341736247153,4.8211348236381895,7.577847967473959,6.7786529092494705,8.449028889373372
see_v2x,latency_mean_ms,impaired_gru,10,vehicle_count,Q1-mild,19,17.793133600415178,1.4369279923905818,1.3195309978061158,1.5358090465019345,2.4272015580825856,2.234800847176252,2.615739385847129
see_v2x,latency_mean_ms,impaired_gru,10,vehicle_count,Q2-moderate,18,17.926029486531988,1.4134399708630927,1.3022642272671283,1.521611761036485,2.3054911705443297,2.1316545163099083,2.4735335490690913
see_v2x,latency_mean_ms,impaired_gru,10,vehicle_count,Q3-high,19,18.110337046783624,1.3070320877914834,1.231871531494211,1.3940292203201907,2.303183225886906,2.1422638314859466,2.4667182420285245
see_v2x,latency_mean_ms,impaired_gru,10,vehicle_count,Q4-severe,18,18.51167197016461,1.2229152357399455,1.0939836979869777,1.3517089066057983,2.0727591971053023,1.8111340808496845,2.370572142912768
see_v2x,latency_mean_ms,impaired_gru,30,flow_proxy,Q1-mild,19,17.793133600415178,15857.636642783411,15067.363370698977,16684.986987323402,26950.362839435867,25409.55456032926,28351.181164635927
see_v2x,latency_mean_ms,impaired_gru,30,flow_proxy,Q2-moderate,18,17.926029486531988,14795.541827664,14194.766799439009,15355.689774643652,25162.92123661904,23872.404142013063,26318.04924878183
see_v2x,latency_mean_ms,impaired_gru,30,flow_proxy,Q3-high,19,18.110337046783624,15616.5259814705,14905.92387443393,16343.897732035775,26407.779720717845,25098.09860875899,27868.651689386217
see_v2x,latency_mean_ms,impaired_gru,30,flow_proxy,Q4-severe,18,18.51167197016461,13713.198699455977,13116.967606145801,14354.731779365482,23352.680304101632,21908.735664723506,25061.304216559896
see_v2x,latency_mean_ms,impaired_gru,30,speed_mean_kmh,Q1-mild,19,17.793133600415178,4.445337157598507,4.16558639900192,4.753278512419517,7.26881018118244,6.662214967402388,7.9010280644917605
see_v2x,latency_mean_ms,impaired_gru,30,speed_mean_kmh,Q2-moderate,18,17.926029486531988,4.242496502179967,3.970709451367026,4.567066963164705,7.084644706614372,6.377756299745239,7.816567144987235
see_v2x,latency_mean_ms,impaired_gru,30,speed_mean_kmh,Q3-high,19,18.110337046783624,4.910465233990332,4.534019778426211,5.327190122452613,8.714497059980562,7.850818358879297,9.782263888840298
see_v2x,latency_mean_ms,impaired_gru,30,speed_mean_kmh,Q4-severe,18,18.51167197016461,4.823679382548556,4.534748180571019,5.153301717813947,8.668122883972812,8.051442207110039,9.36856648598501
see_v2x,latency_mean_ms,impaired_gru,30,vehicle_count,Q1-mild,19,17.793133600415178,1.7882370747161562,1.6709367230189314,1.9032671130152348,3.0460463776154167,2.8752375250822646,3.2213519507683013
see_v2x,latency_mean_ms,impaired_gru,30,vehicle_count,Q2-moderate,18,17.926029486531988,1.7934760100857206,1.6279738257601417,1.9423346987571781,2.9667106605306626,2.759098161757612,3.170270957758422
see_v2x,latency_mean_ms,impaired_gru,30,vehicle_count,Q3-high,19,18.110337046783624,1.5184039810122705,1.3342146423034607,1.703897625817775,2.4845506067187944,2.2049894076223295,2.769347628845094
see_v2x,latency_mean_ms,impaired_gru,30,vehicle_count,Q4-severe,18,18.51167197016461,1.2365787237468515,1.129041643641788,1.3395621868555552,2.1993635885105194,2.0476420199665735,2.3704046727965893
see_v2x,latency_mean_ms,persistence,5,flow_proxy,Q1-mild,19,17.793133600415178,16118.567796072668,15199.740886944446,17035.064739474503,27484.91188592237,26233.280469951278,28730.151128435
see_v2x,latency_mean_ms,persistence,5,flow_proxy,Q2-moderate,18,17.926029486531988,16344.015310517047,15113.863685855675,17631.590266733638,27859.57398996996,26032.148248988833,29548.422802560035
see_v2x,latency_mean_ms,persistence,5,flow_proxy,Q3-high,19,18.110337046783624,15626.238062735449,14351.61301333018,16853.340881748634,27395.21913557927,25476.61419570467,29343.297922995956
see_v2x,latency_mean_ms,persistence,5,flow_proxy,Q4-severe,18,18.51167197016461,16311.03440203223,15162.390527246775,17635.440732493953,30001.975297551875,27910.638868961207,32323.066520794328
see_v2x,latency_mean_ms,persistence,5,speed_mean_kmh,Q1-mild,19,17.793133600415178,4.524597193798236,4.035855792918172,5.093397802365825,9.349290276211299,8.330985745721408,10.276793098421766
see_v2x,latency_mean_ms,persistence,5,speed_mean_kmh,Q2-moderate,18,17.926029486531988,4.636864506816908,4.096785743287225,5.218725644027671,9.922478293725264,8.778641654695546,10.951737419988108
see_v2x,latency_mean_ms,persistence,5,speed_mean_kmh,Q3-high,19,18.110337046783624,4.623644123936045,3.912027010639123,5.303301059826664,9.493381018476036,8.138542811361683,10.936918743216086
see_v2x,latency_mean_ms,persistence,5,speed_mean_kmh,Q4-severe,18,18.51167197016461,4.3265702616697475,3.7531414014078446,4.990825534687447,9.023926274605765,7.982196341016907,10.0752601375768
see_v2x,latency_mean_ms,persistence,5,vehicle_count,Q1-mild,19,17.793133600415178,1.155306341528457,1.075043180959965,1.2303710621872879,1.927868870794694,1.797874044677462,2.0422603166186017
see_v2x,latency_mean_ms,persistence,5,vehicle_count,Q2-moderate,18,17.926029486531988,1.0327869224115362,0.9462431953875872,1.120241397034601,1.7920758808798378,1.670380919235493,1.9116201306009575
see_v2x,latency_mean_ms,persistence,5,vehicle_count,Q3-high,19,18.110337046783624,1.0379637997061455,0.9533865705340407,1.124266648866537,1.840495894250865,1.6990047497272762,1.983153171531124
see_v2x,latency_mean_ms,persistence,5,vehicle_count,Q4-severe,18,18.51167197016461,1.0072860059480737,0.9371585022961882,1.0710382860615477,1.8794520082333048,1.763100273060884,2.0017722912788396
see_v2x,latency_mean_ms,persistence,10,flow_proxy,Q1-mild,19,17.793133600415178,21801.436642203127,20759.288663937044,22783.21232069429,37003.14795608024,35906.52010923328,38162.007601328485
see_v2x,latency_mean_ms,persistence,10,flow_proxy,Q2-moderate,18,17.926029486531988,19922.583106541653,18864.86620925052,21125.365399459584,35344.789709544326,33758.70310651914,36969.584625583535
see_v2x,latency_mean_ms,persistence,10,flow_proxy,Q3-high,19,18.110337046783624,20293.641695909842,18365.89839880955,22199.959480280566,36411.81110042328,33174.95321022889,39722.39071998046
see_v2x,latency_mean_ms,persistence,10,flow_proxy,Q4-severe,18,18.51167197016461,20997.020857471798,19794.297014758897,22151.122556144677,37593.823336550595,35313.23481846752,39793.249750668336
see_v2x,latency_mean_ms,persistence,10,speed_mean_kmh,Q1-mild,19,17.793133600415178,5.194594240357964,4.873388381684864,5.520852202971807,9.574092261118736,8.820555511671145,10.435480398555285
see_v2x,latency_mean_ms,persistence,10,speed_mean_kmh,Q2-moderate,18,17.926029486531988,5.138544147573062,4.694290320313125,5.665537001718493,9.732830520033355,8.795836222175412,10.641126836653775
see_v2x,latency_mean_ms,persistence,10,speed_mean_kmh,Q3-high,19,18.110337046783624,5.348728125148152,4.587274378215474,6.194984330220273,9.940015346142212,8.624052837371227,11.410602207033396
see_v2x,latency_mean_ms,persistence,10,speed_mean_kmh,Q4-severe,18,18.51167197016461,5.498004810217682,5.0482854918357685,5.956045895978455,10.224568196785098,9.354333358679352,11.088887950837343
see_v2x,latency_mean_ms,persistence,10,vehicle_count,Q1-mild,19,17.793133600415178,1.6203624376791577,1.5012079903027413,1.7195859069679933,2.800829132117363,2.6374353990031847,2.965725904225814
see_v2x,latency_mean_ms,persistence,10,vehicle_count,Q2-moderate,18,17.926029486531988,1.5956284692616034,1.4753871036065507,1.7040073417616874,2.780116324342506,2.58092068316731,2.9508213697681
see_v2x,latency_mean_ms,persistence,10,vehicle_count,Q3-high,19,18.110337046783624,1.4219154914400125,1.358908588458745,1.4849439666288209,2.608215958097128,2.499886081540034,2.720044869441996
see_v2x,latency_mean_ms,persistence,10,vehicle_count,Q4-severe,18,18.51167197016461,1.340619355006643,1.2313069553086837,1.4535519667764885,2.470781750459571,2.2783409209903955,2.665494750018612
see_v2x,latency_mean_ms,persistence,30,flow_proxy,Q1-mild,19,17.793133600415178,31108.064762107104,29597.747051672413,32658.632627146355,51738.52449502336,48954.08971756075,54255.223732690836
see_v2x,latency_mean_ms,persistence,30,flow_proxy,Q2-moderate,18,17.926029486531988,29242.570044021923,27574.35486203918,30814.03257102094,49472.08636384784,46988.42709850617,52151.28061290674
see_v2x,latency_mean_ms,persistence,30,flow_proxy,Q3-high,19,18.110337046783624,25308.71732107868,24195.830366011658,26561.736918337432,43619.775378775754,41860.10966253259,45707.39919412725
see_v2x,latency_mean_ms,persistence,30,flow_proxy,Q4-severe,18,18.51167197016461,31048.00595000028,29765.217662001985,32435.953891817204,51872.92864695698,49941.5925042318,53352.76005742056
see_v2x,latency_mean_ms,persistence,30,speed_mean_kmh,Q1-mild,19,17.793133600415178,7.583341170029603,7.213716327814859,7.961192568265572,12.570937595563153,11.847445198367751,13.3724252631751
see_v2x,latency_mean_ms,persistence,30,speed_mean_kmh,Q2-moderate,18,17.926029486531988,7.115130190638666,6.77552354084472,7.464733194127146,11.716065740704176,11.061720551449266,12.448885302428886
see_v2x,latency_mean_ms,persistence,30,speed_mean_kmh,Q3-high,19,18.110337046783624,6.89839957538607,6.327254322338464,7.461191277562069,12.003877285535982,11.046802091485183,13.157218321175309
see_v2x,latency_mean_ms,persistence,30,speed_mean_kmh,Q4-severe,18,18.51167197016461,7.460435784109872,6.9650652600418645,7.9959290572282775,13.076746879102494,12.145467632759804,14.016432101571866
see_v2x,latency_mean_ms,persistence,30,vehicle_count,Q1-mild,19,17.793133600415178,2.5194134063492912,2.439150237899973,2.593636873724955,4.578981227401779,4.310762433442694,4.87884439397128
see_v2x,latency_mean_ms,persistence,30,vehicle_count,Q2-moderate,18,17.926029486531988,2.475409947858365,2.3797587493412635,2.569239641038898,4.719010104883801,4.405931596788112,5.016582622022346
see_v2x,latency_mean_ms,persistence,30,vehicle_count,Q3-high,19,18.110337046783624,2.337359882141303,2.2139560771418174,2.4598792992745135,4.465598169527048,4.194990067191088,4.743383577069565
see_v2x,latency_mean_ms,persistence,30,vehicle_count,Q4-severe,18,18.51167197016461,2.14298730528012,2.091985479248204,2.193078386246509,3.7502403772347517,3.6801540931226273,3.8284782252254557
see_v2x,latency_p95_ms,ca_dtnet,5,flow_proxy,S1,46,22.85777025362319,13234.655381939572,12489.917591331465,14023.977493519407,23098.089761930518,21613.01240141855,24629.264873640077
see_v2x,latency_p95_ms,ca_dtnet,5,flow_proxy,S2,16,23.212815476190478,12488.045367398856,11200.378438588394,13668.169540385095,22103.176643583516,19971.241793277317,24204.46580424157
see_v2x,latency_p95_ms,ca_dtnet,5,flow_proxy,S3,12,24.33567041666667,13515.383180438197,12265.515380045521,14728.899401279343,22609.37868186271,20174.865888612596,24962.9694944533
see_v2x,latency_p95_ms,ca_dtnet,5,speed_mean_kmh,S1,46,22.85777025362319,3.8528539541213904,3.53178046222312,4.186558098420592,7.51812535262915,6.873161651219273,8.181846897925235
see_v2x,latency_p95_ms,ca_dtnet,5,speed_mean_kmh,S2,16,23.212815476190478,3.4360796062682786,3.065555066975646,3.850489984286877,6.649674248603872,5.805141507115453,7.633299470910629
see_v2x,latency_p95_ms,ca_dtnet,5,speed_mean_kmh,S3,12,24.33567041666667,3.815972759778712,3.2355755876031815,4.406018881281768,7.65861495847015,6.191415889532447,9.266504987602255
see_v2x,latency_p95_ms,ca_dtnet,5,vehicle_count,S1,46,22.85777025362319,1.0167815590049374,0.9613434172237266,1.0706622182526295,1.779378957380755,1.6682627159552863,1.8988725585536288
see_v2x,latency_p95_ms,ca_dtnet,5,vehicle_count,S2,16,23.212815476190478,0.8128003375957286,0.7386231803523421,0.8819461338604384,1.4114661954506387,1.2790761009688982,1.548879365303448
see_v2x,latency_p95_ms,ca_dtnet,5,vehicle_count,S3,12,24.33567041666667,0.9833624455014415,0.94473005544108,1.0181707193553708,1.677823545566885,1.562156568754473,1.8011477840761234
see_v2x,latency_p95_ms,ca_dtnet,10,flow_proxy,S1,46,22.85777025362319,16701.2073319291,15683.377614131248,17675.509286703375,29351.481261070003,27469.013345623855,31235.141564226276
see_v2x,latency_p95_ms,ca_dtnet,10,flow_proxy,S2,16,23.212815476190478,13413.684892490102,12627.893054860186,14241.883713760128,23455.529887378027,22000.735709588407,24935.449150325305
see_v2x,latency_p95_ms,ca_dtnet,10,flow_proxy,S3,12,24.33567041666667,15656.49250786831,14092.02450383671,16972.119423726122,26796.801432236276,24202.61046726595,29474.397189820837
see_v2x,latency_p95_ms,ca_dtnet,10,speed_mean_kmh,S1,46,22.85777025362319,4.311900660336125,3.9486194634977925,4.6665402261598565,8.026833046103405,7.335252111038622,8.764529927725523
see_v2x,latency_p95_ms,ca_dtnet,10,speed_mean_kmh,S2,16,23.212815476190478,3.4478148199559246,3.150636280401281,3.8432679868552846,6.257268649974549,5.554388336308151,7.067141792516494
see_v2x,latency_p95_ms,ca_dtnet,10,speed_mean_kmh,S3,12,24.33567041666667,4.641086213912336,4.143510466430949,5.108259014802621,8.57282713186179,7.561400580901664,9.577953806625613
see_v2x,latency_p95_ms,ca_dtnet,10,vehicle_count,S1,46,22.85777025362319,1.3345703418681736,1.2626651895050434,1.4026316739182907,2.3324171560820215,2.182720619529608,2.471264971059624
see_v2x,latency_p95_ms,ca_dtnet,10,vehicle_count,S2,16,23.212815476190478,0.9767752256839396,0.9115601751166302,1.0439747160381558,1.6848342783631307,1.5912190391075176,1.7743590737606905
see_v2x,latency_p95_ms,ca_dtnet,10,vehicle_count,S3,12,24.33567041666667,1.4198908176363176,1.366384716853082,1.4818256655155029,2.3449487779698814,2.150214860387449,2.5542535760478047
see_v2x,latency_p95_ms,ca_dtnet,30,flow_proxy,S1,46,22.85777025362319,14448.94817492611,13986.507630523105,14924.742942946967,25124.59902146059,24285.263765643373,25975.71214097468
see_v2x,latency_p95_ms,ca_dtnet,30,flow_proxy,S2,16,23.212815476190478,15402.632118740927,14767.926308169895,16049.590110052357,27198.229762897157,25993.954609490178,28471.523794884088
see_v2x,latency_p95_ms,ca_dtnet,30,flow_proxy,S3,12,24.33567041666667,15072.061385701782,14041.0520291286,16256.640811853851,25448.110846094187,23296.18885304347,27792.972218516985
see_v2x,latency_p95_ms,ca_dtnet,30,speed_mean_kmh,S1,46,22.85777025362319,4.214241093537794,3.9342540775187422,4.485196370864101,7.836999421748267,7.277558451695071,8.472958588585795
see_v2x,latency_p95_ms,ca_dtnet,30,speed_mean_kmh,S2,16,23.212815476190478,4.432552092923071,4.058298134152362,4.840508846559535,8.358856329504384,7.430352570840241,9.406537247795011
see_v2x,latency_p95_ms,ca_dtnet,30,speed_mean_kmh,S3,12,24.33567041666667,4.023199991670247,3.7859999486541214,4.278922787626767,7.449067473546402,7.058314089714717,7.893074443571767
see_v2x,latency_p95_ms,ca_dtnet,30,vehicle_count,S1,46,22.85777025362319,1.628866026003227,1.5046239076461863,1.745374955614118,2.8722526304599354,2.647329788416285,3.069074415807575
see_v2x,latency_p95_ms,ca_dtnet,30,vehicle_count,S2,16,23.212815476190478,1.1735840663122512,1.0917210964921042,1.2559698981096339,2.0122227732568017,1.9020923629957907,2.150985169372555
see_v2x,latency_p95_ms,ca_dtnet,30,vehicle_count,S3,12,24.33567041666667,1.892862761631921,1.809469621183331,1.9733883944161834,3.3075356746062066,3.1426604137264604,3.457725266704758
see_v2x,latency_p95_ms,graph_gru,5,flow_proxy,S1,46,22.85777025362319,13465.110869546135,12517.568677247236,14409.04852763436,22215.28448283601,20907.431021612967,23583.173608271733
see_v2x,latency_p95_ms,graph_gru,5,flow_proxy,S2,16,23.212815476190478,13239.333998525331,11869.955748058104,14620.222397507781,22370.272766197202,20004.29806422815,24699.37154996338
see_v2x,latency_p95_ms,graph_gru,5,flow_proxy,S3,12,24.33567041666667,14383.858489029773,13616.964112064847,15126.724894523464,22841.753424932813,21947.303812941977,23700.70771050937
see_v2x,latency_p95_ms,graph_gru,5,speed_mean_kmh,S1,46,22.85777025362319,4.043353230406199,3.723048486195735,4.358401494037669,7.181492380148013,6.551992285725452,7.849887841502744
see_v2x,latency_p95_ms,graph_gru,5,speed_mean_kmh,S2,16,23.212815476190478,3.687642176253554,3.345886400527823,4.063271458734879,6.45779919199965,5.697319625344441,7.308664497609706
see_v2x,latency_p95_ms,graph_gru,5,speed_mean_kmh,S3,12,24.33567041666667,4.021107326547424,3.6343094141350574,4.4028947056619785,7.290853027263839,6.240444520736156,8.514879685006571
see_v2x,latency_p95_ms,graph_gru,5,vehicle_count,S1,46,22.85777025362319,1.046000057048201,0.9935366580010311,1.098656375730026,1.7371319058104875,1.649942451053916,1.822907691721929
see_v2x,latency_p95_ms,graph_gru,5,vehicle_count,S2,16,23.212815476190478,0.9201910504598909,0.8558884391174322,0.9929570751713471,1.535739764406134,1.4042697892180673,1.676793472616799
see_v2x,latency_p95_ms,graph_gru,5,vehicle_count,S3,12,24.33567041666667,1.0663348262705998,1.0254919886241831,1.1052109417185931,1.7362921860161444,1.6462450611959538,1.8213444325783341
see_v2x,latency_p95_ms,graph_gru,10,flow_proxy,S1,46,22.85777025362319,17787.64482763699,16691.042539776194,18751.334795948038,28944.255447700463,27397.273523908272,30473.086232922637
see_v2x,latency_p95_ms,graph_gru,10,flow_proxy,S2,16,23.212815476190478,16171.763539285417,14544.207228654412,17735.98953812928,27306.651375857968,25074.215223069386,29577.891926724173
see_v2x,latency_p95_ms,graph_gru,10,flow_proxy,S3,12,24.33567041666667,17819.65974083942,16839.714246693995,18739.069831137982,27858.751095205113,26197.75384910757,29658.932500212308
see_v2x,latency_p95_ms,graph_gru,10,speed_mean_kmh,S1,46,22.85777025362319,4.549297616806968,4.202057226575634,4.878550960358725,7.665490093196615,6.9851094630636625,8.38222125642789
see_v2x,latency_p95_ms,graph_gru,10,speed_mean_kmh,S2,16,23.212815476190478,3.965410178946396,3.6372886665585678,4.367615660316156,6.438409399717807,5.864696074245042,7.104335130682226
see_v2x,latency_p95_ms,graph_gru,10,speed_mean_kmh,S3,12,24.33567041666667,4.898218290832513,4.4789504604688135,5.312072518566024,8.097006013786432,7.1191805445301455,9.003301212844848
see_v2x,latency_p95_ms,graph_gru,10,vehicle_count,S1,46,22.85777025362319,1.3811178110696283,1.3273200811851429,1.434394209611816,2.3280080969605037,2.2353751153319226,2.426665684136173
see_v2x,latency_p95_ms,graph_gru,10,vehicle_count,S2,16,23.212815476190478,1.1248914512373949,1.076561099285389,1.168796622749288,1.8555036007416628,1.7893309642814537,1.9176578505523574
see_v2x,latency_p95_ms,graph_gru,10,vehicle_count,S3,12,24.33567041666667,1.558750387926194,1.4836864237832192,1.6314972105009748,2.508676533349151,2.3371608397579307,2.6908986226592804
see_v2x,latency_p95_ms,graph_gru,30,flow_proxy,S1,46,22.85777025362319,15991.581717848103,15527.681832617167,16479.14626701008,25685.845619604534,24776.00420344817,26566.621988895262
see_v2x,latency_p95_ms,graph_gru,30,flow_proxy,S2,16,23.212815476190478,14985.101177953873,14316.969173097035,15621.31698540997,24717.977145159093,23148.236334068286,26239.259067756095
see_v2x,latency_p95_ms,graph_gru,30,flow_proxy,S3,12,24.33567041666667,17019.527949505744,16010.957735064509,18091.337744424363,27454.967430375433,25690.484754019875,29131.196320917683
see_v2x,latency_p95_ms,graph_gru,30,speed_mean_kmh,S1,46,22.85777025362319,4.609522299571624,4.36322086513271,4.853946309398538,7.5897708415479945,7.063804236284289,8.171839562324267
see_v2x,latency_p95_ms,graph_gru,30,speed_mean_kmh,S2,16,23.212815476190478,4.49966204808468,4.199182465885919,4.817795855610886,7.652419320206939,6.872000606633872,8.583945989929155
see_v2x,latency_p95_ms,graph_gru,30,speed_mean_kmh,S3,12,24.33567041666667,4.3176274710561495,4.117623472669829,4.526857136151552,6.742358826428087,6.330546164705053,7.2095250385975405
see_v2x,latency_p95_ms,graph_gru,30,vehicle_count,S1,46,22.85777025362319,1.6250170227599796,1.5310133901030876,1.719236312678316,2.684860694713961,2.5283443415808664,2.8309035609943054
see_v2x,latency_p95_ms,graph_gru,30,vehicle_count,S2,16,23.212815476190478,1.284801983295254,1.2380512459614956,1.3315297614509443,2.148004210127503,2.06128844520489,2.247656766326062
see_v2x,latency_p95_ms,graph_gru,30,vehicle_count,S3,12,24.33567041666667,1.8473132007238349,1.6708040633545356,2.0062640178700617,3.146207444677947,2.892979254915356,3.3779218298472933
see_v2x,latency_p95_ms,historical_average,5,flow_proxy,S1,46,22.85777025362319,18563.983525657128,18027.510340265544,19164.929238524648,30445.744325101736,29491.572758700448,31464.982537550182
see_v2x,latency_p95_ms,historical_average,5,flow_proxy,S2,16,23.212815476190478,19238.128292507325,18244.65075265141,20218.165134192965,31087.803048782076,29635.839650270493,32628.14597955144
see_v2x,latency_p95_ms,historical_average,5,flow_proxy,S3,12,24.33567041666667,18935.210535677663,17488.56878672107,20246.537234632146,31682.65524178858,29638.621582573873,33567.57085362601
see_v2x,latency_p95_ms,historical_average,5,speed_mean_kmh,S1,46,22.85777025362319,5.706746737573546,5.459767536034028,5.975057037404475,8.959101623728273,8.42209867356296,9.485784215119072
see_v2x,latency_p95_ms,historical_average,5,speed_mean_kmh,S2,16,23.212815476190478,5.519770553435236,5.3416483240479105,5.739647961872308,8.430535891018856,8.031077806474004,8.861658075557674
see_v2x,latency_p95_ms,historical_average,5,speed_mean_kmh,S3,12,24.33567041666667,5.256744796622504,4.78664776724279,5.710857249634534,8.524203466182039,7.463594830118148,9.799999702221587
see_v2x,latency_p95_ms,historical_average,5,vehicle_count,S1,46,22.85777025362319,1.9929682611672428,1.8700997036158753,2.106962618397528,3.593378076835876,3.3239842811724905,3.8305190707463237
see_v2x,latency_p95_ms,historical_average,5,vehicle_count,S2,16,23.212815476190478,1.356771323417937,1.3057610145941825,1.4016310906667233,2.3965253235917494,2.2990652313207884,2.4894039255371467
see_v2x,latency_p95_ms,historical_average,5,vehicle_count,S3,12,24.33567041666667,2.1037937236283635,2.0508774540000543,2.1578399723003243,3.891686148843204,3.6954798599434326,4.101281605224509
see_v2x,latency_p95_ms,historical_average,10,flow_proxy,S1,46,22.85777025362319,19255.227847169393,18662.38161960675,19881.10752755443,31769.182025659025,30822.830558033467,32755.144828691817
see_v2x,latency_p95_ms,historical_average,10,flow_proxy,S2,16,23.212815476190478,19131.92168939783,18156.110889259922,20002.48785565974,30605.915136622392,28998.23118414122,32320.12835728083
see_v2x,latency_p95_ms,historical_average,10,flow_proxy,S3,12,24.33567041666667,18680.02047751129,17772.637464778152,19551.571797258814,30352.978141773605,29526.67320621946,31159.63020945606
see_v2x,latency_p95_ms,historical_average,10,speed_mean_kmh,S1,46,22.85777025362319,5.630184739631842,5.3559961491815695,5.881880112974416,8.939256702085894,8.392743240797605,9.53129953076099
see_v2x,latency_p95_ms,historical_average,10,speed_mean_kmh,S2,16,23.212815476190478,5.322733888717599,5.093940229871805,5.5895129612764025,7.876393648009069,7.4336165478289455,8.334753273919437
see_v2x,latency_p95_ms,historical_average,10,speed_mean_kmh,S3,12,24.33567041666667,5.672919556881805,5.2783857967512455,6.0784464485069805,8.997086232198285,8.21993719452099,9.893767794727536
see_v2x,latency_p95_ms,historical_average,10,vehicle_count,S1,46,22.85777025362319,1.9885963004959957,1.8718543489474126,2.107504091128461,3.5298007209628968,3.285913968727203,3.747423703069291
see_v2x,latency_p95_ms,historical_average,10,vehicle_count,S2,16,23.212815476190478,1.2619279177837592,1.2171648988621753,1.3068830771812663,2.1913306355804356,2.1414704989520086,2.2392311369993485
see_v2x,latency_p95_ms,historical_average,10,vehicle_count,S3,12,24.33567041666667,2.154219796745744,2.0662290740368845,2.247425701933494,3.786136587067222,3.464776955407496,4.146772205330276
see_v2x,latency_p95_ms,historical_average,30,flow_proxy,S1,46,22.85777025362319,18832.123722402055,18356.714148400977,19318.58544147969,30798.73812999544,30036.836559969746,31606.332804808382
see_v2x,latency_p95_ms,historical_average,30,flow_proxy,S2,16,23.212815476190478,21267.687673968794,20681.26322232788,21893.747760354585,34299.53191608869,33414.947001331646,35228.16153701628
see_v2x,latency_p95_ms,historical_average,30,flow_proxy,S3,12,24.33567041666667,18809.133983632088,18019.439857494264,19610.660453146636,30773.291780783708,29708.139769187743,31805.56365342024
see_v2x,latency_p95_ms,historical_average,30,speed_mean_kmh,S1,46,22.85777025362319,5.721308186881266,5.520152653200678,5.92522269074593,8.770690720164163,8.392160740122735,9.193880318221758
see_v2x,latency_p95_ms,historical_average,30,speed_mean_kmh,S2,16,23.212815476190478,5.616137236115549,5.271596288691792,5.993698550474457,8.741764450410539,7.9696976009096545,9.676226465953889
see_v2x,latency_p95_ms,historical_average,30,speed_mean_kmh,S3,12,24.33567041666667,5.482690615374621,5.289274069320199,5.665994468643887,8.167189195104006,7.91456639013397,8.418164504461185
see_v2x,latency_p95_ms,historical_average,30,vehicle_count,S1,46,22.85777025362319,1.8891607118355602,1.7813246186973375,1.986338105535887,3.352479798368127,3.1771877035375033,3.513766646289941
see_v2x,latency_p95_ms,historical_average,30,vehicle_count,S2,16,23.212815476190478,1.5449514686708443,1.420056271161662,1.6566113964735736,2.774213141363804,2.5536251746842957,2.989638212364415
see_v2x,latency_p95_ms,historical_average,30,vehicle_count,S3,12,24.33567041666667,2.068356407090701,1.9528881563165663,2.1894603354378748,3.6216894404791415,3.4623407373952872,3.77525038180568
see_v2x,latency_p95_ms,impaired_gru,5,flow_proxy,S1,46,22.85777025362319,13975.490141448034,13197.55246955916,14775.11042896479,23128.54575080089,21920.85072603736,24394.521245017306
see_v2x,latency_p95_ms,impaired_gru,5,flow_proxy,S2,16,23.212815476190478,14186.300459300142,12607.166295080484,15756.653891751896,23297.06771691691,20932.037364446416,25827.541324054047
see_v2x,latency_p95_ms,impaired_gru,5,flow_proxy,S3,12,24.33567041666667,14925.473064949203,14049.63426005639,15814.683908029552,24238.666927487047,22625.963991041477,25758.90842618026
see_v2x,latency_p95_ms,impaired_gru,5,speed_mean_kmh,S1,46,22.85777025362319,4.051349939543833,3.721346864051244,4.370641792964074,7.381495385349672,6.696801768627968,8.056161602113209
see_v2x,latency_p95_ms,impaired_gru,5,speed_mean_kmh,S2,16,23.212815476190478,3.6995495312194766,3.3252104099563615,4.126577625091953,6.5855435584056075,5.813044045137264,7.483574076261203
see_v2x,latency_p95_ms,impaired_gru,5,speed_mean_kmh,S3,12,24.33567041666667,4.008656844959789,3.5777652818007537,4.469542577744052,7.580260398276231,6.441249255961355,8.879235580538174
see_v2x,latency_p95_ms,impaired_gru,5,vehicle_count,S1,46,22.85777025362319,1.0651432890174939,1.0022064636296106,1.1263105501972628,1.8283461606014153,1.7085149883605122,1.9424633556306563
see_v2x,latency_p95_ms,impaired_gru,5,vehicle_count,S2,16,23.212815476190478,0.9136586946374704,0.8524848884995613,0.9758365272903605,1.4791464203284934,1.3656091976593234,1.5933484583327602
see_v2x,latency_p95_ms,impaired_gru,5,vehicle_count,S3,12,24.33567041666667,1.1145859777041738,1.0688085831839718,1.1607839623700156,1.8855138922431356,1.771891148342445,2.0099162711431493
see_v2x,latency_p95_ms,impaired_gru,10,flow_proxy,S1,46,22.85777025362319,17666.594274433097,16682.22701376215,18678.159401937406,29238.17088039479,27637.109121126425,30800.26097909417
see_v2x,latency_p95_ms,impaired_gru,10,flow_proxy,S2,16,23.212815476190478,15169.675334879463,13598.129295771612,16693.45197244132,24394.590085936743,22232.964204943863,26612.54342849575
see_v2x,latency_p95_ms,impaired_gru,10,flow_proxy,S3,12,24.33567041666667,17520.48138971356,16611.85981221827,18481.379848770892,28136.676631949184,27044.16475049133,29379.842492731645
see_v2x,latency_p95_ms,impaired_gru,10,speed_mean_kmh,S1,46,22.85777025362319,4.559609162429401,4.192628437624128,4.9152809339710775,7.945863089450133,7.223218145001373,8.745355614277182
see_v2x,latency_p95_ms,impaired_gru,10,speed_mean_kmh,S2,16,23.212815476190478,3.7617525575851847,3.427579482736223,4.192206876487951,6.379020175969227,5.809838398521644,7.053222410200319
see_v2x,latency_p95_ms,impaired_gru,10,speed_mean_kmh,S3,12,24.33567041666667,4.787068938467599,4.3552247453834045,5.229444256290622,8.458796703918358,7.535921344100813,9.389464387055257
see_v2x,latency_p95_ms,impaired_gru,10,vehicle_count,S1,46,22.85777025362319,1.3758636654113316,1.3148358113206526,1.4349408298821902,2.386315623950963,2.271523603375446,2.506530415967281
see_v2x,latency_p95_ms,impaired_gru,10,vehicle_count,S2,16,23.212815476190478,1.0591061723979827,1.0182602128374907,1.0956429808794756,1.6991608819598953,1.6406668913575926,1.7521986765585722
see_v2x,latency_p95_ms,impaired_gru,10,vehicle_count,S3,12,24.33567041666667,1.612850656252079,1.5412310241166207,1.6774773876297528,2.6440603916675918,2.4629074883654822,2.8286625452057836
see_v2x,latency_p95_ms,impaired_gru,30,flow_proxy,S1,46,22.85777025362319,15512.848867003275,15040.572360105383,15990.7446217018,26184.915300524313,25227.954453496015,27174.899773410398
see_v2x,latency_p95_ms,impaired_gru,30,flow_proxy,S2,16,23.212815476190478,13809.731026001475,13149.973322003605,14469.627096950982,23768.80854494073,22149.918873414135,25256.17705159282
see_v2x,latency_p95_ms,impaired_gru,30,flow_proxy,S3,12,24.33567041666667,14718.30625423415,13858.419889597773,15605.206273254176,25189.8746527269,23193.312691543935,27164.186679047823
see_v2x,latency_p95_ms,impaired_gru,30,speed_mean_kmh,S1,46,22.85777025362319,4.70323494768828,4.460494630969071,4.943025599668754,8.128631496767145,7.5734345289711795,8.742797176148308
see_v2x,latency_p95_ms,impaired_gru,30,speed_mean_kmh,S2,16,23.212815476190478,4.527325609122935,4.260149855460857,4.822259960770066,8.09535063739649,7.398360252562751,8.96989427659741
see_v2x,latency_p95_ms,impaired_gru,30,speed_mean_kmh,S3,12,24.33567041666667,4.347116168806125,4.139583501412518,4.587065309068241,6.982499596919484,6.502725946816865,7.503381299217168
see_v2x,latency_p95_ms,impaired_gru,30,vehicle_count,S1,46,22.85777025362319,1.6374053378510307,1.527599841085916,1.7426591572758716,2.7346835357223362,2.557576603519632,2.8928004130424045
see_v2x,latency_p95_ms,impaired_gru,30,vehicle_count,S2,16,23.212815476190478,1.187980761179206,1.113713602896938,1.2613216113527004,2.146385243178355,2.0291559991668806,2.259122565502846
see_v2x,latency_p95_ms,impaired_gru,30,vehicle_count,S3,12,24.33567041666667,1.9199022956509761,1.7461714474299537,2.094719468632498,3.1610893875841763,2.9352877384263922,3.3702556664695837
see_v2x,latency_p95_ms,persistence,5,flow_proxy,S1,46,22.85777025362319,15922.060163732995,15190.868953231033,16728.07354943845,27710.25930054468,26613.92253070489,28824.341448310304
see_v2x,latency_p95_ms,persistence,5,flow_proxy,S2,16,23.212815476190478,16010.394539968842,14691.267575641372,17550.160993665406,29607.990014880277,27260.271244592797,32458.746104801005
see_v2x,latency_p95_ms,persistence,5,flow_proxy,S3,12,24.33567041666667,16863.427164335164,15887.223333967888,17937.967158266994,27985.884043398688,26656.773446906445,29154.34566196832
see_v2x,latency_p95_ms,persistence,5,speed_mean_kmh,S1,46,22.85777025362319,4.555292772064126,4.149690038408611,4.979359860235977,9.41652543817487,8.701635140416062,10.197956586747884
see_v2x,latency_p95_ms,persistence,5,speed_mean_kmh,S2,16,23.212815476190478,4.280462836602021,3.741518321448687,4.904582644270422,8.728469237858603,7.7536573909222515,9.785984535780626
see_v2x,latency_p95_ms,persistence,5,speed_mean_kmh,S3,12,24.33567041666667,4.760628164094084,4.137733081564461,5.422917692961863,10.519196572269694,8.814661052940473,12.251235869001157
see_v2x,latency_p95_ms,persistence,5,vehicle_count,S1,46,22.85777025362319,1.0848182876264645,1.0359765164029655,1.1372149418464739,1.8949591325124544,1.8155092020381745,1.9723247443863905
see_v2x,latency_p95_ms,persistence,5,vehicle_count,S2,16,23.212815476190478,0.9293033060187891,0.8534836304767993,1.005148599512708,1.7397186919603624,1.59678163493776,1.8950321316524121
see_v2x,latency_p95_ms,persistence,5,vehicle_count,S3,12,24.33567041666667,1.1352459389010365,1.064173528190317,1.2076503141230555,1.8902344477469546,1.7783977529313197,2.013737384134658
see_v2x,latency_p95_ms,persistence,10,flow_proxy,S1,46,22.85777025362319,21022.79345190526,19967.26718906123,21949.786513850904,36737.75702956576,34982.658154936085,38359.366414768556
see_v2x,latency_p95_ms,persistence,10,flow_proxy,S2,16,23.212815476190478,20086.874901031515,18835.92100370369,21340.260245989848,36855.03443644622,34732.392034624594,38960.726393085686
see_v2x,latency_p95_ms,persistence,10,flow_proxy,S3,12,24.33567041666667,20660.07188102019,19708.261099149833,21749.12107490994,35680.15688000926,34059.54115832638,37435.0690625683
see_v2x,latency_p95_ms,persistence,10,speed_mean_kmh,S1,46,22.85777025362319,5.359434859325748,4.946910390131059,5.756421153227825,9.968667701792185,9.208787576912586,10.735162166306754
see_v2x,latency_p95_ms,persistence,10,speed_mean_kmh,S2,16,23.212815476190478,5.276568783001754,4.919233120619643,5.645895273480831,9.61142057891347,8.951859032848981,10.272581190128053
see_v2x,latency_p95_ms,persistence,10,speed_mean_kmh,S3,12,24.33567041666667,5.068491843986432,4.452512825186514,5.6983481474531805,9.804981491302849,8.769667163689197,10.950652733344544
see_v2x,latency_p95_ms,persistence,10,vehicle_count,S1,46,22.85777025362319,1.5342124569326414,1.4682733890961592,1.599073470797451,2.742619438612133,2.644356656664073,2.84739354198081
see_v2x,latency_p95_ms,persistence,10,vehicle_count,S2,16,23.212815476190478,1.2254098687306447,1.1659836354657829,1.295082001298799,2.216907029742984,2.105811304514382,2.314404298583221
see_v2x,latency_p95_ms,persistence,10,vehicle_count,S3,12,24.33567041666667,1.7062842142917358,1.6530055309672573,1.7595628998817299,2.9714179507055714,2.8792697025347658,3.076170120346106
see_v2x,latency_p95_ms,persistence,30,flow_proxy,S1,46,22.85777025362319,28340.36017175606,27160.155390767075,29567.786697600375,47647.71093902823,45850.3378645137,49574.9325132181
see_v2x,latency_p95_ms,persistence,30,flow_proxy,S2,16,23.212815476190478,31229.62317085843,29809.676416284165,32590.77900718765,52181.92444974529,50812.45689107827,53678.980297076996
see_v2x,latency_p95_ms,persistence,30,flow_proxy,S3,12,24.33567041666667,29484.890736534657,27682.687417757243,31361.868753084425,50776.03945045388,47748.37384944602,53772.766905879886
see_v2x,latency_p95_ms,persistence,30,speed_mean_kmh,S1,46,22.85777025362319,7.186270227126319,6.858460786026877,7.494320558435864,12.238899233085522,11.684238677662615,12.828399936900905
see_v2x,latency_p95_ms,persistence,30,speed_mean_kmh,S2,16,23.212815476190478,7.532352725364687,7.0222856944592085,8.053548305459051,12.816315354058823,11.79319113690037,13.993224431008345
see_v2x,latency_p95_ms,persistence,30,speed_mean_kmh,S3,12,24.33567041666667,7.202265637893819,6.6675530671705,7.775725444782175,12.095141625877362,11.289441090985045,12.999018274507288
see_v2x,latency_p95_ms,persistence,30,vehicle_count,S1,46,22.85777025362319,2.415894613900118,2.337785198943537,2.485780577935095,4.515807286525912,4.303137847261013,4.733212734044044
see_v2x,latency_p95_ms,persistence,30,vehicle_count,S2,16,23.212815476190478,2.1557377663293265,2.107556403213157,2.2028945376309297,3.798527515305147,3.6827976669885003,3.9248314434279954
see_v2x,latency_p95_ms,persistence,30,vehicle_count,S3,12,24.33567041666667,2.482240544761615,2.4043375260539555,2.5737706037333683,4.649161816225615,4.319729074407065,4.982883785225035
see_v2x,aoi_mean_s,ca_dtnet,5,flow_proxy,Q1-mild,19,0.022283136818086885,11456.829050671498,10318.774099837769,12613.293480554363,19623.104206274496,17870.236444057246,21468.43514754785
see_v2x,aoi_mean_s,ca_dtnet,5,flow_proxy,Q2-moderate,18,0.022556692118907328,13236.094094377764,12311.089330295974,14112.321901134754,21893.23896769375,20181.97883596404,23655.010794279766
see_v2x,aoi_mean_s,ca_dtnet,5,flow_proxy,Q3-high,19,0.022975109456279584,14929.004117977147,13822.81924066402,15970.983913331782,27013.939545094443,24797.017673094306,29249.935266777626
see_v2x,aoi_mean_s,ca_dtnet,5,flow_proxy,Q4-severe,18,0.025523084200470312,12844.830428318664,11922.468916588388,13788.88826216438,22627.409268555286,20985.48156611593,24118.152267437676
see_v2x,aoi_mean_s,ca_dtnet,5,speed_mean_kmh,Q1-mild,19,0.022283136818086885,3.2827614869994637,3.045062817178319,3.50509905850765,6.444334626118142,5.758826478213039,7.11598252918459
see_v2x,aoi_mean_s,ca_dtnet,5,speed_mean_kmh,Q2-moderate,18,0.022556692118907328,3.613212833366079,3.2118652642533707,4.0066087424899095,7.275404572325783,6.290914022090066,8.23373240652671
see_v2x,aoi_mean_s,ca_dtnet,5,speed_mean_kmh,Q3-high,19,0.022975109456279584,4.772701909687409,4.250923963690628,5.304303900662145,9.1690820055179,8.042683607254942,10.32143481950644
see_v2x,aoi_mean_s,ca_dtnet,5,speed_mean_kmh,Q4-severe,18,0.025523084200470312,3.3282551760878314,2.993142380567177,3.7534780634315354,6.473318633183099,5.642967321959292,7.431247581501693
see_v2x,aoi_mean_s,ca_dtnet,5,vehicle_count,Q1-mild,19,0.022283136818086885,0.8426395009815542,0.753606715054467,0.9312467193910962,1.4241023191530773,1.2967607333028455,1.5597168486874782
see_v2x,aoi_mean_s,ca_dtnet,5,vehicle_count,Q2-moderate,18,0.022556692118907328,1.0351537130843096,0.9949257369315417,1.0707023539717313,1.7045257628490815,1.6103308996513999,1.819250353144397
see_v2x,aoi_mean_s,ca_dtnet,5,vehicle_count,Q3-high,19,0.022975109456279584,1.1244201576796164,1.0615428262721938,1.188702605176549,2.0932574792389933,1.941749698631368,2.242416855058045
see_v2x,aoi_mean_s,ca_dtnet,5,vehicle_count,Q4-severe,18,0.025523084200470312,0.8650114506497918,0.8108045088319776,0.9168324420628597,1.5031929895997096,1.4093200204037988,1.5929140608498467
see_v2x,aoi_mean_s,ca_dtnet,10,flow_proxy,Q1-mild,19,0.022283136818086885,14766.701123301298,13383.07713400442,16256.79044018881,25557.00851247533,23428.4678282319,27746.29291791346
see_v2x,aoi_mean_s,ca_dtnet,10,flow_proxy,Q2-moderate,18,0.022556692118907328,15718.50325864361,14669.509829320668,16760.058496715585,26586.620403931807,24789.82931105299,28567.89573412246
see_v2x,aoi_mean_s,ca_dtnet,10,flow_proxy,Q3-high,19,0.022975109456279584,18389.10724945168,16914.543670565094,19716.03413475042,33245.17711985797,30018.588727136725,35931.09689237361
see_v2x,aoi_mean_s,ca_dtnet,10,flow_proxy,Q4-severe,18,0.025523084200470312,14325.499328061573,13445.75718210987,15316.636757710594,25067.64106161102,23392.097649427265,26850.45988865745
see_v2x,aoi_mean_s,ca_dtnet,10,speed_mean_kmh,Q1-mild,19,0.022283136818086885,3.631561531747897,3.419849558837733,3.8462643381318635,6.436254759198877,5.986281800726149,6.921513731313522
see_v2x,aoi_mean_s,ca_dtnet,10,speed_mean_kmh,Q2-moderate,18,0.022556692118907328,4.2535176418063765,3.858771944413426,4.657625163472767,8.22630668130383,7.2285068330069695,9.215774534903717
see_v2x,aoi_mean_s,ca_dtnet,10,speed_mean_kmh,Q3-high,19,0.022975109456279584,5.220037441852784,4.650082819572978,5.873124805653828,9.514464409750671,8.296257583137093,10.632102379767424
see_v2x,aoi_mean_s,ca_dtnet,10,speed_mean_kmh,Q4-severe,18,0.025523084200470312,3.581211333932047,3.2663358423894904,3.9418528313621857,6.727075534954476,5.925971678523453,7.460076760815392
see_v2x,aoi_mean_s,ca_dtnet,10,vehicle_count,Q1-mild,19,0.022283136818086885,1.228588967194362,1.1215434099142008,1.336777588909669,2.066850687384653,1.896111805636224,2.238654892593586
see_v2x,aoi_mean_s,ca_dtnet,10,vehicle_count,Q2-moderate,18,0.022556692118907328,1.3852325806831556,1.340482170684566,1.4383618332841845,2.302296619892259,2.1886466090800076,2.4328297340775435
see_v2x,aoi_mean_s,ca_dtnet,10,vehicle_count,Q3-high,19,0.022975109456279584,1.5011297607440002,1.4278738817957588,1.5591766636305928,2.720533019196871,2.5325027835827454,2.86029127743319
see_v2x,aoi_mean_s,ca_dtnet,10,vehicle_count,Q4-severe,18,0.025523084200470312,0.9588048258549536,0.9128711112957981,1.013801495114854,1.6659051881173348,1.5906758009825908,1.7415893517908596
see_v2x,aoi_mean_s,ca_dtnet,30,flow_proxy,Q1-mild,19,0.022283136818086885,14376.514986775304,13799.752884861424,14914.28727188497,25518.568532640784,24533.004182675315,26510.75934445128
see_v2x,aoi_mean_s,ca_dtnet,30,flow_proxy,Q2-moderate,18,0.022556692118907328,14459.804809202224,13998.942209386953,14903.757581670572,25581.391802273378,24331.068539121476,26885.98777714206
see_v2x,aoi_mean_s,ca_dtnet,30,flow_proxy,Q3-high,19,0.022975109456279584,15128.788714753635,14173.964370290758,16099.496630008342,25065.601641718815,23420.287793440828,26671.098656210284
see_v2x,aoi_mean_s,ca_dtnet,30,flow_proxy,Q4-severe,18,0.025523084200470312,15060.067204454852,14147.733761032148,15856.073944609614,26373.126421828827,24741.838886544705,27950.971087369508
see_v2x,aoi_mean_s,ca_dtnet,30,speed_mean_kmh,Q1-mild,19,0.022283136818086885,3.783614473933039,3.4396258685362966,4.156992230128815,7.067437199960219,6.335146787088259,7.845806809209272
see_v2x,aoi_mean_s,ca_dtnet,30,speed_mean_kmh,Q2-moderate,18,0.022556692118907328,3.7038933312116473,3.4732589766862327,3.935952256266215,6.756172216715303,6.270340091084388,7.232960247880142
see_v2x,aoi_mean_s,ca_dtnet,30,speed_mean_kmh,Q3-high,19,0.022975109456279584,4.621281981361012,4.255980226858477,5.065657887587069,8.877119233921002,7.883216876420579,9.849341881498072
see_v2x,aoi_mean_s,ca_dtnet,30,speed_mean_kmh,Q4-severe,18,0.025523084200470312,4.816178393175222,4.504347110078803,5.115710891826198,8.837489567246037,8.052293730673318,9.697802610694701
see_v2x,aoi_mean_s,ca_dtnet,30,vehicle_count,Q1-mild,19,0.022283136818086885,1.4237908064628886,1.2286803974386924,1.601319042452214,2.5354068742663074,2.2249385274184243,2.871602070935363
see_v2x,aoi_mean_s,ca_dtnet,30,vehicle_count,Q2-moderate,18,0.022556692118907328,1.9223301903369685,1.8752997076679532,1.9697567724956693,3.392156301183682,3.3128912510588178,3.4786254175243583
see_v2x,aoi_mean_s,ca_dtnet,30,vehicle_count,Q3-high,19,0.022975109456279584,1.8077439318660675,1.6789720577379281,1.900306178148594,3.1743755250191854,2.9335046792663344,3.340907119588019
see_v2x,aoi_mean_s,ca_dtnet,30,vehicle_count,Q4-severe,18,0.025523084200470312,1.134357330133995,1.051515337497588,1.217489769295763,1.9147185811560936,1.788868344757599,2.058456710321408
see_v2x,aoi_mean_s,graph_gru,5,flow_proxy,Q1-mild,19,0.022283136818086885,11935.277791467279,10354.123750914463,13474.511686229322,19276.467236994642,16893.625451798536,21673.20838995721
see_v2x,aoi_mean_s,graph_gru,5,flow_proxy,Q2-moderate,18,0.022556692118907328,14774.046065396707,14138.165683489267,15312.543207134606,23631.758122931926,22778.665019372835,24470.401854347376
see_v2x,aoi_mean_s,graph_gru,5,flow_proxy,Q3-high,19,0.022975109456279584,14604.652564748701,13678.095911640108,15618.086231803443,24203.847181266978,22659.96749940695,25893.143407291373
see_v2x,aoi_mean_s,graph_gru,5,flow_proxy,Q4-severe,18,0.025523084200470312,12979.957772146694,11669.456413138616,14185.091607560054,22357.27063383667,20354.881507663547,24336.987843620034
see_v2x,aoi_mean_s,graph_gru,5,speed_mean_kmh,Q1-mild,19,0.022283136818086885,3.3826711717562485,3.1355311255850475,3.6395024122254913,5.822757095894683,5.250285079251058,6.378281265705417
see_v2x,aoi_mean_s,graph_gru,5,speed_mean_kmh,Q2-moderate,18,0.022556692118907328,3.9836928615568863,3.7124926955396296,4.269051853765296,7.088696081120713,6.349415927514218,7.868969529739712
see_v2x,aoi_mean_s,graph_gru,5,speed_mean_kmh,Q3-high,19,0.022975109456279584,4.88840160277389,4.38448478891518,5.394176925216441,8.98329511741911,7.946809469336664,10.067337366689062
see_v2x,aoi_mean_s,graph_gru,5,speed_mean_kmh,Q4-severe,18,0.025523084200470312,3.577386506289694,3.2410938327890757,3.9643052507234424,6.236230631824116,5.49211653668314,7.076962062230227
see_v2x,aoi_mean_s,graph_gru,5,vehicle_count,Q1-mild,19,0.022283136818086885,0.9374434379469463,0.8555633287799048,1.0200100721575376,1.5056375107651596,1.3848638455111772,1.633295875477135
see_v2x,aoi_mean_s,graph_gru,5,vehicle_count,Q2-moderate,18,0.022556692118907328,1.1131529167609333,1.0615771575888153,1.1687958887610748,1.75734960591831,1.6886420367723616,1.8274551438738356
see_v2x,aoi_mean_s,graph_gru,5,vehicle_count,Q3-high,19,0.022975109456279584,1.1057569810094665,1.065502495285075,1.1440775920921225,1.924788998098843,1.8268593096756414,2.0094193093278947
see_v2x,aoi_mean_s,graph_gru,5,vehicle_count,Q4-severe,18,0.025523084200470312,0.9320842713863369,0.8630689040962715,0.995107854357829,1.5836118641682602,1.4364789172459174,1.7282409437948785
see_v2x,aoi_mean_s,graph_gru,10,flow_proxy,Q1-mild,19,0.022283136818086885,16075.801113209558,14064.55207442683,18212.1070248683,26196.915382731426,23522.834134601584,28817.604718220806
see_v2x,aoi_mean_s,graph_gru,10,flow_proxy,Q2-moderate,18,0.022556692118907328,18807.313856508525,17864.483160245145,19691.717442201174,30222.845782984554,28848.838949042456,31480.32473865877
see_v2x,aoi_mean_s,graph_gru,10,flow_proxy,Q3-high,19,0.022975109456279584,18249.770194909885,16986.223132882635,19274.346947849877,29592.71165061744,27386.995373250043,31422.220451996414
see_v2x,aoi_mean_s,graph_gru,10,flow_proxy,Q4-severe,18,0.025523084200470312,16672.12729547325,15285.267867151324,17946.81122324258,27701.836001281103,25565.926999539577,29674.123447453625
see_v2x,aoi_mean_s,graph_gru,10,speed_mean_kmh,Q1-mild,19,0.022283136818086885,3.8605761985088862,3.547474391253964,4.176695246921147,6.039798338993992,5.606137291308399,6.522336336278275
see_v2x,aoi_mean_s,graph_gru,10,speed_mean_kmh,Q2-moderate,18,0.022556692118907328,4.667018562057168,4.32735038923792,4.985283682366665,7.898053296227311,7.051382147981637,8.73031883560169
see_v2x,aoi_mean_s,graph_gru,10,speed_mean_kmh,Q3-high,19,0.022975109456279584,5.288418170272273,4.743512670702254,5.863408618421974,9.122545195564834,7.915153265461119,10.223874291073095
see_v2x,aoi_mean_s,graph_gru,10,speed_mean_kmh,Q4-severe,18,0.025523084200470312,4.091980311243443,3.8080751034973717,4.402053583502712,6.807871131069841,6.24643646046717,7.38769222495061
see_v2x,aoi_mean_s,graph_gru,10,vehicle_count,Q1-mild,19,0.022283136818086885,1.3148210365139454,1.2165640205379649,1.4225103099884358,2.1714300404337017,1.984675008515826,2.3443869969954814
see_v2x,aoi_mean_s,graph_gru,10,vehicle_count,Q2-moderate,18,0.022556692118907328,1.5262165169844624,1.473954710245001,1.5795234446986035,2.495970922186108,2.4093495015735176,2.5813503266994684
see_v2x,aoi_mean_s,graph_gru,10,vehicle_count,Q3-high,19,0.022975109456279584,1.4326152814164148,1.3706693483938108,1.4952660791716104,2.4550011989774734,2.324722367371332,2.574035355798413
see_v2x,aoi_mean_s,graph_gru,10,vehicle_count,Q4-severe,18,0.025523084200470312,1.1423055465399095,1.0888921073858404,1.1978993010798846,1.8917154624487411,1.8060202849297844,1.9909979250654275
see_v2x,aoi_mean_s,graph_gru,30,flow_proxy,Q1-mild,19,0.022283136818086885,16102.68670660382,15554.456931852988,16652.17935403265,26402.385954006582,25421.87500382338,27417.18550862445
see_v2x,aoi_mean_s,graph_gru,30,flow_proxy,Q2-moderate,18,0.022556692118907328,16442.699592403904,15815.881080870784,17131.52423836213,26266.95787843172,24895.93976210817,27957.844542460683
see_v2x,aoi_mean_s,graph_gru,30,flow_proxy,Q3-high,19,0.022975109456279584,16932.932952580984,16198.415366025094,17684.361022864847,27336.824489168575,26035.772600228895,28505.52768664027
see_v2x,aoi_mean_s,graph_gru,30,flow_proxy,Q4-severe,18,0.025523084200470312,14220.18594858679,13714.015889274311,14855.049708334089,22924.772319820022,21727.04708976506,24169.716354975226
see_v2x,aoi_mean_s,graph_gru,30,speed_mean_kmh,Q1-mild,19,0.022283136818086885,4.206533918203687,3.9515754564094925,4.498469370694469,6.603095079520157,6.08356900165755,7.207259775890671
see_v2x,aoi_mean_s,graph_gru,30,speed_mean_kmh,Q2-moderate,18,0.022556692118907328,4.127846252555468,3.945804267768888,4.335059871977941,6.423638455827959,6.036789311834352,6.871430185617446
see_v2x,aoi_mean_s,graph_gru,30,speed_mean_kmh,Q3-high,19,0.022975109456279584,4.861945496018759,4.468873171485369,5.298981680207971,8.45948285671838,7.466698291957981,9.458954966097656
see_v2x,aoi_mean_s,graph_gru,30,speed_mean_kmh,Q4-severe,18,0.025523084200470312,4.957878154783252,4.698452609901001,5.249138172622863,8.370111153234461,7.749846237271571,9.030592703395035
see_v2x,aoi_mean_s,graph_gru,30,vehicle_count,Q1-mild,19,0.022283136818086885,1.4759771422671846,1.341879257288676,1.6088642768166528,2.4955138709910556,2.2730066547126793,2.7256260148031024
see_v2x,aoi_mean_s,graph_gru,30,vehicle_count,Q2-moderate,18,0.022556692118907328,1.904598331317469,1.8344135717325007,1.9795398134758166,3.165324272951215,3.0276710722190727,3.314344533790397
see_v2x,aoi_mean_s,graph_gru,30,vehicle_count,Q3-high,19,0.022975109456279584,1.683999924530437,1.5434617522654148,1.8125475564707736,2.841433810049505,2.6390818726623784,3.044195418468728
see_v2x,aoi_mean_s,graph_gru,30,vehicle_count,Q4-severe,18,0.025523084200470312,1.2862799419722162,1.2417114216408196,1.3268422702160603,2.069350322340283,1.977500021646378,2.169223477571053
see_v2x,aoi_mean_s,historical_average,5,flow_proxy,Q1-mild,19,0.022283136818086885,17796.239185067905,17164.120175977707,18388.1626457644,29405.6430365938,28087.723167370423,30872.75328879548
see_v2x,aoi_mean_s,historical_average,5,flow_proxy,Q2-moderate,18,0.022556692118907328,19662.611228778693,18718.63043658248,20571.209107597857,32113.639513354676,30660.086790404486,33557.69189906296
see_v2x,aoi_mean_s,historical_average,5,flow_proxy,Q3-high,19,0.022975109456279584,18364.43762451686,17234.808766360384,19520.192734515647,30911.715261459198,29147.46021987061,32629.500230651483
see_v2x,aoi_mean_s,historical_average,5,flow_proxy,Q4-severe,18,0.025523084200470312,19333.108877130555,18514.553793318308,20130.080040546192,30779.20176295918,29507.36982693965,32171.81538831905
see_v2x,aoi_mean_s,historical_average,5,speed_mean_kmh,Q1-mild,19,0.022283136818086885,5.489080111123259,5.278945858115814,5.698294312205558,8.34544334620466,7.753865878673217,8.96677220224136
see_v2x,aoi_mean_s,historical_average,5,speed_mean_kmh,Q2-moderate,18,0.022556692118907328,5.50736075694566,5.0799362024386845,5.953572373311876,8.770022035376357,7.941132767789051,9.631541956985963
see_v2x,aoi_mean_s,historical_average,5,speed_mean_kmh,Q3-high,19,0.022975109456279584,5.9166401250378815,5.477796941266262,6.37125838793872,9.540093312412248,8.592139642826996,10.553019816940168
see_v2x,aoi_mean_s,historical_average,5,speed_mean_kmh,Q4-severe,18,0.025523084200470312,5.448135457262968,5.262975893003493,5.660262676229173,8.422894299527286,8.040938560271423,8.829694775988909
see_v2x,aoi_mean_s,historical_average,5,vehicle_count,Q1-mild,19,0.022283136818086885,1.7761263951579616,1.5958091537454395,1.9531051884864994,3.1560948225007137,2.8961877981852306,3.435749950196772
see_v2x,aoi_mean_s,historical_average,5,vehicle_count,Q2-moderate,18,0.022556692118907328,2.179272341639106,2.128061739257323,2.2243472570935072,3.7512180138384466,3.6294761398029713,3.8945509294364427
see_v2x,aoi_mean_s,historical_average,5,vehicle_count,Q3-high,19,0.022975109456279584,2.1914855322983264,2.0661758250780875,2.2885680093613257,4.318277205104634,3.9873738885135297,4.540931756251182
see_v2x,aoi_mean_s,historical_average,5,vehicle_count,Q4-severe,18,0.025523084200470312,1.3343820611526198,1.2834440033721712,1.3857313168804282,2.2669465402468365,2.207950070372004,2.3296059245808003
see_v2x,aoi_mean_s,historical_average,10,flow_proxy,Q1-mild,19,0.022283136818086885,18338.27205047878,17620.213814348936,19045.793557557496,29436.87784699656,28001.993202799877,30891.822388259843
see_v2x,aoi_mean_s,historical_average,10,flow_proxy,Q2-moderate,18,0.022556692118907328,19298.161374494466,18297.523102061914,20321.51782355914,31457.965673495608,30204.015827575236,32925.71753012393
see_v2x,aoi_mean_s,historical_average,10,flow_proxy,Q3-high,19,0.022975109456279584,19270.588103528196,18285.832761960777,20238.34006610302,32414.669949916202,30985.03894120094,33785.765598604456
see_v2x,aoi_mean_s,historical_average,10,flow_proxy,Q4-severe,18,0.025523084200470312,19670.90144795889,19035.110301482386,20317.991393553908,31882.775711294056,30737.37595006393,32997.29353908401
see_v2x,aoi_mean_s,historical_average,10,speed_mean_kmh,Q1-mild,19,0.022283136818086885,5.378720376157224,5.139083040629089,5.615494098073517,7.922900613281181,7.528287412115572,8.316838375330143
see_v2x,aoi_mean_s,historical_average,10,speed_mean_kmh,Q2-moderate,18,0.022556692118907328,5.686530532735242,5.300427749973271,6.068651982573237,9.11464784468477,8.280110429050081,9.997624614433139
see_v2x,aoi_mean_s,historical_average,10,speed_mean_kmh,Q3-high,19,0.022975109456279584,5.891633748191534,5.40855433133123,6.418859345549423,9.675780902465183,8.720797451205271,10.709760018620148
see_v2x,aoi_mean_s,historical_average,10,speed_mean_kmh,Q4-severe,18,0.025523084200470312,5.318499831848178,5.090319540037199,5.558747267014745,8.153029524831602,7.658345021621893,8.625124950322524
see_v2x,aoi_mean_s,historical_average,10,vehicle_count,Q1-mild,19,0.022283136818086885,1.7583394620561317,1.541812406268771,1.968522867794664,3.020807874842395,2.6745074922087406,3.3643870520440458
see_v2x,aoi_mean_s,historical_average,10,vehicle_count,Q2-moderate,18,0.022556692118907328,2.1749663585092547,2.12228566638017,2.223502108145456,3.6856807986892193,3.598891313575806,3.788206645909146
see_v2x,aoi_mean_s,historical_average,10,vehicle_count,Q3-high,19,0.022975109456279584,2.195421700507719,2.0547929559021103,2.298797325445337,4.15528568267421,3.8204567903769067,4.41031296711476
see_v2x,aoi_mean_s,historical_average,10,vehicle_count,Q4-severe,18,0.025523084200470312,1.2914476403569524,1.2340664589244235,1.3466535299659914,2.2320961338425263,2.164850326795095,2.2974951111210062
see_v2x,aoi_mean_s,historical_average,30,flow_proxy,Q1-mild,19,0.022283136818086885,19362.853353359562,18769.514157602865,20011.21955156112,31910.49818947757,30776.81232600224,33096.90137228383
see_v2x,aoi_mean_s,historical_average,30,flow_proxy,Q2-moderate,18,0.022556692118907328,18158.987144990202,17474.380717605807,18881.248314010212,29976.043090416777,29034.727373761718,31054.4288377606
see_v2x,aoi_mean_s,historical_average,30,flow_proxy,Q3-high,19,0.022975109456279584,18974.131328188803,18334.959476926666,19701.088957714204,30666.934702692695,29748.56080770441,31501.077870297748
see_v2x,aoi_mean_s,historical_average,30,flow_proxy,Q4-severe,18,0.025523084200470312,20944.768014352103,20052.357447760955,21719.475700303647,33681.88696821538,32331.64402538858,34860.77878272606
see_v2x,aoi_mean_s,historical_average,30,speed_mean_kmh,Q1-mild,19,0.022283136818086885,5.519844442843843,5.210349123185089,5.838223397567533,8.174979472471323,7.660759826068046,8.721950356361816
see_v2x,aoi_mean_s,historical_average,30,speed_mean_kmh,Q2-moderate,18,0.022556692118907328,5.401509269645053,5.18796435804312,5.60607140541394,7.955308461296736,7.629500720128171,8.29581629254272
see_v2x,aoi_mean_s,historical_average,30,speed_mean_kmh,Q3-high,19,0.022975109456279584,5.799613750499387,5.499910222238079,6.150369915276137,9.256736485058457,8.49260282576387,10.016176476917638
see_v2x,aoi_mean_s,historical_average,30,speed_mean_kmh,Q4-severe,18,0.025523084200470312,5.918543735097227,5.638243419935736,6.222602393176719,9.273784398831161,8.622670744799624,10.04549290192354
see_v2x,aoi_mean_s,historical_average,30,vehicle_count,Q1-mild,19,0.022283136818086885,1.5588533251673615,1.3743215530617447,1.7325371445860271,2.825531125177301,2.4838879914751866,3.179155306396264
see_v2x,aoi_mean_s,historical_average,30,vehicle_count,Q2-moderate,18,0.022556692118907328,2.0056142121701006,1.9243005073997814,2.094231111217243,3.7147779439095467,3.6165024953223317,3.825104707551889
see_v2x,aoi_mean_s,historical_average,30,vehicle_count,Q3-high,19,0.022975109456279584,2.1383358063546596,2.0370332517418603,2.218307074779644,3.5720416771202985,3.4149944738527442,3.703184804370993
see_v2x,aoi_mean_s,historical_average,30,vehicle_count,Q4-severe,18,0.025523084200470312,1.6718468783487483,1.6249588634629706,1.7106342356865556,2.9801037799154497,2.860496800274797,3.070893941460691
see_v2x,aoi_mean_s,impaired_gru,5,flow_proxy,Q1-mild,19,0.022283136818086885,12354.430456716886,11078.200702772645,13626.296261093687,20126.341742051503,17975.759131864488,22240.975802965004
see_v2x,aoi_mean_s,impaired_gru,5,flow_proxy,Q2-moderate,18,0.022556692118907328,14902.016868024288,14213.283681388268,15578.212058657264,24362.966900258463,23110.696568771804,25491.417948051116
see_v2x,aoi_mean_s,impaired_gru,5,flow_proxy,Q3-high,19,0.022975109456279584,15387.19996799168,14451.86060368965,16350.972611933817,25459.6960050019,24065.3978543617,26980.847134788855
see_v2x,aoi_mean_s,impaired_gru,5,flow_proxy,Q4-severe,18,0.025523084200470312,14090.652718939007,12669.807216966543,15485.61495214443,23492.337207704953,21522.655353154965,25390.425195167438
see_v2x,aoi_mean_s,impaired_gru,5,speed_mean_kmh,Q1-mild,19,0.022283136818086885,3.3862236156096004,3.102305534256142,3.689849876625691,6.0115350045940446,5.3742474602199515,6.6547927889438565
see_v2x,aoi_mean_s,impaired_gru,5,speed_mean_kmh,Q2-moderate,18,0.022556692118907328,3.9700749758895313,3.668372557078854,4.293126882083995,7.29203834127472,6.470925618874008,8.152489468261743
see_v2x,aoi_mean_s,impaired_gru,5,speed_mean_kmh,Q3-high,19,0.022975109456279584,4.9209816216660185,4.39642708981098,5.433112679224413,9.259325547359214,8.190426611315315,10.377202028037804
see_v2x,aoi_mean_s,impaired_gru,5,speed_mean_kmh,Q4-severe,18,0.025523084200470312,3.5755845990998356,3.1977198147475208,4.009493202379279,6.359864933879577,5.5243229480877405,7.247986159790956
see_v2x,aoi_mean_s,impaired_gru,5,vehicle_count,Q1-mild,19,0.022283136818086885,0.9459632047689114,0.8450382215301127,1.0486323963245248,1.521259748085442,1.3580469496082106,1.6744188484505529
see_v2x,aoi_mean_s,impaired_gru,5,vehicle_count,Q2-moderate,18,0.022556692118907328,1.1554232639668884,1.1133530370419522,1.1995764648650384,1.8462516903529098,1.777732873549982,1.9099685553551904
see_v2x,aoi_mean_s,impaired_gru,5,vehicle_count,Q3-high,19,0.022975109456279584,1.1446147802840523,1.1031503308141177,1.1859612990877804,2.1434963386720844,2.017632873350859,2.2512575146291005
see_v2x,aoi_mean_s,impaired_gru,5,vehicle_count,Q4-severe,18,0.025523084200470312,0.9150867596691123,0.8421093181844482,0.9841496354549395,1.5296409302829583,1.4061899387664802,1.6482990850324368
see_v2x,aoi_mean_s,impaired_gru,10,flow_proxy,Q1-mild,19,0.022283136818086885,15831.98638397413,13586.463230209494,18039.494114275432,25181.960249190026,21906.18938733547,28467.073158504336
see_v2x,aoi_mean_s,impaired_gru,10,flow_proxy,Q2-moderate,18,0.022556692118907328,18293.519793549345,17416.86665041081,19054.804536773743,29627.038278741005,28608.28522286296,30623.206222794088
see_v2x,aoi_mean_s,impaired_gru,10,flow_proxy,Q3-high,19,0.022975109456279584,17864.316146243782,16898.04600001385,18869.743114422,30455.40835713472,28499.388523086236,32225.078702186154
see_v2x,aoi_mean_s,impaired_gru,10,flow_proxy,Q4-severe,18,0.025523084200470312,16450.60079447379,15373.407137346358,17566.17222954586,26806.26271772388,25093.615783078603,28390.61500538539
see_v2x,aoi_mean_s,impaired_gru,10,speed_mean_kmh,Q1-mild,19,0.022283136818086885,3.793928387835828,3.415305938811498,4.193821854740308,6.134792086042294,5.593719833925646,6.690062997308899
see_v2x,aoi_mean_s,impaired_gru,10,speed_mean_kmh,Q2-moderate,18,0.022556692118907328,4.687309710254776,4.311019114296347,5.065177922771971,8.264336786720413,7.357462215984152,9.17419938040734
see_v2x,aoi_mean_s,impaired_gru,10,speed_mean_kmh,Q3-high,19,0.022975109456279584,5.278129957660195,4.684647780209289,5.887243779267265,9.643305737746022,8.45770799289432,10.740915297530242
see_v2x,aoi_mean_s,impaired_gru,10,speed_mean_kmh,Q4-severe,18,0.025523084200470312,3.9241225725397877,3.5937096374930246,4.266314048470272,6.696536920238257,6.062934516045072,7.36756048257316
see_v2x,aoi_mean_s,impaired_gru,10,vehicle_count,Q1-mild,19,0.022283136818086885,1.26377309644688,1.1530312974678292,1.3902230808485185,2.100352604829688,1.8823460208208955,2.3176722342098466
see_v2x,aoi_mean_s,impaired_gru,10,vehicle_count,Q2-moderate,18,0.022556692118907328,1.5440331940643008,1.4976606364629244,1.5932541878839293,2.563619162706941,2.4732947801911487,2.6437702415613735
see_v2x,aoi_mean_s,impaired_gru,10,vehicle_count,Q3-high,19,0.022975109456279584,1.474079191688378,1.3997399021205608,1.55101957704461,2.620988819910609,2.461047431903493,2.766190365626789
see_v2x,aoi_mean_s,impaired_gru,10,vehicle_count,Q4-severe,18,0.025523084200470312,1.0987691263659227,1.0451929287263815,1.1609270865373436,1.8241769730179516,1.7179776177933712,1.939044855049886
see_v2x,aoi_mean_s,impaired_gru,30,flow_proxy,Q1-mild,19,0.022283136818086885,15617.299371944719,14969.024052039456,16376.524843354295,26883.56536081475,25556.722033460817,28112.071941274375
see_v2x,aoi_mean_s,impaired_gru,30,flow_proxy,Q2-moderate,18,0.022556692118907328,14933.017327222491,14197.74659464501,15655.069825922877,25163.470697590783,23829.037870406304,26571.07306950331
see_v2x,aoi_mean_s,impaired_gru,30,flow_proxy,Q3-high,19,0.022975109456279584,15904.935639755859,15237.413594606636,16646.778159765603,27284.097644135134,25876.477645014616,28646.493811727945
see_v2x,aoi_mean_s,impaired_gru,30,flow_proxy,Q4-severe,18,0.025523084200470312,13524.980124259338,12975.671858440106,14132.306761255277,22497.637040289483,21396.972872927916,23587.37614992883
see_v2x,aoi_mean_s,impaired_gru,30,speed_mean_kmh,Q1-mild,19,0.022283136818086885,4.306878823849645,4.050402724335013,4.63298396564211,7.033025603384724,6.481173294309922,7.671058511799433
see_v2x,aoi_mean_s,impaired_gru,30,speed_mean_kmh,Q2-moderate,18,0.022556692118907328,4.238247980757354,4.029781978805909,4.4546734752321875,6.846136000811146,6.372081316358771,7.397189979619369
see_v2x,aoi_mean_s,impaired_gru,30,speed_mean_kmh,Q3-high,19,0.022975109456279584,4.904631217308257,4.549206629701603,5.327520153761098,9.038661303063174,8.058776248105758,9.998505597838005
see_v2x,aoi_mean_s,impaired_gru,30,speed_mean_kmh,Q4-severe,18,0.025523084200470312,4.980236496092714,4.701453624850469,5.292826079526355,8.813341943086423,8.184441890983372,9.432613750348684
see_v2x,aoi_mean_s,impaired_gru,30,vehicle_count,Q1-mild,19,0.022283136818086885,1.4982090779012978,1.3491239861054543,1.6386149918719966,2.569362125965066,2.335315863685042,2.8077384330250386
see_v2x,aoi_mean_s,impaired_gru,30,vehicle_count,Q2-moderate,18,0.022556692118907328,1.8894468657265517,1.7868023900728502,2.001274045287324,3.16085852272726,3.025970816894232,3.3092712513991267
see_v2x,aoi_mean_s,impaired_gru,30,vehicle_count,Q3-high,19,0.022975109456279584,1.8189491761488346,1.6797119106496936,1.944452859815706,2.9762255882987616,2.8017663303117377,3.1435542739098183
see_v2x,aoi_mean_s,impaired_gru,30,vehicle_count,Q4-severe,18,0.025523084200470312,1.129506380988664,1.06083454479611,1.1982193408795365,1.9893921780548827,1.8785759923933625,2.1207320180582467
see_v2x,aoi_mean_s,persistence,5,flow_proxy,Q1-mild,19,0.022283136818086885,15128.246992486256,14285.206714605829,15962.220188034244,26124.06818829377,25068.54579564812,27211.798151570412
see_v2x,aoi_mean_s,persistence,5,flow_proxy,Q2-moderate,18,0.022556692118907328,16169.895495600886,15149.636556114805,17207.127703145412,27499.826354158125,25857.011153256386,29195.98773615602
see_v2x,aoi_mean_s,persistence,5,flow_proxy,Q3-high,19,0.022975109456279584,17284.92360321672,16045.334470780826,18484.041394483094,29874.726536905215,28150.95468249538,31621.2763263203
see_v2x,aoi_mean_s,persistence,5,flow_proxy,Q4-severe,18,0.025523084200470312,15779.658105781593,14383.952694063873,17212.167843294385,29180.911246127616,26858.03654865607,31786.265608251295
see_v2x,aoi_mean_s,persistence,5,speed_mean_kmh,Q1-mild,19,0.022283136818086885,4.267289318933169,3.9108110833946266,4.635339842012207,8.622161213826175,7.849436504160914,9.415873710412786
see_v2x,aoi_mean_s,persistence,5,speed_mean_kmh,Q2-moderate,18,0.022556692118907328,4.315524434153054,3.823441748762764,4.84291647213395,9.468320239588813,8.436219714003814,10.633009334617459
see_v2x,aoi_mean_s,persistence,5,speed_mean_kmh,Q3-high,19,0.022975109456279584,5.55752763513592,4.95748288855845,6.107549699209296,11.390402167151516,10.279829982873581,12.44906178369138
see_v2x,aoi_mean_s,persistence,5,speed_mean_kmh,Q4-severe,18,0.025523084200470312,3.933747162646858,3.323331034327414,4.599484382235174,8.243198237657953,7.147153238007752,9.441812018596632
see_v2x,aoi_mean_s,persistence,5,vehicle_count,Q1-mild,19,0.022283136818086885,1.001725654139206,0.8998921756911501,1.1113028802840668,1.7089533473834122,1.5727787407353706,1.8498268231070947
see_v2x,aoi_mean_s,persistence,5,vehicle_count,Q2-moderate,18,0.022556692118907328,1.146630282532871,1.0774135244632954,1.2167805628932675,1.9370476968119488,1.8425179050861924,2.036591143087914
see_v2x,aoi_mean_s,persistence,5,vehicle_count,Q3-high,19,0.022975109456279584,1.0966350768879534,1.047454748993249,1.1449741646438556,1.9178010795490354,1.833639839718869,2.003281592685764
see_v2x,aoi_mean_s,persistence,5,vehicle_count,Q4-severe,18,0.025523084200470312,0.9936248010457073,0.9107468390387135,1.0719490280141566,1.8839577714205893,1.7387226151913353,2.0353856093005045
see_v2x,aoi_mean_s,persistence,10,flow_proxy,Q1-mild,19,0.022283136818086885,20303.01249829044,18857.138082032063,21523.475449396614,35579.96742016925,34314.877868711344,36808.327006557665
see_v2x,aoi_mean_s,persistence,10,flow_proxy,Q2-moderate,18,0.022556692118907328,20638.86913834317,19645.703839813465,21659.133422972012,35523.15646754661,34088.26243350816,37421.83422672167
see_v2x,aoi_mean_s,persistence,10,flow_proxy,Q3-high,19,0.022975109456279584,22750.488060223688,21418.30466814575,23904.848051014258,40358.97966728942,37632.27746020137,42626.83768898295
see_v2x,aoi_mean_s,persistence,10,flow_proxy,Q4-severe,18,0.025523084200470312,19269.066926357937,17724.159707721028,20731.55338847717,34751.24699031788,31986.749778871635,37403.22770981125
see_v2x,aoi_mean_s,persistence,10,speed_mean_kmh,Q1-mild,19,0.022283136818086885,4.938420958780073,4.584758338194665,5.289302054657211,8.795626138515136,8.193645287530847,9.531548382106905
see_v2x,aoi_mean_s,persistence,10,speed_mean_kmh,Q2-moderate,18,0.022556692118907328,5.027740934492018,4.680887882326063,5.363224433895107,9.807259324215794,8.992482785249827,10.595289892691811
see_v2x,aoi_mean_s,persistence,10,speed_mean_kmh,Q3-high,19,0.022975109456279584,6.3266815310006175,5.635791089307993,7.041438682880588,11.722576616241044,10.357921166868245,12.836684589195052
see_v2x,aoi_mean_s,persistence,10,speed_mean_kmh,Q4-severe,18,0.025523084200470312,4.84692900323112,4.376405354581885,5.301152922130474,9.090261181357691,8.31468062603508,9.881287547747899
see_v2x,aoi_mean_s,persistence,10,vehicle_count,Q1-mild,19,0.022283136818086885,1.4477998734488131,1.3261432700918876,1.571182106006226,2.5017823921591855,2.3242177015146415,2.6797249667946628
see_v2x,aoi_mean_s,persistence,10,vehicle_count,Q2-moderate,18,0.022556692118907328,1.7067395916140458,1.6520947771968217,1.7613843940339264,2.9816206921846735,2.9016721902496423,3.0572738711248335
see_v2x,aoi_mean_s,persistence,10,vehicle_count,Q3-high,19,0.022975109456279584,1.5547886694320943,1.4667817591884271,1.6445643474519958,2.7925459456339006,2.646329375560989,2.9369955023754413
see_v2x,aoi_mean_s,persistence,10,vehicle_count,Q4-severe,18,0.025523084200470312,1.2714025847945885,1.204007322974102,1.347905321195512,2.390367287951108,2.238371020642015,2.5548105426909236
see_v2x,aoi_mean_s,persistence,30,flow_proxy,Q1-mild,19,0.022283136818086885,29579.99053992658,27988.117624327526,31288.827231890744,50808.65555133231,48383.42004727125,53448.12873716412
see_v2x,aoi_mean_s,persistence,30,flow_proxy,Q2-moderate,18,0.022556692118907328,30846.16785790644,28933.201099957754,32469.11698555189,51023.5584013993,48090.242450816026,53444.93475660746
see_v2x,aoi_mean_s,persistence,30,flow_proxy,Q3-high,19,0.022975109456279584,26456.95167183464,25165.446486870478,27715.773735820236,45307.28959702842,43120.35670303383,47563.884893107075
see_v2x,aoi_mean_s,persistence,30,flow_proxy,Q4-severe,18,0.025523084200470312,29845.35022261947,27955.36649428317,31715.924768663615,49521.719930701576,46922.140274268764,52102.05471112381
see_v2x,aoi_mean_s,persistence,30,speed_mean_kmh,Q1-mild,19,0.022283136818086885,7.278204134968091,6.8745212443650985,7.704614150349669,11.992601241227506,11.21212801461166,12.85489941631336
see_v2x,aoi_mean_s,persistence,30,speed_mean_kmh,Q2-moderate,18,0.022556692118907328,7.296443787132677,6.9193200890078606,7.717891529452545,11.990856011426061,11.363448138515244,12.737861453070511
see_v2x,aoi_mean_s,persistence,30,speed_mean_kmh,Q3-high,19,0.022975109456279584,7.2266293216717585,6.676291161896712,7.797374552235292,12.526730687861843,11.53179924764563,13.517438787836415
see_v2x,aoi_mean_s,persistence,30,speed_mean_kmh,Q4-severe,18,0.025523084200470312,7.254746547990341,6.696830193061199,7.841268375183457,12.860521946613156,11.842662958331037,13.912690951660014
see_v2x,aoi_mean_s,persistence,30,vehicle_count,Q1-mild,19,0.022283136818086885,2.37273521769224,2.2605479783848534,2.4754315143869388,4.265204380210923,4.07965606033529,4.496583194680926
see_v2x,aoi_mean_s,persistence,30,vehicle_count,Q2-moderate,18,0.022556692118907328,2.4808744423927958,2.404348941128504,2.5583106901370307,4.6370924161334734,4.35701062784469,4.972095292485917
see_v2x,aoi_mean_s,persistence,30,vehicle_count,Q3-high,19,0.022975109456279584,2.5194133845276077,2.4201683412387536,2.608283100736723,4.86743957827825,4.564282847396571,5.1690584673947955
see_v2x,aoi_mean_s,persistence,30,vehicle_count,Q4-severe,18,0.025523084200470312,2.1001822018092557,2.060109342167642,2.134813357560216,3.739201028782493,3.668484722970809,3.8278905980925115
see_v2x,aoi_p95_s,ca_dtnet,5,flow_proxy,Q1-mild,19,0.023297789097744354,10439.842253653229,9751.1905637511,11085.328790023821,18505.59454945433,17346.54485043765,19681.343522062423
see_v2x,aoi_p95_s,ca_dtnet,5,flow_proxy,Q2-moderate,19,0.024803134999999997,15418.003840078885,14624.277989252683,16286.359961838569,28115.582628717853,26462.499076362103,29749.834873759828
see_v2x,aoi_p95_s,ca_dtnet,5,flow_proxy,Q3-high,35,0.025868404217687074,13263.026446175021,12546.6082439994,13954.360703970893,22187.0628761285,20967.25286259629,23380.420965923982
see_v2x,aoi_p95_s,ca_dtnet,5,flow_proxy,Q4-severe,1,0.02631152857142857,15282.470215824253,15282.470215824253,15282.470215824253,25125.932478723546,25125.932478723546,25125.932478723546
see_v2x,aoi_p95_s,ca_dtnet,5,speed_mean_kmh,Q1-mild,19,0.023297789097744354,2.9492571860899157,2.800779185698799,3.103708052072866,5.484717864497835,5.142738182761975,5.852685203222552
see_v2x,aoi_p95_s,ca_dtnet,5,speed_mean_kmh,Q2-moderate,19,0.024803134999999997,4.756856671649584,4.317724175189793,5.2587303737813675,8.775698069474151,7.929541982058584,9.77964004209384
see_v2x,aoi_p95_s,ca_dtnet,5,speed_mean_kmh,Q3-high,35,0.025868404217687074,3.6637195809401257,3.3691219619581427,3.9558631581056694,7.639602993114481,6.860887269154214,8.443280811642977
see_v2x,aoi_p95_s,ca_dtnet,5,speed_mean_kmh,Q4-severe,1,0.02631152857142857,3.3538800772660524,3.3538800772660524,3.3538800772660524,5.797926195770065,5.797926195770065,5.797926195770065
see_v2x,aoi_p95_s,ca_dtnet,5,vehicle_count,Q1-mild,19,0.023297789097744354,0.76599387575434,0.7002335842181754,0.83339363116166,1.3157192225809413,1.2143909006459472,1.4204829331242583
see_v2x,aoi_p95_s,ca_dtnet,5,vehicle_count,Q2-moderate,19,0.024803134999999997,1.1365573338907229,1.0830400759603867,1.1966481317740232,2.1717468850672117,2.065641386482145,2.2853180347087783
see_v2x,aoi_p95_s,ca_dtnet,5,vehicle_count,Q3-high,35,0.025868404217687074,0.9843530958048029,0.9471780936270251,1.020734132921616,1.6240740814402803,1.5757005261517256,1.6765629768960828
see_v2x,aoi_p95_s,ca_dtnet,5,vehicle_count,Q4-severe,1,0.02631152857142857,0.9762751253517745,0.9762751253517745,0.9762751253517745,1.4643248178028734,1.4643248178028734,1.4643248178028734
see_v2x,aoi_p95_s,ca_dtnet,10,flow_proxy,Q1-mild,19,0.023297789097744354,13405.589759177636,12515.072808222234,14316.753398403913,23460.280471161543,21837.963430947093,25101.70144348635
see_v2x,aoi_p95_s,ca_dtnet,10,flow_proxy,Q2-moderate,19,0.024803134999999997,19228.37191909115,18322.059685428776,20056.892139036558,34816.16378859711,32507.005130077403,36663.936990954135
see_v2x,aoi_p95_s,ca_dtnet,10,flow_proxy,Q3-high,35,0.025868404217687074,15237.026582085458,14330.993644399285,16118.897457716439,25998.682459273492,24629.374119937638,27493.945413503352
see_v2x,aoi_p95_s,ca_dtnet,10,flow_proxy,Q4-severe,1,0.02631152857142857,17411.203382901906,17411.203382901906,17411.203382901906,29811.906384117097,29811.906384117097,29811.906384117097
see_v2x,aoi_p95_s,ca_dtnet,10,speed_mean_kmh,Q1-mild,19,0.023297789097744354,3.5049399579426117,3.3344529852994067,3.6917455848819265,6.344909129928023,5.940568501762415,6.856532641022831
see_v2x,aoi_p95_s,ca_dtnet,10,speed_mean_kmh,Q2-moderate,19,0.024803134999999997,5.1468445307925785,4.5557439111246465,5.789327154459367,9.315250434025401,8.079019707524,10.478717594470291
see_v2x,aoi_p95_s,ca_dtnet,10,speed_mean_kmh,Q3-high,35,0.025868404217687074,4.010103402305578,3.708550735031985,4.3180843207184765,7.64214661674982,6.970816670835325,8.35384266581493
see_v2x,aoi_p95_s,ca_dtnet,10,speed_mean_kmh,Q4-severe,1,0.02631152857142857,4.467977695040724,4.467977695040724,4.467977695040724,7.2063808013321475,7.2063808013321475,7.2063808013321475
see_v2x,aoi_p95_s,ca_dtnet,10,vehicle_count,Q1-mild,19,0.023297789097744354,1.0666715863439007,1.0039830337056534,1.1273840548846243,1.8281768692554918,1.7191957663395658,1.9414333125228036
see_v2x,aoi_p95_s,ca_dtnet,10,vehicle_count,Q2-moderate,19,0.024803134999999997,1.55756906237943,1.5134651132730759,1.5972431431031118,2.8624320511439407,2.7869025241133834,2.924370917961386
see_v2x,aoi_p95_s,ca_dtnet,10,vehicle_count,Q3-high,35,0.025868404217687074,1.225799182691917,1.1470462301370812,1.304263911135504,2.0352871682799334,1.9248097744074133,2.15907625962265
see_v2x,aoi_p95_s,ca_dtnet,10,vehicle_count,Q4-severe,1,0.02631152857142857,1.2937854285544592,1.2937854285544592,1.2937854285544592,2.03130259183478,2.03130259183478,2.03130259183478
see_v2x,aoi_p95_s,ca_dtnet,30,flow_proxy,Q1-mild,19,0.023297789097744354,13750.090221777768,13060.681534676187,14453.978159915288,24399.184335189784,23131.44395276722,25619.37916374178
see_v2x,aoi_p95_s,ca_dtnet,30,flow_proxy,Q2-moderate,19,0.024803134999999997,15335.705638256413,14508.42419325625,16205.37791582432,25651.63754844406,23963.060980461843,27225.954097394817
see_v2x,aoi_p95_s,ca_dtnet,30,flow_proxy,Q3-high,35,0.025868404217687074,14975.167717794695,14551.388029353175,15387.144923693408,26077.514916099553,25209.960327453315,26973.399083159118
see_v2x,aoi_p95_s,ca_dtnet,30,flow_proxy,Q4-severe,1,0.02631152857142857,15197.47511141339,15197.47511141339,15197.47511141339,32601.923494144583,32601.923494144583,32601.923494144583
see_v2x,aoi_p95_s,ca_dtnet,30,speed_mean_kmh,Q1-mild,19,0.023297789097744354,4.108577127841989,3.685485415123768,4.530235781945704,7.458357203396615,6.708275637225498,8.293747214858561
see_v2x,aoi_p95_s,ca_dtnet,30,speed_mean_kmh,Q2-moderate,19,0.024803134999999997,4.720156848699693,4.3705102032517456,5.114478059144797,9.115976141044143,8.183103953748049,10.038278383404752
see_v2x,aoi_p95_s,ca_dtnet,30,speed_mean_kmh,Q3-high,35,0.025868404217687074,4.035551742309719,3.7843732665859746,4.282725056602307,7.472048861473854,6.906328165178578,8.11368881626566
see_v2x,aoi_p95_s,ca_dtnet,30,speed_mean_kmh,Q4-severe,1,0.02631152857142857,4.064067154418491,4.064067154418491,4.064067154418491,7.198440659088003,7.198440659088003,7.198440659088003
see_v2x,aoi_p95_s,ca_dtnet,30,vehicle_count,Q1-mild,19,0.023297789097744354,1.0286299514293524,0.9615738506720762,1.1077168465495886,1.8179462158820636,1.6812254013838717,1.9658808889569908
see_v2x,aoi_p95_s,ca_dtnet,30,vehicle_count,Q2-moderate,19,0.024803134999999997,1.8675473178116015,1.8113575496803411,1.9219743418376363,3.2955885645641594,3.185965921228203,3.409285309984239
see_v2x,aoi_p95_s,ca_dtnet,30,vehicle_count,Q3-high,35,0.025868404217687074,1.699201386991044,1.5883250084085168,1.8027741330376077,2.947023349502105,2.746643573967759,3.151459618240293
see_v2x,aoi_p95_s,ca_dtnet,30,vehicle_count,Q4-severe,1,0.02631152857142857,1.9201187364628447,1.9201187364628447,1.9201187364628447,3.7066354074884202,3.7066354074884202,3.7066354074884202
see_v2x,aoi_p95_s,graph_gru,5,flow_proxy,Q1-mild,19,0.023297789097744354,9469.926260370925,8997.074146078963,9969.213944857209,16201.753259822515,15250.999505580705,17126.83871512542
see_v2x,aoi_p95_s,graph_gru,5,flow_proxy,Q2-moderate,19,0.024803134999999997,15056.86482353294,14311.40041998822,15905.474943128818,24968.47097352599,23847.952278860215,26304.500085813608
see_v2x,aoi_p95_s,graph_gru,5,flow_proxy,Q3-high,35,0.025868404217687074,14901.908608851441,14389.68758842377,15417.13381269195,24231.402609860783,23381.150911513825,25086.85887049478
see_v2x,aoi_p95_s,graph_gru,5,flow_proxy,Q4-severe,1,0.02631152857142857,16254.913939910994,16254.913939910994,16254.913939910994,23595.139790056535,23595.139790056535,23595.139790056535
see_v2x,aoi_p95_s,graph_gru,5,speed_mean_kmh,Q1-mild,19,0.023297789097744354,2.9403690219728786,2.8656337947226342,3.0088621836395357,4.972324413476663,4.738596720123163,5.208150013699929
see_v2x,aoi_p95_s,graph_gru,5,speed_mean_kmh,Q2-moderate,19,0.024803134999999997,4.8785361536217975,4.447115515981025,5.3685529951017905,8.699567883793856,7.800156513481961,9.703583267520763
see_v2x,aoi_p95_s,graph_gru,5,speed_mean_kmh,Q3-high,35,0.025868404217687074,4.022206622889085,3.80947558251522,4.220839597064859,7.294767180373954,6.710204224061771,7.9297980547340154
see_v2x,aoi_p95_s,graph_gru,5,speed_mean_kmh,Q4-severe,1,0.02631152857142857,3.91338119989431,3.91338119989431,3.91338119989431,6.080867924740715,6.080867924740715,6.080867924740715
see_v2x,aoi_p95_s,graph_gru,5,vehicle_count,Q1-mild,19,0.023297789097744354,0.838814789316854,0.7845698507307769,0.8975196228148093,1.3712546127424718,1.2751985451298589,1.494185414434641
see_v2x,aoi_p95_s,graph_gru,5,vehicle_count,Q2-moderate,19,0.024803134999999997,1.1148329597356859,1.0731476508222573,1.155079117698272,1.946529219584249,1.871296879270046,2.0176287418282866
see_v2x,aoi_p95_s,graph_gru,5,vehicle_count,Q3-high,35,0.025868404217687074,1.06791705818844,1.0213917619834827,1.1114784750247795,1.7303936565834483,1.6650637904365853,1.793340991591398
see_v2x,aoi_p95_s,graph_gru,5,vehicle_count,Q4-severe,1,0.02631152857142857,1.138673078229047,1.138673078229047,1.138673078229047,1.713739335345941,1.713739335345941,1.713739335345941
see_v2x,aoi_p95_s,graph_gru,10,flow_proxy,Q1-mild,19,0.023297789097744354,13118.319263883102,12226.389459920467,14044.898520230337,22135.018034570767,20778.45665511921,23633.203398893376
see_v2x,aoi_p95_s,graph_gru,10,flow_proxy,Q2-moderate,19,0.024803134999999997,19043.448339715607,18507.064841470026,19655.216274689643,30795.65583133564,29709.840309622927,31942.615888436616
see_v2x,aoi_p95_s,graph_gru,10,flow_proxy,Q3-high,35,0.025868404217687074,18820.17593935551,17938.375536948904,19649.911478755886,30364.683453639882,29183.973949551404,31545.551827059535
see_v2x,aoi_p95_s,graph_gru,10,flow_proxy,Q4-severe,1,0.02631152857142857,21036.053244122988,21036.053244122988,21036.053244122988,34200.461420792635,34200.461420792635,34200.461420792635
see_v2x,aoi_p95_s,graph_gru,10,speed_mean_kmh,Q1-mild,19,0.023297789097744354,3.563329295618095,3.349518995201255,3.770152501590416,5.860251502693851,5.459338399757391,6.343830279876265
see_v2x,aoi_p95_s,graph_gru,10,speed_mean_kmh,Q2-moderate,19,0.024803134999999997,5.2060243186090265,4.652206912538662,5.785240930268892,9.008724170684422,7.850782065313172,10.20941045518971
see_v2x,aoi_p95_s,graph_gru,10,speed_mean_kmh,Q3-high,35,0.025868404217687074,4.568783905245702,4.342729110645134,4.818347125293193,7.511946682000384,6.997365971551457,8.075635454692522
see_v2x,aoi_p95_s,graph_gru,10,speed_mean_kmh,Q4-severe,1,0.02631152857142857,4.967717372338136,4.967717372338136,4.967717372338136,7.362495183765806,7.362495183765806,7.362495183765806
see_v2x,aoi_p95_s,graph_gru,10,vehicle_count,Q1-mild,19,0.023297789097744354,1.161697846153969,1.1205041028015945,1.2034778966230122,1.93198413787883,1.840008738998447,2.029079794336639
see_v2x,aoi_p95_s,graph_gru,10,vehicle_count,Q2-moderate,19,0.024803134999999997,1.4587743319709952,1.404377643067351,1.5143964462088986,2.5012560913928503,2.3869074287145935,2.61396279366035
see_v2x,aoi_p95_s,graph_gru,10,vehicle_count,Q3-high,35,0.025868404217687074,1.400804309866166,1.3215331988251084,1.475597942332133,2.297029276628632,2.1822699866246396,2.4300468145299257
see_v2x,aoi_p95_s,graph_gru,10,vehicle_count,Q4-severe,1,0.02631152857142857,1.4175649544254072,1.4175649544254072,1.4175649544254072,2.25295943407553,2.25295943407553,2.25295943407553
see_v2x,aoi_p95_s,graph_gru,30,flow_proxy,Q1-mild,19,0.023297789097744354,15017.726405902838,14343.056676293845,15732.934582972293,24542.842347299298,23398.124184557397,25641.81922730245
see_v2x,aoi_p95_s,graph_gru,30,flow_proxy,Q2-moderate,19,0.024803134999999997,17067.433688191213,16419.932500647366,17769.918396580917,28158.66419452606,26913.088626350225,29446.012775435727
see_v2x,aoi_p95_s,graph_gru,30,flow_proxy,Q3-high,35,0.025868404217687074,15746.893114759743,15233.152384921019,16249.44714733737,24922.629544350082,23995.819754469845,25844.155562618744
see_v2x,aoi_p95_s,graph_gru,30,flow_proxy,Q4-severe,1,0.02631152857142857,18849.41245796564,18849.41245796564,18849.41245796564,32875.48364192484,32875.48364192484,32875.48364192484
see_v2x,aoi_p95_s,graph_gru,30,speed_mean_kmh,Q1-mild,19,0.023297789097744354,4.540611089740881,4.175906626790204,4.9191111572749,7.128328662572745,6.479163382406239,7.856163513525382
see_v2x,aoi_p95_s,graph_gru,30,speed_mean_kmh,Q2-moderate,19,0.024803134999999997,4.918853248208812,4.5397577398014075,5.337201425137991,8.688755673751563,7.775966069700019,9.635881869476005
see_v2x,aoi_p95_s,graph_gru,30,speed_mean_kmh,Q3-high,35,0.025868404217687074,4.318208197651297,4.145847025052048,4.499892895636786,6.981074658636288,6.52522451634886,7.480059194691662
see_v2x,aoi_p95_s,graph_gru,30,speed_mean_kmh,Q4-severe,1,0.02631152857142857,4.977038863483847,4.977038863483847,4.977038863483847,7.614258309223786,7.614258309223786,7.614258309223786
see_v2x,aoi_p95_s,graph_gru,30,vehicle_count,Q1-mild,19,0.023297789097744354,1.2477689848436413,1.1876913873621142,1.3061073434704311,2.0320351256445903,1.9188282128882552,2.1446193635345696
see_v2x,aoi_p95_s,graph_gru,30,vehicle_count,Q2-moderate,19,0.024803134999999997,1.7434191573891127,1.6186142718439762,1.871588588561257,2.948579365294341,2.7692122652809408,3.132068814452435
see_v2x,aoi_p95_s,graph_gru,30,vehicle_count,Q3-high,35,0.025868404217687074,1.676938799940231,1.5767063825085825,1.7752644454783961,2.785467978636766,2.617672655089768,2.9587503977171807
see_v2x,aoi_p95_s,graph_gru,30,vehicle_count,Q4-severe,1,0.02631152857142857,1.9499404880387308,1.9499404880387308,1.9499404880387308,3.5030940748911177,3.5030940748911177,3.5030940748911177
see_v2x,aoi_p95_s,historical_average,5,flow_proxy,Q1-mild,19,0.023297789097744354,17340.636865963268,16873.925035380453,17814.41481652195,27530.205370121006,26659.341089927286,28315.03135553399
see_v2x,aoi_p95_s,historical_average,5,flow_proxy,Q2-moderate,19,0.024803134999999997,18528.086062752885,17348.482497637488,19775.307731027504,31656.57596724425,29911.241759222343,33399.42924807393
see_v2x,aoi_p95_s,historical_average,5,flow_proxy,Q3-high,35,0.025868404217687074,19673.637080667442,19153.229924501502,20206.05389119017,32046.89072405229,31140.693183600913,32930.84384565808
see_v2x,aoi_p95_s,historical_average,5,flow_proxy,Q4-severe,1,0.02631152857142857,18892.787819509507,18892.787819509507,18892.787819509507,31910.92988488623,31910.92988488623,31910.92988488623
see_v2x,aoi_p95_s,historical_average,5,speed_mean_kmh,Q1-mild,19,0.023297789097744354,5.242539955178254,5.125244059863807,5.349741526412882,7.715974360779339,7.471877885904889,7.9494964805940596
see_v2x,aoi_p95_s,historical_average,5,speed_mean_kmh,Q2-moderate,19,0.024803134999999997,5.785551622067481,5.367386420412531,6.287915472748315,9.159414962286855,8.376696622856,10.078393569479301
see_v2x,aoi_p95_s,historical_average,5,speed_mean_kmh,Q3-high,35,0.025868404217687074,5.673466110162038,5.425160205113428,5.9093216972675044,9.15251309922822,8.607772417666972,9.776441493993293
see_v2x,aoi_p95_s,historical_average,5,speed_mean_kmh,Q4-severe,1,0.02631152857142857,5.802562519476735,5.802562519476735,5.802562519476735,8.327334930741388,8.327334930741388,8.327334930741388
see_v2x,aoi_p95_s,historical_average,5,vehicle_count,Q1-mild,19,0.023297789097744354,1.402836951586859,1.3461832621901828,1.4651457679877615,2.4905658912667255,2.339447766414804,2.6436456860886084
see_v2x,aoi_p95_s,historical_average,5,vehicle_count,Q2-moderate,19,0.024803134999999997,2.257156734584992,2.189713533844077,2.317065084565619,4.489701021521835,4.3779879512228685,4.586211602173988
see_v2x,aoi_p95_s,historical_average,5,vehicle_count,Q3-high,35,0.025868404217687074,1.9100230964421256,1.7664125194686997,2.049874204884164,3.2495307735366286,3.039974609031922,3.472000922461451
see_v2x,aoi_p95_s,historical_average,5,vehicle_count,Q4-severe,1,0.02631152857142857,2.2397174591809663,2.2397174591809663,2.2397174591809663,3.9813820812720904,3.9813820812720904,3.9813820812720904
see_v2x,aoi_p95_s,historical_average,10,flow_proxy,Q1-mild,19,0.023297789097744354,17973.57423934217,17306.905767053275,18698.616766344843,28386.48646635623,27196.896676144617,29616.872532221005
see_v2x,aoi_p95_s,historical_average,10,flow_proxy,Q2-moderate,19,0.024803134999999997,19892.746614566135,18822.39062186374,20917.638518444805,33675.81996023055,32348.10769096333,35056.486636792426
see_v2x,aoi_p95_s,historical_average,10,flow_proxy,Q3-high,35,0.025868404217687074,19351.758214067664,18845.038376931778,19887.667299181594,31602.230453602446,30836.158642273345,32323.754701002865
see_v2x,aoi_p95_s,historical_average,10,flow_proxy,Q4-severe,1,0.02631152857142857,19239.8400136668,19239.8400136668,19239.8400136668,30050.865086322352,30050.865086322352,30050.865086322352
see_v2x,aoi_p95_s,historical_average,10,speed_mean_kmh,Q1-mild,19,0.023297789097744354,5.2737997964222085,5.160236332584042,5.38175180810456,8.048815568285406,7.732926403672293,8.381529653569508
see_v2x,aoi_p95_s,historical_average,10,speed_mean_kmh,Q2-moderate,19,0.024803134999999997,5.748590986257547,5.2464737956462075,6.323846856382672,9.396165893147247,8.264925758394034,10.526765107836342
see_v2x,aoi_p95_s,historical_average,10,speed_mean_kmh,Q3-high,35,0.025868404217687074,5.628732265983609,5.39597356290902,5.878668877732396,8.728269895049804,8.225156931001283,9.2780965911263
see_v2x,aoi_p95_s,historical_average,10,speed_mean_kmh,Q4-severe,1,0.02631152857142857,5.796220744786317,5.796220744786317,5.796220744786317,8.24904735651207,8.24904735651207,8.24904735651207
see_v2x,aoi_p95_s,historical_average,10,vehicle_count,Q1-mild,19,0.023297789097744354,1.3689414782676301,1.324678110759315,1.4102409393952926,2.3439285373752847,2.2634123079910666,2.425370864346009
see_v2x,aoi_p95_s,historical_average,10,vehicle_count,Q2-moderate,19,0.024803134999999997,2.2743679694600285,2.2268857518205865,2.321564701741358,4.322027604669352,4.151972264503816,4.4856280639692745
see_v2x,aoi_p95_s,historical_average,10,vehicle_count,Q3-high,35,0.025868404217687074,1.89466699206485,1.7380807206583524,2.0575862100190885,3.222360962222389,2.9972716700403885,3.464480486501161
see_v2x,aoi_p95_s,historical_average,10,vehicle_count,Q4-severe,1,0.02631152857142857,1.9806898392096228,1.9806898392096228,1.9806898392096228,3.429962001755172,3.429962001755172,3.429962001755172
see_v2x,aoi_p95_s,historical_average,30,flow_proxy,Q1-mild,19,0.023297789097744354,19502.91866122185,18707.494702851807,20279.85529266393,31876.516334021373,30752.329638242096,33024.36354309663
see_v2x,aoi_p95_s,historical_average,30,flow_proxy,Q2-moderate,19,0.024803134999999997,18894.9948628247,18155.427423614692,19641.66946194075,30905.798087374522,29927.360529461985,31819.248550621855
see_v2x,aoi_p95_s,historical_average,30,flow_proxy,Q3-high,35,0.025868404217687074,19543.189644371178,18830.372150491374,20205.81304894571,31783.259867318866,30770.561053642246,32688.71935382329
see_v2x,aoi_p95_s,historical_average,30,flow_proxy,Q4-severe,1,0.02631152857142857,18698.307307704803,18698.307307704803,18698.307307704803,29535.896643931614,29535.896643931614,29535.896643931614
see_v2x,aoi_p95_s,historical_average,30,speed_mean_kmh,Q1-mild,19,0.023297789097744354,5.514246625264757,5.209148488904783,5.810027735584452,8.265910053591886,7.720050171550828,8.83932937739774
see_v2x,aoi_p95_s,historical_average,30,speed_mean_kmh,Q2-moderate,19,0.024803134999999997,5.8677114314796235,5.552040056827947,6.214345813341878,9.410932799123048,8.670873807300609,10.157542850686545
see_v2x,aoi_p95_s,historical_average,30,speed_mean_kmh,Q3-high,35,0.025868404217687074,5.618487124194071,5.409059828614279,5.822801825186845,8.474415752590307,8.066367035524681,8.951623135397252
see_v2x,aoi_p95_s,historical_average,30,speed_mean_kmh,Q4-severe,1,0.02631152857142857,5.926407333946752,5.926407333946752,5.926407333946752,8.861709133123618,8.861709133123618,8.861709133123618
see_v2x,aoi_p95_s,historical_average,30,vehicle_count,Q1-mild,19,0.023297789097744354,1.3931799596430001,1.294254429786399,1.489242815711733,2.422047837714504,2.264952396579643,2.5889399234399697
see_v2x,aoi_p95_s,historical_average,30,vehicle_count,Q2-moderate,19,0.024803134999999997,2.185443615274706,2.1339492176261423,2.233988019642854,3.670472515458616,3.5831821315017494,3.762379677831613
see_v2x,aoi_p95_s,historical_average,30,vehicle_count,Q3-high,35,0.025868404217687074,1.89441899297143,1.8261338382775867,1.9595552967051484,3.4924554847765825,3.3886292082083167,3.6118543638739826
see_v2x,aoi_p95_s,historical_average,30,vehicle_count,Q4-severe,1,0.02631152857142857,2.142380450821215,2.142380450821215,2.142380450821215,4.067925595034688,4.067925595034688,4.067925595034688
see_v2x,aoi_p95_s,impaired_gru,5,flow_proxy,Q1-mild,19,0.023297789097744354,10369.89246963827,9895.385258046415,10891.612057809205,17556.623869675244,16569.213435747057,18606.496930600686
see_v2x,aoi_p95_s,impaired_gru,5,flow_proxy,Q2-moderate,19,0.024803134999999997,15701.324276045601,14944.326193507324,16601.268776202443,25943.598198065545,24819.063894043295,27294.77601197852
see_v2x,aoi_p95_s,impaired_gru,5,flow_proxy,Q3-high,35,0.025868404217687074,15315.464202263714,14765.672200224095,15874.974521710377,24996.49358481563,24086.721629468677,25936.300980421835
see_v2x,aoi_p95_s,impaired_gru,5,flow_proxy,Q4-severe,1,0.02631152857142857,17564.6653875786,17564.6653875786,17564.6653875786,26148.69638173398,26148.69638173398,26148.69638173398
see_v2x,aoi_p95_s,impaired_gru,5,speed_mean_kmh,Q1-mild,19,0.023297789097744354,2.8935208410491438,2.778609697894251,3.006671746297654,5.059549672840056,4.7919328769276515,5.361802949657373
see_v2x,aoi_p95_s,impaired_gru,5,speed_mean_kmh,Q2-moderate,19,0.024803134999999997,4.868068060543452,4.42719783197058,5.3814207741736055,8.891369505029653,7.931592097285644,9.970883072671505
see_v2x,aoi_p95_s,impaired_gru,5,speed_mean_kmh,Q3-high,35,0.025868404217687074,4.060927652215436,3.827849135409876,4.293158345555737,7.551373905482408,6.931838216411774,8.265918087780149
see_v2x,aoi_p95_s,impaired_gru,5,speed_mean_kmh,Q4-severe,1,0.02631152857142857,4.056114900245811,4.056114900245811,4.056114900245811,6.5150583684805286,6.5150583684805286,6.5150583684805286
see_v2x,aoi_p95_s,impaired_gru,5,vehicle_count,Q1-mild,19,0.023297789097744354,0.807585715767243,0.7457176575025385,0.8751762492152262,1.3445806252502515,1.2400718664865225,1.4703572436099255
see_v2x,aoi_p95_s,impaired_gru,5,vehicle_count,Q2-moderate,19,0.024803134999999997,1.1461649355412213,1.1019318892647836,1.1933322067255494,2.1576525083772333,2.043360628305205,2.260427637506838
see_v2x,aoi_p95_s,impaired_gru,5,vehicle_count,Q3-high,35,0.025868404217687074,1.1068177295536503,1.057380877052517,1.1533102720684967,1.7735972507737057,1.708209792839788,1.8375853157937816
see_v2x,aoi_p95_s,impaired_gru,5,vehicle_count,Q4-severe,1,0.02631152857142857,1.1302792322157453,1.1302792322157453,1.1302792322157453,1.7780995038367424,1.7780995038367424,1.7780995038367424
see_v2x,aoi_p95_s,impaired_gru,10,flow_proxy,Q1-mild,19,0.023297789097744354,13366.30920876602,12249.61401214091,14512.671966565813,21930.369689286486,19901.014933868308,24166.42027781721
see_v2x,aoi_p95_s,impaired_gru,10,flow_proxy,Q2-moderate,19,0.024803134999999997,18469.861595430495,17748.750211963088,19253.753341754513,31654.118076613075,30580.762250698634,32819.63189943693
see_v2x,aoi_p95_s,impaired_gru,10,flow_proxy,Q3-high,35,0.025868404217687074,18273.686307893167,17407.489490154236,19139.57055700698,29180.007762982677,28016.287753329332,30352.063217333005
see_v2x,aoi_p95_s,impaired_gru,10,flow_proxy,Q4-severe,1,0.02631152857142857,21157.652602562113,21157.652602562113,21157.652602562113,33503.882200052736,33503.882200052736,33503.882200052736
see_v2x,aoi_p95_s,impaired_gru,10,speed_mean_kmh,Q1-mild,19,0.023297789097744354,3.427386214169079,3.194411452985519,3.656380485632557,5.835566996304575,5.407128292546817,6.384500041943001
see_v2x,aoi_p95_s,impaired_gru,10,speed_mean_kmh,Q2-moderate,19,0.024803134999999997,5.1952489421674235,4.576723278871961,5.831730661080126,9.479463814673938,8.263973888191268,10.697413581038363
see_v2x,aoi_p95_s,impaired_gru,10,speed_mean_kmh,Q3-high,35,0.025868404217687074,4.52437306426025,4.265261485825572,4.801488157200289,7.726571980521924,7.167432397156935,8.339692158599261
see_v2x,aoi_p95_s,impaired_gru,10,speed_mean_kmh,Q4-severe,1,0.02631152857142857,5.1917644352242265,5.1917644352242265,5.1917644352242265,7.6639806503750245,7.6639806503750245,7.6639806503750245
see_v2x,aoi_p95_s,impaired_gru,10,vehicle_count,Q1-mild,19,0.023297789097744354,1.1113150280931114,1.0572542335292812,1.163174552203497,1.8600720476021566,1.7619286195237702,1.9605337755943566
see_v2x,aoi_p95_s,impaired_gru,10,vehicle_count,Q2-moderate,19,0.024803134999999997,1.485598068169007,1.4186919295109652,1.5607368553857726,2.639046382541295,2.4944719634968675,2.7887750134778138
see_v2x,aoi_p95_s,impaired_gru,10,vehicle_count,Q3-high,35,0.025868404217687074,1.3976948921706154,1.310240862305694,1.481723432891882,2.317582892939576,2.171980482824995,2.4702728802757523
see_v2x,aoi_p95_s,impaired_gru,10,vehicle_count,Q4-severe,1,0.02631152857142857,1.3289651873621344,1.3289651873621344,1.3289651873621344,2.0871660875029976,2.0871660875029976,2.0871660875029976
see_v2x,aoi_p95_s,impaired_gru,30,flow_proxy,Q1-mild,19,0.023297789097744354,15182.415971054665,14516.64274931475,15995.176768437406,25683.654928583506,24306.24394339628,27047.62428682881
see_v2x,aoi_p95_s,impaired_gru,30,flow_proxy,Q2-moderate,19,0.024803134999999997,16199.058930007495,15536.42011027183,16876.95376032063,27977.612456423434,26624.06968006943,29287.733885570193
see_v2x,aoi_p95_s,impaired_gru,30,flow_proxy,Q3-high,35,0.025868404217687074,14293.170600289694,13744.721024579232,14792.329118458201,24005.88353611591,23052.89874428059,25011.430328712508
see_v2x,aoi_p95_s,impaired_gru,30,flow_proxy,Q4-severe,1,0.02631152857142857,14657.425218663513,14657.425218663513,14657.425218663513,27315.53229670402,27315.53229670402,27315.53229670402
see_v2x,aoi_p95_s,impaired_gru,30,speed_mean_kmh,Q1-mild,19,0.023297789097744354,4.666863775191376,4.288566173215903,5.037030770506851,7.733122822503547,7.035348741814949,8.4713930365293
see_v2x,aoi_p95_s,impaired_gru,30,speed_mean_kmh,Q2-moderate,19,0.024803134999999997,4.999982363574344,4.644962091652121,5.387371180668786,9.403742164300018,8.588603360593238,10.31309045602922
see_v2x,aoi_p95_s,impaired_gru,30,speed_mean_kmh,Q3-high,35,0.025868404217687074,4.349638869549606,4.177773248237005,4.526817559236615,7.251545440682802,6.81148834590722,7.7402985219398115
see_v2x,aoi_p95_s,impaired_gru,30,speed_mean_kmh,Q4-severe,1,0.02631152857142857,5.043974294516412,5.043974294516412,5.043974294516412,7.828129039500509,7.828129039500509,7.828129039500509
see_v2x,aoi_p95_s,impaired_gru,30,vehicle_count,Q1-mild,19,0.023297789097744354,1.1843843937943876,1.120304781816474,1.2477010788530716,2.0049264468341144,1.8843357485742473,2.1293707850926666
see_v2x,aoi_p95_s,impaired_gru,30,vehicle_count,Q2-moderate,19,0.024803134999999997,1.8789221357636559,1.7770533793784509,1.9846262995062707,3.078704075447205,2.9447886267036667,3.212237573134448
see_v2x,aoi_p95_s,impaired_gru,30,vehicle_count,Q3-high,35,0.025868404217687074,1.6337289947204674,1.4994231231863737,1.758064397237811,2.796259577888892,2.615363181718165,2.985417459444327
see_v2x,aoi_p95_s,impaired_gru,30,vehicle_count,Q4-severe,1,0.02631152857142857,1.9838263910072236,1.9838263910072236,1.9838263910072236,3.612614035634975,3.612614035634975,3.612614035634975
see_v2x,aoi_p95_s,persistence,5,flow_proxy,Q1-mild,19,0.023297789097744354,13790.143550669418,13181.709903217472,14417.972081999627,24695.963139008243,23874.502233044197,25627.612852289618
see_v2x,aoi_p95_s,persistence,5,flow_proxy,Q2-moderate,19,0.024803134999999997,17676.279348561377,16517.25446609225,18804.644584066486,30846.534007434453,29287.31285216116,32300.784080205445
see_v2x,aoi_p95_s,persistence,5,flow_proxy,Q3-high,35,0.025868404217687074,16548.872622096656,15869.222449026185,17339.46197089952,28708.77298879193,27340.863556970937,30132.800557854618
see_v2x,aoi_p95_s,persistence,5,flow_proxy,Q4-severe,1,0.02631152857142857,13869.629284473414,13869.629284473414,13869.629284473414,24115.87619379542,24115.87619379542,24115.87619379542
see_v2x,aoi_p95_s,persistence,5,speed_mean_kmh,Q1-mild,19,0.023297789097744354,3.5731399521512364,3.2435242649911453,3.852743407559514,7.188210196690366,6.592073770222479,7.710798014168476
see_v2x,aoi_p95_s,persistence,5,speed_mean_kmh,Q2-moderate,19,0.024803134999999997,5.666743311215097,5.071735496696435,6.274344350608491,11.399268685902051,10.477679179473794,12.418791134039129
see_v2x,aoi_p95_s,persistence,5,speed_mean_kmh,Q3-high,35,0.025868404217687074,4.482933238556944,4.14325652044728,4.833441466003853,9.753538915482316,8.976698561733077,10.54648181326342
see_v2x,aoi_p95_s,persistence,5,speed_mean_kmh,Q4-severe,1,0.02631152857142857,2.6979655162577703,2.6979655162577703,2.6979655162577703,4.510076017880986,4.510076017880986,4.510076017880986
see_v2x,aoi_p95_s,persistence,5,vehicle_count,Q1-mild,19,0.023297789097744354,0.9068162397600134,0.824827450430146,1.002588461448572,1.6528583860750663,1.5122618191497905,1.823532044577048
see_v2x,aoi_p95_s,persistence,5,vehicle_count,Q2-moderate,19,0.024803134999999997,1.0957722659785845,1.0327653578185676,1.1579163625419162,1.916034525070909,1.8293718633978,2.024191093537571
see_v2x,aoi_p95_s,persistence,5,vehicle_count,Q3-high,35,0.025868404217687074,1.124121821684325,1.0754098762244497,1.1709602301268203,1.952145786197093,1.8842665264105232,2.018092781769424
see_v2x,aoi_p95_s,persistence,5,vehicle_count,Q4-severe,1,0.02631152857142857,1.0000000259457016,1.0000000259457016,1.0000000259457016,1.5523647112303913,1.5523647112303913,1.5523647112303913
see_v2x,aoi_p95_s,persistence,10,flow_proxy,Q1-mild,19,0.023297789097744354,17733.99551107966,16577.263287942016,18875.903005179953,32128.29613939421,30325.547280678784,33982.70124477265
see_v2x,aoi_p95_s,persistence,10,flow_proxy,Q2-moderate,19,0.024803134999999997,23700.871557246614,23040.518174592064,24408.60890720014,42057.140844433394,40706.85082741231,43361.39694417179
see_v2x,aoi_p95_s,persistence,10,flow_proxy,Q3-high,35,0.025868404217687074,20756.718627358547,19974.331935201837,21528.317864749923,35947.14420269231,34834.12218661426,37225.49413089231
see_v2x,aoi_p95_s,persistence,10,flow_proxy,Q4-severe,1,0.02631152857142857,22611.7335206402,22611.7335206402,22611.7335206402,40105.907116320435,40105.907116320435,40105.907116320435
see_v2x,aoi_p95_s,persistence,10,speed_mean_kmh,Q1-mild,19,0.023297789097744354,4.3252333308968725,3.9899051668983216,4.658151327560128,7.924845739339479,7.416991961392801,8.449057986865284
see_v2x,aoi_p95_s,persistence,10,speed_mean_kmh,Q2-moderate,19,0.024803134999999997,6.611215253071454,6.078207065926419,7.155163686946901,12.255368214660566,11.261204163114511,13.202432385640039
see_v2x,aoi_p95_s,persistence,10,speed_mean_kmh,Q3-high,35,0.025868404217687074,5.103524483551373,4.830561478310875,5.370631508962317,9.629298948358631,9.10551302788599,10.182350698793844
see_v2x,aoi_p95_s,persistence,10,speed_mean_kmh,Q4-severe,1,0.02631152857142857,5.365126165153367,5.365126165153367,5.365126165153367,9.551693122137243,9.551693122137243,9.551693122137243
see_v2x,aoi_p95_s,persistence,10,vehicle_count,Q1-mild,19,0.023297789097744354,1.3192407594399624,1.2510785456153715,1.3951682866609754,2.4462949927051176,2.3025141569310787,2.592917265277435
see_v2x,aoi_p95_s,persistence,10,vehicle_count,Q2-moderate,19,0.024803134999999997,1.583261493093648,1.486497031010725,1.677329659569249,2.8213720297482654,2.673183345450769,2.974148988365223
see_v2x,aoi_p95_s,persistence,10,vehicle_count,Q3-high,35,0.025868404217687074,1.5419204293471562,1.4538056722391592,1.6309251214506848,2.7022392380625413,2.5768157690855333,2.84032749613904
see_v2x,aoi_p95_s,persistence,10,vehicle_count,Q4-severe,1,0.02631152857142857,1.5409836648036033,1.5409836648036033,1.5409836648036033,2.623975301709493,2.623975301709493,2.623975301709493
see_v2x,aoi_p95_s,persistence,30,flow_proxy,Q1-mild,19,0.023297789097744354,26894.385775590315,25646.71399973382,28256.774193513535,47208.859883548685,44502.28993664838,50164.49310095524
see_v2x,aoi_p95_s,persistence,30,flow_proxy,Q2-moderate,19,0.024803134999999997,26110.39977529205,24978.97355528973,27282.43525108812,44368.26723730917,42280.06881131753,46581.11826235468
see_v2x,aoi_p95_s,persistence,30,flow_proxy,Q3-high,35,0.025868404217687074,32179.37228341374,31269.41214831486,33082.96813136998,53028.8633830401,51890.44380719907,54119.09960164755
see_v2x,aoi_p95_s,persistence,30,flow_proxy,Q4-severe,1,0.02631152857142857,23780.272086683795,23780.272086683795,23780.272086683795,40042.33409396703,40042.33409396703,40042.33409396703
see_v2x,aoi_p95_s,persistence,30,speed_mean_kmh,Q1-mild,19,0.023297789097744354,6.537508737070103,6.2022967042853265,6.8808401141620665,11.040485258251687,10.453183790499619,11.69045981950472
see_v2x,aoi_p95_s,persistence,30,speed_mean_kmh,Q2-moderate,19,0.024803134999999997,7.307242800765028,6.813759940679848,7.78836157362238,12.627943643666569,11.800892065227236,13.517952360427167
see_v2x,aoi_p95_s,persistence,30,speed_mean_kmh,Q3-high,35,0.025868404217687074,7.653787227634768,7.288963689594217,8.002660803387952,12.89138256999637,12.282791092762062,13.571942363342316
see_v2x,aoi_p95_s,persistence,30,speed_mean_kmh,Q4-severe,1,0.02631152857142857,6.5804295222870826,6.5804295222870826,6.5804295222870826,12.29357081108385,12.29357081108385,12.29357081108385
see_v2x,aoi_p95_s,persistence,30,vehicle_count,Q1-mild,19,0.023297789097744354,2.202761074307804,2.1035376027923554,2.3114970674273585,4.039829619416836,3.90289987523793,4.183040857383472
see_v2x,aoi_p95_s,persistence,30,vehicle_count,Q2-moderate,19,0.024803134999999997,2.569456523950994,2.481449616056673,2.6479724907890247,5.08119925311482,4.730931218954034,5.426075068617556
see_v2x,aoi_p95_s,persistence,30,vehicle_count,Q3-high,35,0.025868404217687074,2.3508197761667957,2.284777609386152,2.420620721501158,4.178908494927469,4.019099076677878,4.358896945415892
see_v2x,aoi_p95_s,persistence,30,vehicle_count,Q4-severe,1,0.02631152857142857,2.459016505058996,2.459016505058996,2.459016505058996,4.732171319218854,4.732171319218854,4.732171319218854
see_v2x,packet_loss_mean,ca_dtnet,5,flow_proxy,Q1-mild,19,0.010125519485387908,13005.5646442393,12079.227294545888,13855.824965846032,21244.621702022778,19626.471358474384,22771.585429136747
see_v2x,packet_loss_mean,ca_dtnet,5,flow_proxy,Q2-moderate,19,0.012101529228568704,12526.210344634635,11659.95656268777,13486.188349728249,21610.14093988574,20162.189280664854,23012.155192789516
see_v2x,packet_loss_mean,ca_dtnet,5,flow_proxy,Q3-high,20,0.013151190806878307,14204.36083976227,13069.821797470746,15150.01666965989,25469.281388112966,23368.189777802745,27330.509389203242
see_v2x,packet_loss_mean,ca_dtnet,5,flow_proxy,Q4-severe,16,0.01399122433411496,12599.78312681312,10987.466497051615,14395.130471138045,22740.58634812321,19642.69269844507,26076.161930946182
see_v2x,packet_loss_mean,ca_dtnet,5,speed_mean_kmh,Q1-mild,19,0.010125519485387908,3.6201495739868896,3.3128600310862826,3.991080247937301,7.54774158626216,6.603090463481029,8.444882425442612
see_v2x,packet_loss_mean,ca_dtnet,5,speed_mean_kmh,Q2-moderate,19,0.012101529228568704,3.5433470828575335,3.1491059450614918,4.008774381796602,7.023181054728392,5.867676765403061,8.375434484524042
see_v2x,packet_loss_mean,ca_dtnet,5,speed_mean_kmh,Q3-high,20,0.013151190806878307,4.0706785743665055,3.7425458467238175,4.379822442754081,7.592675442265602,6.932845991185883,8.191831496763351
see_v2x,packet_loss_mean,ca_dtnet,5,speed_mean_kmh,Q4-severe,16,0.01399122433411496,3.780013796240424,3.057480838125912,4.664459884829448,7.214430917257005,5.965446753732864,8.713596849402483
see_v2x,packet_loss_mean,ca_dtnet,5,vehicle_count,Q1-mild,19,0.010125519485387908,1.0286534366488016,0.985743653168837,1.0715461279080292,1.6256997770449306,1.5576097666636355,1.6863444603719921
see_v2x,packet_loss_mean,ca_dtnet,5,vehicle_count,Q2-moderate,19,0.012101529228568704,0.9147755768884513,0.856153049697427,0.9694704448480076,1.5872431596093552,1.4704716556806126,1.6979664340923675
see_v2x,packet_loss_mean,ca_dtnet,5,vehicle_count,Q3-high,20,0.013151190806878307,1.0089514694063177,0.9180954903984547,1.0892318724388461,1.8501294609935344,1.6812868077559529,2.0183194656812016
see_v2x,packet_loss_mean,ca_dtnet,5,vehicle_count,Q4-severe,16,0.01399122433411496,0.9045578635276192,0.7828189369695261,1.022496667928111,1.6575167935765922,1.4070884684957534,1.9403248770747035
see_v2x,packet_loss_mean,ca_dtnet,10,flow_proxy,Q1-mild,19,0.010125519485387908,16387.547615664676,15275.161919796234,17450.626062835454,27467.83480000179,25801.962520951492,29205.54117772784
see_v2x,packet_loss_mean,ca_dtnet,10,flow_proxy,Q2-moderate,19,0.012101529228568704,14122.600995891535,13129.082772932978,15238.680701340927,24736.414192934477,23238.379346684647,26580.77616730534
see_v2x,packet_loss_mean,ca_dtnet,10,flow_proxy,Q3-high,20,0.013151190806878307,17049.069305903344,15346.1162845569,18581.41101990837,30943.18508555474,27680.835227922045,34242.74430644352
see_v2x,packet_loss_mean,ca_dtnet,10,flow_proxy,Q4-severe,16,0.01399122433411496,15629.887244085314,14057.993347851747,17160.673720911556,27267.112551076243,24246.998304043245,30386.79448055563
see_v2x,packet_loss_mean,ca_dtnet,10,speed_mean_kmh,Q1-mild,19,0.010125519485387908,4.37738747462046,4.019121703333605,4.727610998203701,8.453915754754775,7.568622019956894,9.331860884053327
see_v2x,packet_loss_mean,ca_dtnet,10,speed_mean_kmh,Q2-moderate,19,0.012101529228568704,3.471954205955577,3.1833811153493015,3.810065057709396,6.137628679135129,5.539550252219425,6.808410896401652
see_v2x,packet_loss_mean,ca_dtnet,10,speed_mean_kmh,Q3-high,20,0.013151190806878307,4.915392784534541,4.242729225742987,5.560913490858678,9.13016598533069,8.050052068219236,10.409123583141888
see_v2x,packet_loss_mean,ca_dtnet,10,speed_mean_kmh,Q4-severe,16,0.01399122433411496,3.860009652504315,3.588631228756013,4.1515134340216076,7.023867509510561,6.350386772804354,7.831791857315346
see_v2x,packet_loss_mean,ca_dtnet,10,vehicle_count,Q1-mild,19,0.010125519485387908,1.3699267556217374,1.3336690341091983,1.411696459157845,2.2302489255619067,2.148794724399597,2.323112897718013
see_v2x,packet_loss_mean,ca_dtnet,10,vehicle_count,Q2-moderate,19,0.012101529228568704,1.2183418072045598,1.1089218394835136,1.3218498488771646,2.0955958498913536,1.9232707916129754,2.281695720934217
see_v2x,packet_loss_mean,ca_dtnet,10,vehicle_count,Q3-high,20,0.013151190806878307,1.2790232537476658,1.1377391376115502,1.408339896506346,2.322380228835537,2.034726645553441,2.6156525144854728
see_v2x,packet_loss_mean,ca_dtnet,10,vehicle_count,Q4-severe,16,0.01399122433411496,1.2062350862413673,1.0702543745147992,1.3533229981864947,2.109329228681185,1.852688009378049,2.3902307225848944
see_v2x,packet_loss_mean,ca_dtnet,30,flow_proxy,Q1-mild,19,0.010125519485387908,14464.933099688187,14020.511245670541,14906.666741956606,25815.0619737097,24605.786454487315,26983.228830863798
see_v2x,packet_loss_mean,ca_dtnet,30,flow_proxy,Q2-moderate,19,0.012101529228568704,14690.384838189255,14100.89950156475,15348.606152585586,25315.916783376295,24468.213000161693,26234.577401971055
see_v2x,packet_loss_mean,ca_dtnet,30,flow_proxy,Q3-high,20,0.013151190806878307,15736.468279804078,14877.756818150085,16606.26902059979,27349.777480943187,25747.26834523667,28837.822446170456
see_v2x,packet_loss_mean,ca_dtnet,30,flow_proxy,Q4-severe,16,0.01399122433411496,13954.878759945263,13201.726826636257,14647.945122292957,23612.275958948405,22169.56668077196,24971.71169092769
see_v2x,packet_loss_mean,ca_dtnet,30,speed_mean_kmh,Q1-mild,19,0.010125519485387908,3.599246062942318,3.3616119235042023,3.8691462321960515,6.557166826188969,6.071835488907585,7.039815069501495
see_v2x,packet_loss_mean,ca_dtnet,30,speed_mean_kmh,Q2-moderate,19,0.012101529228568704,3.93344576649182,3.6449517099779194,4.243780995734015,7.395529499990035,6.7392424238341055,8.37881428669234
see_v2x,packet_loss_mean,ca_dtnet,30,speed_mean_kmh,Q3-high,20,0.013151190806878307,4.72198030302928,4.3812121514381595,5.108229089530114,8.803617247262695,7.992828429705103,9.656139099873247
see_v2x,packet_loss_mean,ca_dtnet,30,speed_mean_kmh,Q4-severe,16,0.01399122433411496,4.718348304357274,4.330230985680783,5.102244893661224,8.903681825774521,8.048703950476037,9.836541755719432
see_v2x,packet_loss_mean,ca_dtnet,30,vehicle_count,Q1-mild,19,0.010125519485387908,1.8769440472807462,1.8478475050324827,1.908749647113091,3.3193703499734935,3.256618171245042,3.3899679895382095
see_v2x,packet_loss_mean,ca_dtnet,30,vehicle_count,Q2-moderate,19,0.012101529228568704,1.5271050717629528,1.3329204103164782,1.7234753098110658,2.6498915893439787,2.3042636260411693,2.9809151607415196
see_v2x,packet_loss_mean,ca_dtnet,30,vehicle_count,Q3-high,20,0.013151190806878307,1.5017197804926596,1.3216315678522952,1.6608298498631688,2.6259965326650154,2.323752805491416,2.94032079831122
see_v2x,packet_loss_mean,ca_dtnet,30,vehicle_count,Q4-severe,16,0.01399122433411496,1.3567629078152528,1.1482312995525579,1.5672407680595095,2.3796066230130037,2.041082233614524,2.8022048052438993
see_v2x,packet_loss_mean,graph_gru,5,flow_proxy,Q1-mild,19,0.010125519485387908,14875.359788319673,14152.747497540846,15627.992239972538,23777.02154205095,22556.442974569716,24837.176779647103
see_v2x,packet_loss_mean,graph_gru,5,flow_proxy,Q2-moderate,19,0.012101529228568704,13652.846586154115,12417.601308099862,14831.575381381688,22048.295143571304,20081.291849707435,23941.40464044533
see_v2x,packet_loss_mean,graph_gru,5,flow_proxy,Q3-high,20,0.013151190806878307,13536.112610618195,12433.124730192458,14559.530407969038,22909.183914228764,20929.7614810578,24656.471629968553
see_v2x,packet_loss_mean,graph_gru,5,flow_proxy,Q4-severe,16,0.01399122433411496,11942.035782282437,10226.809341219525,13811.783923174633,20316.487266087974,17811.989152513353,23185.361597992753
see_v2x,packet_loss_mean,graph_gru,5,speed_mean_kmh,Q1-mild,19,0.010125519485387908,4.022470568375693,3.8104885281747367,4.289367188961681,7.187403893349083,6.478000070615766,7.834591328275141
see_v2x,packet_loss_mean,graph_gru,5,speed_mean_kmh,Q2-moderate,19,0.012101529228568704,3.7645012882972306,3.4344691671829946,4.1272304687486665,6.786108711491629,5.892648268115501,7.830410607474104
see_v2x,packet_loss_mean,graph_gru,5,speed_mean_kmh,Q3-high,20,0.013151190806878307,4.173142744779906,3.795109724229044,4.523717269171375,7.284107929166408,6.585032861604757,7.936283872055964
see_v2x,packet_loss_mean,graph_gru,5,speed_mean_kmh,Q4-severe,16,0.01399122433411496,3.864655697807963,3.167019330517187,4.713980837915294,6.874048425666706,5.571209616678988,8.44266394087073
see_v2x,packet_loss_mean,graph_gru,5,vehicle_count,Q1-mild,19,0.010125519485387908,1.1149580690077658,1.0560866186619091,1.1783004884306276,1.7562616840860803,1.6787305871993075,1.831021749716013
see_v2x,packet_loss_mean,graph_gru,5,vehicle_count,Q2-moderate,19,0.012101529228568704,1.0196241560510562,0.9595270994935741,1.0797939008214243,1.6781895687193178,1.5728694256224098,1.7879615042662862
see_v2x,packet_loss_mean,graph_gru,5,vehicle_count,Q3-high,20,0.013151190806878307,1.048736394090439,0.9882478429279462,1.102167541787749,1.82778312262201,1.691496972920902,1.9533315969780725
see_v2x,packet_loss_mean,graph_gru,5,vehicle_count,Q4-severe,16,0.01399122433411496,0.8814554493060189,0.8025236743738129,0.9557489256183042,1.4690733671394722,1.32294114185732,1.6308796078649206
see_v2x,packet_loss_mean,graph_gru,10,flow_proxy,Q1-mild,19,0.010125519485387908,19794.374285439804,18840.629874881615,20755.35934775279,31850.751272532732,30775.512717571117,32856.74841971829
see_v2x,packet_loss_mean,graph_gru,10,flow_proxy,Q2-moderate,19,0.012101529228568704,16117.335356469755,14852.785098265824,17546.34086663861,26456.337873317334,24795.501796162313,28344.878356750734
see_v2x,packet_loss_mean,graph_gru,10,flow_proxy,Q3-high,20,0.013151190806878307,18196.844993833984,16807.006761001103,19496.959107136347,29345.002340982108,27078.579264951404,31458.725157213117
see_v2x,packet_loss_mean,graph_gru,10,flow_proxy,Q4-severe,16,0.01399122433411496,15284.77578231125,13596.339207454737,16732.4877226596,25494.527822476033,22840.093325809514,28121.780333342853
see_v2x,packet_loss_mean,graph_gru,10,speed_mean_kmh,Q1-mild,19,0.010125519485387908,4.890976634215922,4.651185314505697,5.133063935354149,8.1267016344467,7.462766316275951,8.829423468701156
see_v2x,packet_loss_mean,graph_gru,10,speed_mean_kmh,Q2-moderate,19,0.012101529228568704,3.8731183885926725,3.5726109165351416,4.243112995673064,6.177198156823273,5.676298206878096,6.777177835078026
see_v2x,packet_loss_mean,graph_gru,10,speed_mean_kmh,Q3-high,20,0.013151190806878307,5.122373612926281,4.547690679806077,5.701031189160719,8.876436235078469,7.773115379574261,10.071407623243806
see_v2x,packet_loss_mean,graph_gru,10,speed_mean_kmh,Q4-severe,16,0.01399122433411496,3.907974689647755,3.6215903042280044,4.198487124736884,6.468021632016722,5.811472694374978,7.221499470413242
see_v2x,packet_loss_mean,graph_gru,10,vehicle_count,Q1-mild,19,0.010125519485387908,1.537412346076459,1.4896038983515774,1.5837882342489116,2.556057537254816,2.4848833883051302,2.6253211139204495
see_v2x,packet_loss_mean,graph_gru,10,vehicle_count,Q2-moderate,19,0.012101529228568704,1.337944548256065,1.2448358439974188,1.4308728852158892,2.1731476855984724,2.026173684724586,2.3512923669494166
see_v2x,packet_loss_mean,graph_gru,10,vehicle_count,Q3-high,20,0.013151190806878307,1.3050336627650299,1.2135238155286165,1.3935643623159812,2.240581001426256,2.069137470932524,2.4285097424737683
see_v2x,packet_loss_mean,graph_gru,10,vehicle_count,Q4-severe,16,0.01399122433411496,1.2188895585310613,1.1441185817335593,1.2986768268674587,2.013376825593875,1.8744996246939285,2.149506982136674
see_v2x,packet_loss_mean,graph_gru,30,flow_proxy,Q1-mild,19,0.010125519485387908,15887.883948196537,15415.221344662083,16373.326874938075,24875.650579584,23929.77292592552,26046.442429928673
see_v2x,packet_loss_mean,graph_gru,30,flow_proxy,Q2-moderate,19,0.012101529228568704,15970.228666952744,15011.936386411257,16897.295780804394,26190.239867451135,24594.97333982996,27864.34399304029
see_v2x,packet_loss_mean,graph_gru,30,flow_proxy,Q3-high,20,0.013151190806878307,16435.599635850424,15671.825041373817,17206.383453103223,27011.79752492542,25810.441420617175,28334.009294246556
see_v2x,packet_loss_mean,graph_gru,30,flow_proxy,Q4-severe,16,0.01399122433411496,15349.536303593675,14509.948312268296,16254.056599838019,24750.51706229271,23352.149092958774,26420.279642367994
see_v2x,packet_loss_mean,graph_gru,30,speed_mean_kmh,Q1-mild,19,0.010125519485387908,4.093881348673679,3.9129934551546377,4.311078489797707,6.279007461663318,5.938936053125543,6.6328721471919225
see_v2x,packet_loss_mean,graph_gru,30,speed_mean_kmh,Q2-moderate,19,0.012101529228568704,4.199915053194045,3.9697453917090755,4.475845694532659,6.919399240732923,6.3035304275952395,7.752546431345001
see_v2x,packet_loss_mean,graph_gru,30,speed_mean_kmh,Q3-high,20,0.013151190806878307,4.858206519084584,4.538136151062108,5.23999202867041,8.21485620067838,7.472338284675528,8.95668743810369
see_v2x,packet_loss_mean,graph_gru,30,speed_mean_kmh,Q4-severe,16,0.01399122433411496,5.068617886571561,4.752679089910175,5.38846338232051,8.588101399534978,7.791396921286164,9.41271329569512
see_v2x,packet_loss_mean,graph_gru,30,vehicle_count,Q1-mild,19,0.010125519485387908,1.781326600264253,1.7246545558056343,1.841186829278865,2.971573040858685,2.873454769651818,3.0856470609147095
see_v2x,packet_loss_mean,graph_gru,30,vehicle_count,Q2-moderate,19,0.012101529228568704,1.608495264300626,1.4105202355511788,1.8181344680699856,2.7093882464736248,2.369723366904083,3.043568752448094
see_v2x,packet_loss_mean,graph_gru,30,vehicle_count,Q3-high,20,0.013151190806878307,1.449027291829647,1.3437571983822714,1.5544990321648222,2.4472616483966547,2.266558397806178,2.6467303304210086
see_v2x,packet_loss_mean,graph_gru,30,vehicle_count,Q4-severe,16,0.01399122433411496,1.505513245315219,1.3593096566242238,1.6495693181690885,2.4214157017356652,2.1945438184028365,2.709395226360694
see_v2x,packet_loss_mean,historical_average,5,flow_proxy,Q1-mild,19,0.010125519485387908,18981.08886360931,18293.890294305016,19677.82963009402,30867.30245863595,29846.114576340122,31812.938774890976
see_v2x,packet_loss_mean,historical_average,5,flow_proxy,Q2-moderate,19,0.012101529228568704,19467.297186646476,18233.142204192798,20598.767019575327,31814.62649940292,29659.580631253993,33839.14212536503
see_v2x,packet_loss_mean,historical_average,5,flow_proxy,Q3-high,20,0.013151190806878307,17885.672295260498,17107.52972942077,18690.474358644515,29889.836677668103,28822.370137456266,31061.862327021816
see_v2x,packet_loss_mean,historical_average,5,flow_proxy,Q4-severe,16,0.01399122433411496,18796.440026775443,17885.029016651228,19805.787796635435,30584.222930034724,28996.554477226517,32452.334633728235
see_v2x,packet_loss_mean,historical_average,5,speed_mean_kmh,Q1-mild,19,0.010125519485387908,5.800280225657894,5.469724291740629,6.1769831236679815,9.229868234383405,8.500067075116888,9.97701485465573
see_v2x,packet_loss_mean,historical_average,5,speed_mean_kmh,Q2-moderate,19,0.012101529228568704,5.354295428883583,5.056377989356827,5.690177405056244,8.469811271093311,7.638992111056134,9.380529886423883
see_v2x,packet_loss_mean,historical_average,5,speed_mean_kmh,Q3-high,20,0.013151190806878307,5.466592482409431,5.275944537981265,5.652821191845576,8.47936674658241,8.107130978947225,8.864856101415665
see_v2x,packet_loss_mean,historical_average,5,speed_mean_kmh,Q4-severe,16,0.01399122433411496,5.7899268286462675,5.30988987862494,6.340109400431664,8.963527812892565,7.998481654506072,10.042326721153685
see_v2x,packet_loss_mean,historical_average,5,vehicle_count,Q1-mild,19,0.010125519485387908,2.173208501260422,2.1198119183846744,2.226777161990616,3.6542661040120676,3.562493831500105,3.747553632559332
see_v2x,packet_loss_mean,historical_average,5,vehicle_count,Q2-moderate,19,0.012101529228568704,1.725310494176622,1.521963606402628,1.9318198247233325,3.095846109373088,2.7302710795639116,3.4822179854920137
see_v2x,packet_loss_mean,historical_average,5,vehicle_count,Q3-high,20,0.013151190806878307,1.8767835547530471,1.6793464771725937,2.0551567440832845,3.602337661626007,3.1504776878352883,4.085142373649598
see_v2x,packet_loss_mean,historical_average,5,vehicle_count,Q4-severe,16,0.01399122433411496,1.688929616472235,1.4820995820714364,1.9030063725526167,3.127571575699914,2.6730372191660874,3.658546589125416
see_v2x,packet_loss_mean,historical_average,10,flow_proxy,Q1-mild,19,0.010125519485387908,19158.179943158462,18360.269039115785,19907.333162509683,31021.066094452508,30003.626595371297,32011.754385378586
see_v2x,packet_loss_mean,historical_average,10,flow_proxy,Q2-moderate,19,0.012101529228568704,18713.92343341666,18152.092181231103,19209.357747083322,30780.215352665087,29776.383160163954,31825.242296027485
see_v2x,packet_loss_mean,historical_average,10,flow_proxy,Q3-high,20,0.013151190806878307,19542.895276383515,18604.863435135514,20656.841832214057,32253.121329231333,30647.652555185974,33974.5074298866
see_v2x,packet_loss_mean,historical_average,10,flow_proxy,Q4-severe,16,0.01399122433411496,19098.975252980963,17993.570981978406,20159.929032459753,31001.623686730956,29041.671359345855,33139.18633864347
see_v2x,packet_loss_mean,historical_average,10,speed_mean_kmh,Q1-mild,19,0.010125519485387908,5.94836411863034,5.671502983716153,6.234632654011814,9.389761803878898,8.675519094668607,10.131898288273764
see_v2x,packet_loss_mean,historical_average,10,speed_mean_kmh,Q2-moderate,19,0.012101529228568704,4.9993476607722975,4.762613373760393,5.240504084004364,7.465861966544998,7.076705270161051,7.886937128548156
see_v2x,packet_loss_mean,historical_average,10,speed_mean_kmh,Q3-high,20,0.013151190806878307,6.03685679753961,5.632278653085433,6.489843608595341,9.676982174028605,8.830089213290593,10.716416800047845
see_v2x,packet_loss_mean,historical_average,10,speed_mean_kmh,Q4-severe,16,0.01399122433411496,5.217725947855353,4.996028260277908,5.4188441020736,8.212290395740588,7.7339051668346945,8.70540169786899
see_v2x,packet_loss_mean,historical_average,10,vehicle_count,Q1-mild,19,0.010125519485387908,2.2213953850657884,2.1630737840101553,2.275138413221822,3.747121636777261,3.655731373317818,3.8259621207230987
see_v2x,packet_loss_mean,historical_average,10,vehicle_count,Q2-moderate,19,0.012101529228568704,1.6828164035944262,1.488254505332689,1.8847982645266192,2.9056082631874265,2.5671602016363364,3.291601527876667
see_v2x,packet_loss_mean,historical_average,10,vehicle_count,Q3-high,20,0.013151190806878307,1.854415414771935,1.614938384476354,2.0759210378672512,3.4875531404756273,2.997570513470449,3.9919294450575076
see_v2x,packet_loss_mean,historical_average,10,vehicle_count,Q4-severe,16,0.01399122433411496,1.6405363617701312,1.4618634893013753,1.8233227565284915,2.91955196684658,2.559764420448534,3.3537895521656997
see_v2x,packet_loss_mean,historical_average,30,flow_proxy,Q1-mild,19,0.010125519485387908,17992.829542668467,17499.35407466213,18518.873271133452,29613.939066262235,28790.52971311183,30568.653996523317
see_v2x,packet_loss_mean,historical_average,30,flow_proxy,Q2-moderate,19,0.012101529228568704,19951.122021957446,19252.280073890284,20618.689520121872,32542.035976694395,31673.03351606921,33415.71408499244
see_v2x,packet_loss_mean,historical_average,30,flow_proxy,Q3-high,20,0.013151190806878307,20302.321703195867,19489.332069056803,21213.64404296678,32704.705920993012,31387.43782790957,34001.380075842986
see_v2x,packet_loss_mean,historical_average,30,flow_proxy,Q4-severe,16,0.01399122433411496,19080.549251610668,18239.461694068283,19905.384024725296,31234.770110661106,30106.62261367242,32338.623481955285
see_v2x,packet_loss_mean,historical_average,30,speed_mean_kmh,Q1-mild,19,0.010125519485387908,5.4618203520687345,5.19644791882657,5.7493793226425085,8.03921721216356,7.646951366212199,8.444021649111983
see_v2x,packet_loss_mean,historical_average,30,speed_mean_kmh,Q2-moderate,19,0.012101529228568704,5.471801833331926,5.19324442360137,5.784879453720907,8.227070388657072,7.65900029684216,9.050296805881782
see_v2x,packet_loss_mean,historical_average,30,speed_mean_kmh,Q3-high,20,0.013151190806878307,5.815305712801699,5.501358422078083,6.163399730400804,9.134177594479583,8.50822445764227,9.806888440502835
see_v2x,packet_loss_mean,historical_average,30,speed_mean_kmh,Q4-severe,16,0.01399122433411496,5.924107748764742,5.707416943565517,6.137303887058573,9.34895364813653,8.788065488099285,9.949543582267752
see_v2x,packet_loss_mean,historical_average,30,vehicle_count,Q1-mild,19,0.010125519485387908,1.922979528783246,1.8680062487684208,1.9772097630199141,3.659516348189502,3.5679851757190333,3.755745536682442
see_v2x,packet_loss_mean,historical_average,30,vehicle_count,Q2-moderate,19,0.012101529228568704,1.8274936776370978,1.6345790304639372,2.0106741721600816,3.1993608030893284,2.882871048430648,3.509588454650759
see_v2x,packet_loss_mean,historical_average,30,vehicle_count,Q3-high,20,0.013151190806878307,1.8876622519873458,1.7225319688645522,2.0260711179028026,3.215133517142784,2.9885805870156035,3.44961058439256
see_v2x,packet_loss_mean,historical_average,30,vehicle_count,Q4-severe,16,0.01399122433411496,1.714291072907765,1.5305854895899524,1.898454705368293,2.9650261284594306,2.683078447065741,3.285124898121317
see_v2x,packet_loss_mean,impaired_gru,5,flow_proxy,Q1-mild,19,0.010125519485387908,14914.575813247602,14212.042816181265,15592.685716688387,23909.214465833862,22813.916149550783,24961.90186185056
see_v2x,packet_loss_mean,impaired_gru,5,flow_proxy,Q2-moderate,19,0.012101529228568704,14268.95511206624,12957.861458938944,15526.044032536935,23621.95242175701,21506.714122919046,25604.002804967062
see_v2x,packet_loss_mean,impaired_gru,5,flow_proxy,Q3-high,20,0.013151190806878307,14533.620841452528,13422.396430547862,15509.144829269379,24086.585761760616,22216.846177227497,25686.92419738788
see_v2x,packet_loss_mean,impaired_gru,5,flow_proxy,Q4-severe,16,0.01399122433411496,12737.470389049286,11148.029632604195,14462.014832117507,21419.144064869834,18783.813614534105,24255.474164664196
see_v2x,packet_loss_mean,impaired_gru,5,speed_mean_kmh,Q1-mild,19,0.010125519485387908,4.059521746359543,3.7966616721477298,4.383130377262224,7.477588110414414,6.701843722528765,8.24688798395495
see_v2x,packet_loss_mean,impaired_gru,5,speed_mean_kmh,Q2-moderate,19,0.012101529228568704,3.7225281672054984,3.349352681967816,4.160605901885735,6.830637822814098,5.862084124445422,7.9950406379218
see_v2x,packet_loss_mean,impaired_gru,5,speed_mean_kmh,Q3-high,20,0.013151190806878307,4.19252898686795,3.79806638615609,4.560122613232917,7.501908929633342,6.7299243422163135,8.234125714283747
see_v2x,packet_loss_mean,impaired_gru,5,speed_mean_kmh,Q4-severe,16,0.01399122433411496,3.8718277351844117,3.158801581740173,4.726140974764636,7.124133632242543,5.786617487061646,8.771606024259714
see_v2x,packet_loss_mean,impaired_gru,5,vehicle_count,Q1-mild,19,0.010125519485387908,1.1693297820664588,1.124346744887434,1.2150459984874267,1.8436930202534143,1.7835356009273293,1.8961166686807263
see_v2x,packet_loss_mean,impaired_gru,5,vehicle_count,Q2-moderate,19,0.012101529228568704,1.0420170469467855,0.9671415306545912,1.1177623132208836,1.6944407777436608,1.5499076285770663,1.8380406349629093
see_v2x,packet_loss_mean,impaired_gru,5,vehicle_count,Q3-high,20,0.013151190806878307,1.0388209074907522,0.9621081289839478,1.1080592317135227,1.9137469084280425,1.7324027771225476,2.0916063672741525
see_v2x,packet_loss_mean,impaired_gru,5,vehicle_count,Q4-severe,16,0.01399122433411496,0.8873846400242273,0.7971191645121154,0.9787882239988834,1.5560595305833345,1.3412492105516194,1.7794781813287275
see_v2x,packet_loss_mean,impaired_gru,10,flow_proxy,Q1-mild,19,0.010125519485387908,19720.5627651739,18642.136249845124,20708.193701209297,31171.030996759608,29905.04121597211,32523.69526521441
see_v2x,packet_loss_mean,impaired_gru,10,flow_proxy,Q2-moderate,19,0.012101529228568704,15501.109933932688,14428.1112008616,16773.93373264143,25563.737490593718,23809.98218923911,27418.740064221158
see_v2x,packet_loss_mean,impaired_gru,10,flow_proxy,Q3-high,20,0.013151190806878307,17840.679734340654,16447.81837008058,19142.337584423472,29260.3366390542,26826.073601090353,31575.32435611796
see_v2x,packet_loss_mean,impaired_gru,10,flow_proxy,Q4-severe,16,0.01399122433411496,14974.908918044901,13566.130870156197,16358.356367353916,25608.880463483794,22862.860485583467,28423.753247947297
see_v2x,packet_loss_mean,impaired_gru,10,speed_mean_kmh,Q1-mild,19,0.010125519485387908,5.002230092170453,4.743455436397906,5.247667000557418,8.496842115513786,7.769492863236344,9.284868728327572
see_v2x,packet_loss_mean,impaired_gru,10,speed_mean_kmh,Q2-moderate,19,0.012101529228568704,3.6362856690825764,3.343840839744831,3.9947214912467985,6.172347111511943,5.641630206584997,6.781374647452974
see_v2x,packet_loss_mean,impaired_gru,10,speed_mean_kmh,Q3-high,20,0.013151190806878307,5.134297140597633,4.5165643381385285,5.752978623712792,9.213379186498697,8.05988631473645,10.500165651992184
see_v2x,packet_loss_mean,impaired_gru,10,speed_mean_kmh,Q4-severe,16,0.01399122433411496,3.7848217111853995,3.4855583371652212,4.0787677116486005,6.631087895860704,5.945668109530513,7.398373383504143
see_v2x,packet_loss_mean,impaired_gru,10,vehicle_count,Q1-mild,19,0.010125519485387908,1.5457666297745623,1.5043234598213473,1.5909270611346358,2.6138336468399817,2.5215014305118304,2.688680408156039
see_v2x,packet_loss_mean,impaired_gru,10,vehicle_count,Q2-moderate,19,0.012101529228568704,1.327181304946201,1.2002110212304153,1.4519556688384314,2.1545292281206243,1.951898299357046,2.3836128784060358
see_v2x,packet_loss_mean,impaired_gru,10,vehicle_count,Q3-high,20,0.013151190806878307,1.3036427307426515,1.1968069462160373,1.4058142996210425,2.3005644663490306,2.0714119028588063,2.556636676819195
see_v2x,packet_loss_mean,impaired_gru,10,vehicle_count,Q4-severe,16,0.01399122433411496,1.1831731167353996,1.0903227255627383,1.2717863818661577,2.0047270976176,1.8303895581712302,2.1628421697772104
see_v2x,packet_loss_mean,impaired_gru,30,flow_proxy,Q1-mild,19,0.010125519485387908,14487.899775782404,13869.690433435011,15069.393310621055,24550.61013163463,23194.234476089972,25882.534330545186
see_v2x,packet_loss_mean,impaired_gru,30,flow_proxy,Q2-moderate,19,0.012101529228568704,14943.189166515536,14111.917339455576,15648.72866091316,25158.82462182051,23744.9626871045,26671.248227187945
see_v2x,packet_loss_mean,impaired_gru,30,flow_proxy,Q3-high,20,0.013151190806878307,15806.299623025185,15012.188995409935,16619.628124512707,27380.09117277281,26064.946069239835,28891.430104021652
see_v2x,packet_loss_mean,impaired_gru,30,flow_proxy,Q4-severe,16,0.01399122433411496,14740.608561551211,13864.372875260411,15740.791286513213,24687.778287799294,23178.12764844232,26290.702460889952
see_v2x,packet_loss_mean,impaired_gru,30,speed_mean_kmh,Q1-mild,19,0.010125519485387908,4.125420074031231,3.93281202370443,4.337803682775201,6.473626923202372,6.109339837705676,6.8583081414085205
see_v2x,packet_loss_mean,impaired_gru,30,speed_mean_kmh,Q2-moderate,19,0.012101529228568704,4.366866930361256,4.1700876403414835,4.60117137257012,7.526347907918699,6.956153779234928,8.27001167686485
see_v2x,packet_loss_mean,impaired_gru,30,speed_mean_kmh,Q3-high,20,0.013151190806878307,4.842624247215925,4.540535319758098,5.202272071599243,8.715794844676925,7.988974217098462,9.476349669785433
see_v2x,packet_loss_mean,impaired_gru,30,speed_mean_kmh,Q4-severe,16,0.01399122433411496,5.17159208359535,4.805117591100864,5.529535379887626,9.18232722048922,8.338886607442776,10.055715813971696
see_v2x,packet_loss_mean,impaired_gru,30,vehicle_count,Q1-mild,19,0.010125519485387908,1.758218507170808,1.6966794222237018,1.8189653320120458,3.018116981652748,2.9256292579428864,3.1243620167199166
see_v2x,packet_loss_mean,impaired_gru,30,vehicle_count,Q2-moderate,19,0.012101529228568704,1.6472637111848767,1.4230364708540713,1.8710751502505791,2.737100400255524,2.4276911540983876,3.0443236291854907
see_v2x,packet_loss_mean,impaired_gru,30,vehicle_count,Q3-high,20,0.013151190806878307,1.4620939221359062,1.2794719047699963,1.6318186985604508,2.515965135600679,2.270473224229163,2.7650997925715117
see_v2x,packet_loss_mean,impaired_gru,30,vehicle_count,Q4-severe,16,0.01399122433411496,1.4638202922718921,1.2816556444080653,1.6528325680490463,2.400140388551283,2.1509591642740755,2.6935059284447553
see_v2x,packet_loss_mean,persistence,5,flow_proxy,Q1-mild,19,0.010125519485387908,15565.227008587166,14714.500523046267,16328.998885788293,26190.32962086972,25027.120302822186,27256.06593777633
see_v2x,packet_loss_mean,persistence,5,flow_proxy,Q2-moderate,19,0.012101529228568704,17217.437596683827,16016.919487299183,18455.964010962554,29889.713805721967,27539.215096695247,32299.596612506295
see_v2x,packet_loss_mean,persistence,5,flow_proxy,Q3-high,20,0.013151190806878307,15857.232205747268,14961.623319399645,16675.323730171676,28331.441273796565,27238.552195613316,29489.473474758568
see_v2x,packet_loss_mean,persistence,5,flow_proxy,Q4-severe,16,0.01399122433411496,15682.93340800918,14139.617161725417,17302.053300153817,28255.045375171925,26079.83555611593,30782.260777081785
see_v2x,packet_loss_mean,persistence,5,speed_mean_kmh,Q1-mild,19,0.010125519485387908,4.276209008453548,3.915788708592333,4.646933476393607,9.455507241011546,8.536732993181094,10.282926429463258
see_v2x,packet_loss_mean,persistence,5,speed_mean_kmh,Q2-moderate,19,0.012101529228568704,4.728307499551815,4.197386735987081,5.322772750285327,9.658509409650645,8.430735488914166,10.983601336761982
see_v2x,packet_loss_mean,persistence,5,speed_mean_kmh,Q3-high,20,0.013151190806878307,4.664291794217498,4.095448019549198,5.232691785437552,9.666630696433582,8.758237891605539,10.700179724758526
see_v2x,packet_loss_mean,persistence,5,speed_mean_kmh,Q4-severe,16,0.01399122433411496,4.424172583328704,3.5693544039244487,5.334154118505456,8.909194158610289,7.596352073833267,10.380616404082142
see_v2x,packet_loss_mean,persistence,5,vehicle_count,Q1-mild,19,0.010125519485387908,1.1518550968328292,1.0974978917360736,1.2062338751358082,1.9295931564992514,1.8380269963670695,2.008351204027632
see_v2x,packet_loss_mean,persistence,5,vehicle_count,Q2-moderate,19,0.012101529228568704,1.1044003814644838,1.0094909758121835,1.1950388732170736,1.9073795303693222,1.7574700099229075,2.0618577350742675
see_v2x,packet_loss_mean,persistence,5,vehicle_count,Q3-high,20,0.013151190806878307,1.0500000362816526,0.9901434679449183,1.11891398124014,1.9061487681402558,1.7818615055463305,2.0354453723945056
see_v2x,packet_loss_mean,persistence,5,vehicle_count,Q4-severe,16,0.01399122433411496,0.907786911290527,0.8370389509754577,0.9826076142649977,1.6663110079121357,1.5748389658470099,1.7713891870660736
see_v2x,packet_loss_mean,persistence,10,flow_proxy,Q1-mild,19,0.010125519485387908,20732.48021915847,19819.98244474774,21588.526188053333,35189.69586896761,34268.18791134702,36227.81354501151
see_v2x,packet_loss_mean,persistence,10,flow_proxy,Q2-moderate,19,0.012101529228568704,20362.400259110982,19162.52841952531,21676.456199637505,36074.11394592458,34144.30596248228,38252.23809062482
see_v2x,packet_loss_mean,persistence,10,flow_proxy,Q3-high,20,0.013151190806878307,22080.086649748893,20755.180894418976,23321.934977552744,39423.15806745527,37511.366937130144,41335.04110206723
see_v2x,packet_loss_mean,persistence,10,flow_proxy,Q4-severe,16,0.01399122433411496,19622.181105893193,17598.948424297636,21423.01478629004,35331.48181695117,32087.4594161413,38715.38192771046
see_v2x,packet_loss_mean,persistence,10,speed_mean_kmh,Q1-mild,19,0.010125519485387908,5.0940421102833895,4.763213574200653,5.388269725977894,9.602784680110004,8.87122680616942,10.424506387035754
see_v2x,packet_loss_mean,persistence,10,speed_mean_kmh,Q2-moderate,19,0.012101529228568704,4.965626835518242,4.47939467547627,5.446011354986648,9.349123574985276,8.592629202471498,10.301474545673894
see_v2x,packet_loss_mean,persistence,10,speed_mean_kmh,Q3-high,20,0.013151190806878307,6.175289294864604,5.534431913425793,6.791214714685299,11.464042907418104,10.362950599266174,12.559634910558595
see_v2x,packet_loss_mean,persistence,10,speed_mean_kmh,Q4-severe,16,0.01399122433411496,4.821344394832908,4.263545044520384,5.3785230495404734,8.789631652844857,7.927971515330155,9.812438898484313
see_v2x,packet_loss_mean,persistence,10,vehicle_count,Q1-mild,19,0.010125519485387908,1.6704055880739903,1.6177740064126314,1.7239215578355644,2.8948820163695683,2.8004590272237664,2.981514393681594
see_v2x,packet_loss_mean,persistence,10,vehicle_count,Q2-moderate,19,0.012101529228568704,1.5254530250779121,1.39085422273386,1.6497196414212818,2.67058783474738,2.4597820098219665,2.893708379214079
see_v2x,packet_loss_mean,persistence,10,vehicle_count,Q3-high,20,0.013151190806878307,1.3967213613526566,1.3016393893857892,1.493442672794334,2.558507151947859,2.40145944453488,2.7385255824216674
see_v2x,packet_loss_mean,persistence,10,vehicle_count,Q4-severe,16,0.01399122433411496,1.3750000383220862,1.2684170344614114,1.4775615309228525,2.5233719906458445,2.3396376782888977,2.709800783036395
see_v2x,packet_loss_mean,persistence,30,flow_proxy,Q1-mild,19,0.010125519485387908,32231.904781534282,30945.152672675093,33220.47997331232,52865.88063001813,50861.91995525319,54424.09390784403
see_v2x,packet_loss_mean,persistence,30,flow_proxy,Q2-moderate,19,0.012101529228568704,29671.211354989082,27607.14616718032,31735.278004408603,49668.961369964,46975.38950971585,52390.88078376526
see_v2x,packet_loss_mean,persistence,30,flow_proxy,Q3-high,20,0.013151190806878307,28088.432863535494,26788.13050820898,29441.517518251378,48345.41735598383,46106.48833435681,50441.82293057261
see_v2x,packet_loss_mean,persistence,30,flow_proxy,Q4-severe,16,0.01399122433411496,26201.33522551724,24901.55163531033,27720.32485628337,45059.226417333266,42174.24578269104,48187.33072650587
see_v2x,packet_loss_mean,persistence,30,speed_mean_kmh,Q1-mild,19,0.010125519485387908,7.712430095872288,7.287620299221318,8.088469478067966,12.818881890258922,12.033044139169274,13.607210629931723
see_v2x,packet_loss_mean,persistence,30,speed_mean_kmh,Q2-moderate,19,0.012101529228568704,6.972113592000238,6.424579699422403,7.541628308308384,11.745382940878004,10.815819113672191,12.862035080981629
see_v2x,packet_loss_mean,persistence,30,speed_mean_kmh,Q3-high,20,0.013151190806878307,7.354921761785245,6.972539521868689,7.768138893791302,12.70309486600631,11.967208521008544,13.518747004713498
see_v2x,packet_loss_mean,persistence,30,speed_mean_kmh,Q4-severe,16,0.01399122433411496,6.963031025193036,6.455396200992542,7.448126906861344,12.025573799104738,11.112992605270838,12.95664322417183
see_v2x,packet_loss_mean,persistence,30,vehicle_count,Q1-mild,19,0.010125519485387908,2.418464325968825,2.3545946009453576,2.4745903003063483,4.232891921404283,4.155744921523538,4.323494437809201
see_v2x,packet_loss_mean,persistence,30,vehicle_count,Q2-moderate,19,0.012101529228568704,2.314926744646035,2.1872088699205863,2.4435505612730846,4.403369695232104,4.019223962153666,4.841752439880623
see_v2x,packet_loss_mean,persistence,30,vehicle_count,Q3-high,20,0.013151190806878307,2.398360731914845,2.287643513102226,2.506618939623381,4.444275299069583,4.1549538478642,4.783323268955613
see_v2x,packet_loss_mean,persistence,30,vehicle_count,Q4-severe,16,0.01399122433411496,2.3442623786146735,2.205891463136454,2.481608700306533,4.4574400326436665,4.12917529684475,4.856412002420768
see_v2x,jitter_mean_ms,ca_dtnet,5,flow_proxy,Q1-mild,19,36.268986462684495,14043.230453662844,12954.420551446125,15239.027050513057,25776.4975266619,23332.975965064994,28265.882471151795
see_v2x,jitter_mean_ms,ca_dtnet,5,flow_proxy,Q2-moderate,18,38.486819360269365,12485.591503047046,10914.65397515931,14003.537488033466,21574.62870230789,19082.91585122718,24374.089882115608
see_v2x,jitter_mean_ms,ca_dtnet,5,flow_proxy,Q3-high,19,39.32691729165085,12678.924185150141,11806.057683805439,13637.486274563807,22131.840770523282,20649.101574320102,23759.608664038173
see_v2x,jitter_mean_ms,ca_dtnet,5,flow_proxy,Q4-severe,18,42.6807827080327,13240.327023364807,12315.669846881921,14096.387366052575,21604.097513357327,20182.340458525065,22965.08610667688
see_v2x,jitter_mean_ms,ca_dtnet,5,speed_mean_kmh,Q1-mild,19,36.268986462684495,4.227811724169788,3.6996768400158784,4.804252632275013,7.8923293022711025,6.900994810251698,9.011812860636983
see_v2x,jitter_mean_ms,ca_dtnet,5,speed_mean_kmh,Q2-moderate,18,38.486819360269365,3.5900651261445566,3.1524851761115915,4.191466251071393,7.071916987174425,6.034090184530785,8.276551426423868
see_v2x,jitter_mean_ms,ca_dtnet,5,speed_mean_kmh,Q3-high,19,39.32691729165085,3.355626776196333,3.068088588826855,3.627233453616899,6.468707893787268,5.789897939692072,7.236144297979703
see_v2x,jitter_mean_ms,ca_dtnet,5,speed_mean_kmh,Q4-severe,18,42.6807827080327,3.8496513849812564,3.4371983511216357,4.291631584700172,7.998762289221994,6.759180204449091,9.244921143873697
see_v2x,jitter_mean_ms,ca_dtnet,5,vehicle_count,Q1-mild,19,36.268986462684495,1.011890495165335,0.9191161530365695,1.1021763017403683,1.9034054105818252,1.7027730603891527,2.1044819077775125
see_v2x,jitter_mean_ms,ca_dtnet,5,vehicle_count,Q2-moderate,18,38.486819360269365,0.8744592361301804,0.7792763353941906,0.9687221858925374,1.5248640221192378,1.375040838911648,1.7172056610979716
see_v2x,jitter_mean_ms,ca_dtnet,5,vehicle_count,Q3-high,19,39.32691729165085,0.9399306543638729,0.8618233474440238,1.012848901031915,1.6220111453507038,1.4746614851645619,1.7678164958975942
see_v2x,jitter_mean_ms,ca_dtnet,5,vehicle_count,Q4-severe,18,42.6807827080327,1.0417910205765482,1.002014940997891,1.0795983072005428,1.6743503751479585,1.6014032287694526,1.7534751129018191
see_v2x,jitter_mean_ms,ca_dtnet,10,flow_proxy,Q1-mild,19,36.268986462684495,17850.247548169333,16282.251600744625,19238.232224030842,32795.87116370969,29928.676029172846,35526.21835096833
see_v2x,jitter_mean_ms,ca_dtnet,10,flow_proxy,Q2-moderate,18,38.486819360269365,15607.189237494857,13957.155876166908,17178.522848907392,27160.495268942574,24749.43787243548,29738.808538807163
see_v2x,jitter_mean_ms,ca_dtnet,10,flow_proxy,Q3-high,19,39.32691729165085,15257.473760907777,13933.524706572538,16552.823899993473,26225.883004971358,23947.388469251382,28430.114515712008
see_v2x,jitter_mean_ms,ca_dtnet,10,flow_proxy,Q4-severe,18,42.6807827080327,14487.571916423743,13606.55410292932,15313.277324458426,24261.999408233187,23098.6516319425,25433.543732631686
see_v2x,jitter_mean_ms,ca_dtnet,10,speed_mean_kmh,Q1-mild,19,36.268986462684495,4.798025911563691,4.089983486168631,5.510901263245238,8.52833178605432,7.384099742722574,9.742608765109976
see_v2x,jitter_mean_ms,ca_dtnet,10,speed_mean_kmh,Q2-moderate,18,38.486819360269365,3.83070618093872,3.5753364807804995,4.167526442046318,6.859576775880501,6.196520684724367,7.597828377347102
see_v2x,jitter_mean_ms,ca_dtnet,10,speed_mean_kmh,Q3-high,19,39.32691729165085,3.834718525954582,3.5232652240582962,4.227052246659557,7.202528405835651,6.397178413062461,8.200094186975637
see_v2x,jitter_mean_ms,ca_dtnet,10,speed_mean_kmh,Q4-severe,18,42.6807827080327,4.235035916220023,3.7998767610883784,4.672866968669003,8.325878805051804,7.329652454968308,9.348962956644598
see_v2x,jitter_mean_ms,ca_dtnet,10,vehicle_count,Q1-mild,19,36.268986462684495,1.3419759661784756,1.197282872348069,1.4745393933514064,2.484800498532772,2.207004371956906,2.7429774778693843
see_v2x,jitter_mean_ms,ca_dtnet,10,vehicle_count,Q2-moderate,18,38.486819360269365,1.1851512107748983,1.0487613534781894,1.3215207340473443,2.006954963064436,1.7659713018344034,2.2412683298096394
see_v2x,jitter_mean_ms,ca_dtnet,10,vehicle_count,Q3-high,19,39.32691729165085,1.1948942662570807,1.0916290102314263,1.295796580937102,2.0620757116942943,1.894501542362095,2.2371730954371185
see_v2x,jitter_mean_ms,ca_dtnet,10,vehicle_count,Q4-severe,18,42.6807827080327,1.3624484965717283,1.3276508592683938,1.4065529862270147,2.2151158688748627,2.1491603786675295,2.3092333350163163
see_v2x,jitter_mean_ms,ca_dtnet,30,flow_proxy,Q1-mild,19,36.268986462684495,15747.115857846882,14959.754665069053,16549.916066445083,26490.80231328162,24838.737256429617,27876.46150633246
see_v2x,jitter_mean_ms,ca_dtnet,30,flow_proxy,Q2-moderate,18,38.486819360269365,14787.24115587674,14260.233735589476,15285.550092552987,26167.876850313558,24890.455518249822,27456.331770267905
see_v2x,jitter_mean_ms,ca_dtnet,30,flow_proxy,Q3-high,19,39.32691729165085,14135.13718786135,13274.530717215048,14988.088056926965,24936.994007642206,23506.62537196704,26589.964027075406
see_v2x,jitter_mean_ms,ca_dtnet,30,flow_proxy,Q4-severe,18,42.6807827080327,14334.739883368857,13898.459489127648,14759.957389472509,24896.14710797085,23948.31027753832,25867.97003455631
see_v2x,jitter_mean_ms,ca_dtnet,30,speed_mean_kmh,Q1-mild,19,36.268986462684495,4.846961823145619,4.521990320900962,5.200305857846263,9.082804816984293,8.314916854526038,9.897861070257335
see_v2x,jitter_mean_ms,ca_dtnet,30,speed_mean_kmh,Q2-moderate,18,38.486819360269365,4.261809796922265,3.9194011724656965,4.650217417138342,8.131729090898396,7.213456941931904,9.213010601284525
see_v2x,jitter_mean_ms,ca_dtnet,30,speed_mean_kmh,Q3-high,19,39.32691729165085,4.203959264993617,3.8119363900590852,4.6168160656602435,7.707814129897459,6.924140383441273,8.585272167259067
see_v2x,jitter_mean_ms,ca_dtnet,30,speed_mean_kmh,Q4-severe,18,42.6807827080327,3.576347037239131,3.3612738647421088,3.833587893086723,6.568866707117939,6.051920504279201,7.028958512619543
see_v2x,jitter_mean_ms,ca_dtnet,30,vehicle_count,Q1-mild,19,36.268986462684495,1.6065108238910693,1.4477961603007825,1.7533333771030795,2.792175203680292,2.5181615008813254,3.0415134072064642
see_v2x,jitter_mean_ms,ca_dtnet,30,vehicle_count,Q2-moderate,18,38.486819360269365,1.5052284679929513,1.3216841995375104,1.686710205125063,2.6713049473972332,2.368249852380138,3.022811513484511
see_v2x,jitter_mean_ms,ca_dtnet,30,vehicle_count,Q3-high,19,39.32691729165085,1.2760740249796694,1.084333859930935,1.4700899338880955,2.2348317252804533,1.8926946566409506,2.597116524473795
see_v2x,jitter_mean_ms,ca_dtnet,30,vehicle_count,Q4-severe,18,42.6807827080327,1.9197950469061307,1.8740046440938096,1.9674084885393526,3.3562773758408877,3.280060524086178,3.435533027987231
see_v2x,jitter_mean_ms,graph_gru,5,flow_proxy,Q1-mild,19,36.268986462684495,13952.914114908808,12777.131476528219,15166.158736971936,23941.615415293527,22066.332906519172,25817.289720491415
see_v2x,jitter_mean_ms,graph_gru,5,flow_proxy,Q2-moderate,18,38.486819360269365,13108.38602888774,11388.819164792054,14691.874531082101,21358.32641743278,18984.856773587322,23798.988498709692
see_v2x,jitter_mean_ms,graph_gru,5,flow_proxy,Q3-high,19,39.32691729165085,12521.275774249289,11195.338716157321,13935.55573369929,20681.40190585891,18632.23920243845,22769.422557433845
see_v2x,jitter_mean_ms,graph_gru,5,flow_proxy,Q4-severe,18,42.6807827080327,14715.010523883426,14151.281526696435,15262.936011544745,23424.515941839956,22576.893057966863,24229.8754515228
see_v2x,jitter_mean_ms,graph_gru,5,speed_mean_kmh,Q1-mild,19,36.268986462684495,4.501759018697971,3.9862621848642226,5.050898636407194,7.903205430490424,6.8691020345869225,9.040277129205188
see_v2x,jitter_mean_ms,graph_gru,5,speed_mean_kmh,Q2-moderate,18,38.486819360269365,3.823010664562732,3.393881175182094,4.3574603334256405,6.653241004038175,5.670730539077853,7.723212906325128
see_v2x,jitter_mean_ms,graph_gru,5,speed_mean_kmh,Q3-high,19,39.32691729165085,3.4522066657277555,3.1878106471355854,3.722954811863516,6.07997455365642,5.4866562572105835,6.78361897957867
see_v2x,jitter_mean_ms,graph_gru,5,speed_mean_kmh,Q4-severe,18,42.6807827080327,4.072792853949618,3.7806832327217923,4.401945556086996,7.540273061916212,6.628508585383782,8.524765001292756
see_v2x,jitter_mean_ms,graph_gru,5,vehicle_count,Q1-mild,19,36.268986462684495,1.0498045620693919,0.9783664327482311,1.1078655769701782,1.8630859152771946,1.7157530374364722,1.989208814045624
see_v2x,jitter_mean_ms,graph_gru,5,vehicle_count,Q2-moderate,18,38.486819360269365,0.9222910689545615,0.8582047867792962,0.9883034340780755,1.5252447167223766,1.4096229337012194,1.652627333946004
see_v2x,jitter_mean_ms,graph_gru,5,vehicle_count,Q3-high,19,39.32691729165085,0.9772186275893353,0.9063548959673117,1.0488371983585523,1.6024306714839927,1.4740228591965983,1.7444486306616154
see_v2x,jitter_mean_ms,graph_gru,5,vehicle_count,Q4-severe,18,42.6807827080327,1.1400220834513772,1.088035503469843,1.1978397106707506,1.778677226694944,1.7016644251419712,1.849757107664601
see_v2x,jitter_mean_ms,graph_gru,10,flow_proxy,Q1-mild,19,36.268986462684495,18154.80880749774,17332.951753914098,18992.888519015294,29992.143026326703,28448.20936477386,31416.397920739953
see_v2x,jitter_mean_ms,graph_gru,10,flow_proxy,Q2-moderate,18,38.486819360269365,17586.729508719676,15572.121349243323,19420.054318152397,28565.192662103407,25919.83270616387,31273.394322159118
see_v2x,jitter_mean_ms,graph_gru,10,flow_proxy,Q3-high,19,39.32691729165085,16178.898471474411,14186.029814376594,18126.7143297378,26360.581561207375,23844.98252293046,29016.136533337438
see_v2x,jitter_mean_ms,graph_gru,10,flow_proxy,Q4-severe,18,42.6807827080327,17884.123674028688,17115.554770617768,18631.598341697245,28765.108370522295,27305.956350294568,30250.286065613524
see_v2x,jitter_mean_ms,graph_gru,10,speed_mean_kmh,Q1-mild,19,36.268986462684495,5.0691430199821905,4.508149316931907,5.627700512802724,8.590248625626456,7.607952162696739,9.620844696148598
see_v2x,jitter_mean_ms,graph_gru,10,speed_mean_kmh,Q2-moderate,18,38.486819360269365,4.12281880407719,3.8009108261671427,4.486844752810335,6.500190167794996,5.953894643716284,7.1498786465715005
see_v2x,jitter_mean_ms,graph_gru,10,speed_mean_kmh,Q3-high,19,39.32691729165085,4.0861783541545424,3.71964940517236,4.496891940438509,6.887520983726463,6.105358344550503,7.860805158129963
see_v2x,jitter_mean_ms,graph_gru,10,speed_mean_kmh,Q4-severe,18,42.6807827080327,4.629501563570313,4.257282811065214,4.978123419915187,7.872784513886166,7.035407191033205,8.756035765892387
see_v2x,jitter_mean_ms,graph_gru,10,vehicle_count,Q1-mild,19,36.268986462684495,1.361976245229396,1.2817807679496482,1.4441694884534324,2.3525585258978117,2.1794110091837884,2.5198499229008258
see_v2x,jitter_mean_ms,graph_gru,10,vehicle_count,Q2-moderate,18,38.486819360269365,1.2755249639216433,1.1715405886998616,1.3782494194402903,2.0856558224704975,1.9022275490138487,2.2863883425563
see_v2x,jitter_mean_ms,graph_gru,10,vehicle_count,Q3-high,19,39.32691729165085,1.2526413106960252,1.1719080233180588,1.3304286185551433,2.1236591284704547,1.997477092198946,2.2499323263358164
see_v2x,jitter_mean_ms,graph_gru,10,vehicle_count,Q4-severe,18,42.6807827080327,1.533194681719053,1.470477793735342,1.599230960141333,2.4605893463763104,2.3607934707776264,2.5560602479130305
see_v2x,jitter_mean_ms,graph_gru,30,flow_proxy,Q1-mild,19,36.268986462684495,15559.203106110688,14779.768734482463,16427.75945089195,24880.60916773404,23651.99268163418,26208.732129308562
see_v2x,jitter_mean_ms,graph_gru,30,flow_proxy,Q2-moderate,18,38.486819360269365,15946.378332978835,15204.706328566795,16655.263240530196,26151.19071257575,24749.066348255965,27581.717699162557
see_v2x,jitter_mean_ms,graph_gru,30,flow_proxy,Q3-high,19,39.32691729165085,15724.278819782654,14950.821774164293,16504.34813249273,26012.413579558615,24655.374645724314,27607.690862924723
see_v2x,jitter_mean_ms,graph_gru,30,flow_proxy,Q4-severe,18,42.6807827080327,16565.985926486173,15809.352818134928,17354.83378854155,26044.84872021863,24521.72531781064,27690.909851186676
see_v2x,jitter_mean_ms,graph_gru,30,speed_mean_kmh,Q1-mild,19,36.268986462684495,5.0731771399100705,4.712210518377104,5.43934167025188,8.775377298390419,8.044271529804352,9.590408237610793
see_v2x,jitter_mean_ms,graph_gru,30,speed_mean_kmh,Q2-moderate,18,38.486819360269365,4.589582244199199,4.280352155651914,4.927204907159111,7.600385780200197,6.808268617355066,8.538323963277207
see_v2x,jitter_mean_ms,graph_gru,30,speed_mean_kmh,Q3-high,19,39.32691729165085,4.480504919444534,4.154383229758524,4.809176925477846,7.307098587613939,6.692009129190298,8.056395545543495
see_v2x,jitter_mean_ms,graph_gru,30,speed_mean_kmh,Q4-severe,18,42.6807827080327,3.98398381550002,3.8540737118496273,4.134904784559206,6.116804881887194,5.8576323936423575,6.381484285890088
see_v2x,jitter_mean_ms,graph_gru,30,vehicle_count,Q1-mild,19,36.268986462684495,1.4749414938403191,1.3894089488618573,1.5607091795860413,2.4943971017571194,2.34961751836862,2.6304859450981337
see_v2x,jitter_mean_ms,graph_gru,30,vehicle_count,Q2-moderate,18,38.486819360269365,1.5533267057850018,1.415122333376895,1.6992941846790939,2.612848993494289,2.383781066452234,2.8776274772245922
see_v2x,jitter_mean_ms,graph_gru,30,vehicle_count,Q3-high,19,39.32691729165085,1.4149341308992447,1.2779095036561225,1.559378118849207,2.3149513152019914,2.076569101580348,2.5644191234681197
see_v2x,jitter_mean_ms,graph_gru,30,vehicle_count,Q4-severe,18,42.6807827080327,1.9226586452326333,1.8206079152356827,2.0240978017378968,3.178735936105406,3.00139446531498,3.3577880794666948
see_v2x,jitter_mean_ms,historical_average,5,flow_proxy,Q1-mild,19,36.268986462684495,17942.261940183816,16867.17508889538,19048.609478422208,30002.784791256963,28606.162997776995,31649.523277693293
see_v2x,jitter_mean_ms,historical_average,5,flow_proxy,Q2-moderate,18,38.486819360269365,18791.123795579857,17911.46551933647,19717.163869138203,30954.855152772856,29560.805656247496,32505.61050211416
see_v2x,jitter_mean_ms,historical_average,5,flow_proxy,Q3-high,19,39.32691729165085,18213.210657220843,17570.727634901366,18867.558368100363,29708.413633767894,28197.52946905744,31138.780754314983
see_v2x,jitter_mean_ms,historical_average,5,flow_proxy,Q4-severe,18,42.6807827080327,20210.089645408392,19422.19852775296,20982.115580942274,32577.821545070696,31141.119509895812,33858.23407059169
see_v2x,jitter_mean_ms,historical_average,5,speed_mean_kmh,Q1-mild,19,36.268986462684495,5.758261172698171,5.429179357445846,6.143513627686729,8.882408000882892,8.262554957699633,9.658988966070012
see_v2x,jitter_mean_ms,historical_average,5,speed_mean_kmh,Q2-moderate,18,38.486819360269365,5.729034533429312,5.426465099006012,6.0998026865831205,8.914143122377643,8.114307335118943,9.732339773853642
see_v2x,jitter_mean_ms,historical_average,5,speed_mean_kmh,Q3-high,19,39.32691729165085,5.35182358320201,5.143066569909216,5.549667384809552,8.239464644964428,7.820196843401758,8.708986636763974
see_v2x,jitter_mean_ms,historical_average,5,speed_mean_kmh,Q4-severe,18,42.6807827080327,5.538521354388107,5.084220579529908,6.025980525487952,9.084863003782788,8.141678600666953,10.16091444454896
see_v2x,jitter_mean_ms,historical_average,5,vehicle_count,Q1-mild,19,36.268986462684495,1.8912539825348822,1.6451943456410771,2.1294478946992097,3.7208647275369073,3.179886583427397,4.23515982501191
see_v2x,jitter_mean_ms,historical_average,5,vehicle_count,Q2-moderate,18,38.486819360269365,1.823733593658994,1.6338142573284224,2.0113380666600404,3.252733605986822,2.9180652487689764,3.6202839835875764
see_v2x,jitter_mean_ms,historical_average,5,vehicle_count,Q3-high,19,39.32691729165085,1.6372666717213862,1.4687617915443794,1.8193589193716762,2.895619122944006,2.569491893349196,3.2534374594134996
see_v2x,jitter_mean_ms,historical_average,5,vehicle_count,Q4-severe,18,42.6807827080327,2.1534060419549745,2.1061242895828456,2.2023922569694516,3.6709795795075877,3.565149307003137,3.7900724218264497
see_v2x,jitter_mean_ms,historical_average,10,flow_proxy,Q1-mild,19,36.268986462684495,19053.06796674986,18188.75041029502,19981.483783229673,32309.64897577475,31160.479752191488,33481.54241253293
see_v2x,jitter_mean_ms,historical_average,10,flow_proxy,Q2-moderate,18,38.486819360269365,19069.731114539212,18144.634417514982,20009.47746662072,31191.51503644597,29518.31672347258,32907.869871131785
see_v2x,jitter_mean_ms,historical_average,10,flow_proxy,Q3-high,19,39.32691729165085,19417.786968183715,18570.884259254006,20296.044539913797,30944.291437481057,29369.34239161561,32582.095181316563
see_v2x,jitter_mean_ms,historical_average,10,flow_proxy,Q4-severe,18,42.6807827080327,18989.448328047176,18219.864646578175,19772.254359564464,30668.923031092698,29607.581852555526,31672.05042869186
see_v2x,jitter_mean_ms,historical_average,10,speed_mean_kmh,Q1-mild,19,36.268986462684495,5.713432266200645,5.228581443012727,6.268640009606111,9.040397225825938,8.179517912027364,10.049140707279896
see_v2x,jitter_mean_ms,historical_average,10,speed_mean_kmh,Q2-moderate,18,38.486819360269365,5.476061091092095,5.241602747966744,5.72856945048849,8.167640024854794,7.754954920257382,8.574266099173173
see_v2x,jitter_mean_ms,historical_average,10,speed_mean_kmh,Q3-high,19,39.32691729165085,5.469526388066159,5.2806468945762575,5.696876534524239,8.540059675400771,7.96783251123255,9.256290470980556
see_v2x,jitter_mean_ms,historical_average,10,speed_mean_kmh,Q4-severe,18,42.6807827080327,5.621220047466721,5.2003737052846954,6.056867578776948,9.119274437765654,8.25981820342255,10.023990556718834
see_v2x,jitter_mean_ms,historical_average,10,vehicle_count,Q1-mild,19,36.268986462684495,1.9502758415523447,1.7084246291359697,2.1760881024787535,3.7185447595938856,3.203276020429259,4.234307301615291
see_v2x,jitter_mean_ms,historical_average,10,vehicle_count,Q2-moderate,18,38.486819360269365,1.7271422361806457,1.5066509777113493,1.9378748471409046,3.0321454758088047,2.677536323059618,3.435875002492038
see_v2x,jitter_mean_ms,historical_average,10,vehicle_count,Q3-high,19,39.32691729165085,1.6055891256181913,1.417262249374518,1.8057502881374978,2.761774070079057,2.440730350984249,3.11129205196529
see_v2x,jitter_mean_ms,historical_average,10,vehicle_count,Q4-severe,18,42.6807827080327,2.159273302267393,2.105169364669135,2.2086577672642935,3.6200603361134713,3.5422848712827126,3.7043880395577338
see_v2x,jitter_mean_ms,historical_average,30,flow_proxy,Q1-mild,19,36.268986462684495,20051.759375417732,19297.755057961993,20884.886922571615,31747.597779749634,30529.689742566436,32951.8566244863
see_v2x,jitter_mean_ms,historical_average,30,flow_proxy,Q2-moderate,18,38.486819360269365,19548.7570165006,18670.179507551,20426.27948713396,32327.361153576247,31083.050079721463,33608.8317595901
see_v2x,jitter_mean_ms,historical_average,30,flow_proxy,Q3-high,19,39.32691729165085,19481.88318691871,18614.376479319813,20353.586803060964,32102.120029210364,30990.225048157015,33324.250602613865
see_v2x,jitter_mean_ms,historical_average,30,flow_proxy,Q4-severe,18,42.6807827080327,18291.85926867652,17677.361816105196,18891.513010215876,29987.601492888978,29063.51871884732,30960.353248456486
see_v2x,jitter_mean_ms,historical_average,30,speed_mean_kmh,Q1-mild,19,36.268986462684495,5.864488760197397,5.583413247978001,6.214572939488995,9.28714379683984,8.62891453750236,10.06305159361454
see_v2x,jitter_mean_ms,historical_average,30,speed_mean_kmh,Q2-moderate,18,38.486819360269365,5.716813795354102,5.429249700584112,6.016020729093044,8.867803217114206,8.220727554919838,9.689148045696665
see_v2x,jitter_mean_ms,historical_average,30,speed_mean_kmh,Q3-high,19,39.32691729165085,5.70962116505977,5.389159609531935,6.0483828878404475,8.674536187128666,8.10957592459035,9.336503835159965
see_v2x,jitter_mean_ms,historical_average,30,speed_mean_kmh,Q4-severe,18,42.6807827080327,5.33444015903458,5.1334121023367585,5.551618077314505,7.801883170661709,7.467923413997931,8.104180572920331
see_v2x,jitter_mean_ms,historical_average,30,vehicle_count,Q1-mild,19,36.268986462684495,1.99758955262283,1.885924732252313,2.1135936589403563,3.388862270685007,3.273061267050467,3.4987279123849757
see_v2x,jitter_mean_ms,historical_average,30,vehicle_count,Q2-moderate,18,38.486819360269365,1.6809863061048491,1.4910438880293406,1.8493892186956082,3.075498745438743,2.751021285347059,3.4185178693390936
see_v2x,jitter_mean_ms,historical_average,30,vehicle_count,Q3-high,19,39.32691729165085,1.6863525418380925,1.5339624375224603,1.8426597180895128,2.9519876193780434,2.6645404521526688,3.2500823180539298
see_v2x,jitter_mean_ms,historical_average,30,vehicle_count,Q4-severe,18,42.6807827080327,2.010457767978493,1.9047632559950873,2.120948808880726,3.6792571635227236,3.56244658090858,3.790267467595378
see_v2x,jitter_mean_ms,impaired_gru,5,flow_proxy,Q1-mild,19,36.268986462684495,15040.00932576446,13931.722634145031,16222.30041535959,24799.942452673164,23035.21583201076,26587.179827875654
see_v2x,jitter_mean_ms,impaired_gru,5,flow_proxy,Q2-moderate,18,38.486819360269365,13905.167360297966,12362.540186284214,15450.807719301665,22548.888882265877,20200.913254291205,24929.710928160028
see_v2x,jitter_mean_ms,impaired_gru,5,flow_proxy,Q3-high,19,39.32691729165085,12820.500056379466,11613.653428525262,14176.219209999346,21518.80593368906,19675.530940307173,23460.244984758676
see_v2x,jitter_mean_ms,impaired_gru,5,flow_proxy,Q4-severe,18,42.6807827080327,14962.018882705785,14304.891954757994,15653.461157971517,24532.998439760457,23230.688224720783,25711.44318797055
see_v2x,jitter_mean_ms,impaired_gru,5,speed_mean_kmh,Q1-mild,19,36.268986462684495,4.514670031152318,4.0143264686352245,5.070289901573586,8.127589548159708,7.063706021698714,9.300209585419966
see_v2x,jitter_mean_ms,impaired_gru,5,speed_mean_kmh,Q2-moderate,18,38.486819360269365,3.8744324911520533,3.420197485852634,4.432873210622977,6.9914488416696505,5.938779309454976,8.106829804434032
see_v2x,jitter_mean_ms,impaired_gru,5,speed_mean_kmh,Q3-high,19,39.32691729165085,3.3934332569906025,3.0872841643897893,3.7015856478452784,6.130314849675424,5.476054518935555,6.887068901727465
see_v2x,jitter_mean_ms,impaired_gru,5,speed_mean_kmh,Q4-severe,18,42.6807827080327,4.0925013634773855,3.731960247259888,4.474181384947238,7.729685929498229,6.734131511119781,8.809931984049626
see_v2x,jitter_mean_ms,impaired_gru,5,vehicle_count,Q1-mild,19,36.268986462684495,1.0772084298111004,0.9904154167634504,1.1516373377910039,2.006747556277194,1.8029714306267863,2.1926779380817676
see_v2x,jitter_mean_ms,impaired_gru,5,vehicle_count,Q2-moderate,18,38.486819360269365,0.9525195426250678,0.8533441370529842,1.04450673196543,1.6065608613794733,1.4471280734416225,1.7797807753661035
see_v2x,jitter_mean_ms,impaired_gru,5,vehicle_count,Q3-high,19,39.32691729165085,0.9608546265932791,0.8857196894943932,1.0365229269209093,1.5890524167782119,1.453990278749767,1.728187177108256
see_v2x,jitter_mean_ms,impaired_gru,5,vehicle_count,Q4-severe,18,42.6807827080327,1.1734229056955494,1.1337123917037524,1.2156098105946551,1.8421187681641895,1.779847636946684,1.9005143924367789
see_v2x,jitter_mean_ms,impaired_gru,10,flow_proxy,Q1-mild,19,36.268986462684495,17870.064667687042,16853.622052200288,18911.81885254694,30376.37814941172,28775.042477946914,31950.782719215775
see_v2x,jitter_mean_ms,impaired_gru,10,flow_proxy,Q2-moderate,18,38.486819360269365,16843.650660721512,14732.88906790051,18924.469917598035,27200.637382768677,24323.10083620173,30254.606953767685
see_v2x,jitter_mean_ms,impaired_gru,10,flow_proxy,Q3-high,19,39.32691729165085,16101.526549242539,14310.326396672437,17868.696655261578,25898.35736473053,23261.747377945343,28635.375886166137
see_v2x,jitter_mean_ms,impaired_gru,10,flow_proxy,Q4-severe,18,42.6807827080327,17609.887424661527,16891.178421783425,18263.220950891417,28559.887433222168,27693.92734520344,29515.20824837264
see_v2x,jitter_mean_ms,impaired_gru,10,speed_mean_kmh,Q1-mild,19,36.268986462684495,5.0143775841726725,4.401258404593706,5.630768595350877,8.93366788929601,7.864911738072063,10.0261214467108
see_v2x,jitter_mean_ms,impaired_gru,10,speed_mean_kmh,Q2-moderate,18,38.486819360269365,4.100477572356881,3.715813068525714,4.524882956995811,6.715079022681603,6.121209602847389,7.405269115023264
see_v2x,jitter_mean_ms,impaired_gru,10,speed_mean_kmh,Q3-high,19,39.32691729165085,3.9600577456840247,3.563442687452708,4.418454654509333,6.801510559631693,5.925509690416245,7.859026258320421
see_v2x,jitter_mean_ms,impaired_gru,10,speed_mean_kmh,Q4-severe,18,42.6807827080327,4.614001226945861,4.191184436188381,5.013584129908774,8.291098468852159,7.437037245766829,9.25090277548879
see_v2x,jitter_mean_ms,impaired_gru,10,vehicle_count,Q1-mild,19,36.268986462684495,1.3739560499009864,1.2670602162934061,1.4844085097514745,2.47382075747865,2.2456289917470698,2.697111929169102
see_v2x,jitter_mean_ms,impaired_gru,10,vehicle_count,Q2-moderate,18,38.486819360269365,1.227991782856603,1.1126959442458568,1.3434731920185219,2.0363968671779844,1.8244981851375097,2.2695143607024852
see_v2x,jitter_mean_ms,impaired_gru,10,vehicle_count,Q3-high,19,39.32691729165085,1.210177360646389,1.1286898471455773,1.2881338246784717,2.0345273221853772,1.8877406647235235,2.1862258613799446
see_v2x,jitter_mean_ms,impaired_gru,10,vehicle_count,Q4-severe,18,42.6807827080327,1.5770693528052746,1.5325335739546777,1.6216394129102532,2.5762255772385267,2.506895398562789,2.639617172174774
see_v2x,jitter_mean_ms,impaired_gru,30,flow_proxy,Q1-mild,19,36.268986462684495,15027.552385230638,14109.072010777594,16055.634178339766,25498.317555863025,23656.69765435978,27518.11415555781
see_v2x,jitter_mean_ms,impaired_gru,30,flow_proxy,Q2-moderate,18,38.486819360269365,15032.326818539434,14126.238812232767,15993.61551076108,25986.50354810824,24385.93818505852,27588.255202773835
see_v2x,jitter_mean_ms,impaired_gru,30,flow_proxy,Q3-high,19,39.32691729165085,15355.10666104806,14811.466532193808,15908.307172845365,26105.3364860806,25119.542430628946,27126.734763343295
see_v2x,jitter_mean_ms,impaired_gru,30,flow_proxy,Q4-severe,18,42.6807827080327,14628.55637422105,13960.723492494642,15253.963441352003,24381.05809516752,23131.585891064857,25699.933737667106
see_v2x,jitter_mean_ms,impaired_gru,30,speed_mean_kmh,Q1-mild,19,36.268986462684495,5.048729708903811,4.682111231733545,5.430283345896511,9.27646541126416,8.525253819492153,10.076399499543093
see_v2x,jitter_mean_ms,impaired_gru,30,speed_mean_kmh,Q2-moderate,18,38.486819360269365,4.634601240047855,4.296382778601224,4.998334466006812,8.029517891558562,7.174006918564764,8.968551220862107
see_v2x,jitter_mean_ms,impaired_gru,30,speed_mean_kmh,Q3-high,19,39.32691729165085,4.637271475372802,4.347825271428926,4.948624450167598,7.896733395246876,7.315246657134549,8.560898951590607
see_v2x,jitter_mean_ms,impaired_gru,30,speed_mean_kmh,Q4-severe,18,42.6807827080327,4.083031474621352,3.902120012927484,4.275821479422514,6.467253046716809,6.066761004585181,6.910661033745089
see_v2x,jitter_mean_ms,impaired_gru,30,vehicle_count,Q1-mild,19,36.268986462684495,1.5396522369341683,1.3898550020150062,1.6719003952973066,2.5962077164548276,2.3735616965097472,2.795472182982883
see_v2x,jitter_mean_ms,impaired_gru,30,vehicle_count,Q2-moderate,18,38.486819360269365,1.5321655534819927,1.3493295996407577,1.7068518058369633,2.6481335670499107,2.4001428593886813,2.92156185795774
see_v2x,jitter_mean_ms,impaired_gru,30,vehicle_count,Q3-high,19,39.32691729165085,1.3793112884338588,1.2039863241007565,1.5612808853547833,2.340041519321259,2.081198792669523,2.6160181744099757
see_v2x,jitter_mean_ms,impaired_gru,30,vehicle_count,Q4-severe,18,42.6807827080327,1.9071043512865569,1.7722927711575376,2.052570779757663,3.145307749913736,2.9934576782425926,3.303306895659023
see_v2x,jitter_mean_ms,persistence,5,flow_proxy,Q1-mild,19,36.268986462684495,16510.89415108067,15191.105405792889,17899.161535269574,30155.04490949703,27882.49804265728,32581.595273040555
see_v2x,jitter_mean_ms,persistence,5,flow_proxy,Q2-moderate,18,38.486819360269365,15650.10432536458,14544.726743225849,16997.237918837192,27935.71414260975,26183.339220697817,29865.70268202081
see_v2x,jitter_mean_ms,persistence,5,flow_proxy,Q3-high,19,39.32691729165085,15430.58230892876,14409.204580766935,16447.08208866954,26672.907573617606,25101.797800307944,28219.509918741325
see_v2x,jitter_mean_ms,persistence,5,flow_proxy,Q4-severe,18,42.6807827080327,16797.348641472196,15770.434581097767,17814.087949028115,27869.801379876142,26440.451203076133,29271.52713410722
see_v2x,jitter_mean_ms,persistence,5,speed_mean_kmh,Q1-mild,19,36.268986462684495,4.83361487442474,4.209689920507889,5.479175276421553,9.822119776264365,8.615274236148995,11.014978950900668
see_v2x,jitter_mean_ms,persistence,5,speed_mean_kmh,Q2-moderate,18,38.486819360269365,4.2990972256027105,3.7245529120474234,5.028631516263723,8.795179430360395,7.706645816682546,9.963117985476252
see_v2x,jitter_mean_ms,persistence,5,speed_mean_kmh,Q3-high,19,39.32691729165085,4.2714720346879,3.703744480373781,4.863159532196447,8.786238088261985,7.72129357282024,9.911179740070937
see_v2x,jitter_mean_ms,persistence,5,speed_mean_kmh,Q4-severe,18,42.6807827080327,4.709889418651233,4.282671634395973,5.21078768866468,10.398555980918342,9.209658489502365,11.481630383150154
see_v2x,jitter_mean_ms,persistence,5,vehicle_count,Q1-mild,19,36.268986462684495,1.033649736442781,0.9749568891595296,1.0863244624029085,1.8831279575441358,1.7710435515281944,1.9800797151515936
see_v2x,jitter_mean_ms,persistence,5,vehicle_count,Q2-moderate,18,38.486819360269365,0.9735883697876473,0.8888661381506725,1.057377076598568,1.7335516182843806,1.6224254714967126,1.8598031633927685
see_v2x,jitter_mean_ms,persistence,5,vehicle_count,Q3-high,19,39.32691729165085,1.032786919592306,0.9344262629609377,1.1207938284198107,1.8090191610991728,1.6651844430339406,1.9637382063723023
see_v2x,jitter_mean_ms,persistence,5,vehicle_count,Q4-severe,18,42.6807827080327,1.2003643485047848,1.142076552685855,1.258652149538832,2.0184282309200263,1.9304253444582198,2.0991836166571516
see_v2x,jitter_mean_ms,persistence,10,flow_proxy,Q1-mild,19,36.268986462684495,22291.605069433735,20801.17825783597,23534.798783823146,39838.86032853685,37113.62616740225,42216.98394102851
see_v2x,jitter_mean_ms,persistence,10,flow_proxy,Q2-moderate,18,38.486819360269365,21860.034778426918,20628.324837978766,22981.78151977282,38142.948782993495,36680.22113299111,39648.27305337728
see_v2x,jitter_mean_ms,persistence,10,flow_proxy,Q3-high,19,39.32691729165085,19226.164409064964,17593.249711869346,20685.574638679835,34200.19156148878,31628.420284400032,36842.01010907999
see_v2x,jitter_mean_ms,persistence,10,flow_proxy,Q4-severe,18,42.6807827080327,19668.95075962381,19041.580070335323,20328.38599297423,34136.89960549474,33258.5648539607,35150.05436552822
see_v2x,jitter_mean_ms,persistence,10,speed_mean_kmh,Q1-mild,19,36.268986462684495,6.07796494407054,5.398522757915,6.71841806920883,11.265751137888046,10.122722596770306,12.366595969989584
see_v2x,jitter_mean_ms,persistence,10,speed_mean_kmh,Q2-moderate,18,38.486819360269365,5.364701311747446,5.059873263882487,5.686747308268822,9.792405960710356,9.06809723128474,10.48763827825335
see_v2x,jitter_mean_ms,persistence,10,speed_mean_kmh,Q3-high,19,39.32691729165085,4.843635212129634,4.310299795277957,5.431722378114988,8.85519895189599,7.947364707397634,9.95137660725652
see_v2x,jitter_mean_ms,persistence,10,speed_mean_kmh,Q4-severe,18,42.6807827080327,4.872554422532906,4.472706263979845,5.286909167608638,9.524436802333728,8.639555281606587,10.553354092700056
see_v2x,jitter_mean_ms,persistence,10,vehicle_count,Q1-mild,19,36.268986462684495,1.408973302109565,1.308865442044184,1.5099655498139815,2.566642522243037,2.393326916228179,2.748784416253081
see_v2x,jitter_mean_ms,persistence,10,vehicle_count,Q2-moderate,18,38.486819360269365,1.4371585185902243,1.3023679842997251,1.5701275690835326,2.5020956890577697,2.3113424859234613,2.689747625982302
see_v2x,jitter_mean_ms,persistence,10,vehicle_count,Q3-high,19,39.32691729165085,1.4495254984419308,1.3425367116165696,1.5556946142804327,2.6186653677532528,2.4461224013868037,2.779520858270673
see_v2x,jitter_mean_ms,persistence,10,vehicle_count,Q4-severe,18,42.6807827080327,1.6930783858327891,1.6429873072428092,1.7459016974258186,2.9849694304190755,2.924756944482228,3.058279531584749
see_v2x,jitter_mean_ms,persistence,30,flow_proxy,Q1-mild,19,36.268986462684495,28408.537927839894,26623.848080437667,30533.882627101324,48288.82363587923,45619.005509219154,50857.230214598785
see_v2x,jitter_mean_ms,persistence,30,flow_proxy,Q2-moderate,18,38.486819360269365,30160.02766315061,28443.844207636314,31926.860290643603,51397.53777546361,48717.30243736815,53800.42966485358
see_v2x,jitter_mean_ms,persistence,30,flow_proxy,Q3-high,19,39.32691729165085,27194.20961797133,25724.242760623954,28574.326059187053,45765.8670448852,43430.06604247786,48486.43771121916
see_v2x,jitter_mean_ms,persistence,30,flow_proxy,Q4-severe,18,42.6807827080327,30989.807009211407,29310.015633018735,32521.23673673733,51323.50916132226,48819.315858000155,53656.71360616168
see_v2x,jitter_mean_ms,persistence,30,speed_mean_kmh,Q1-mild,19,36.268986462684495,7.394977732698614,6.9187302682658345,7.904423577141813,12.985810513974789,12.103698527294409,13.874415348150784
see_v2x,jitter_mean_ms,persistence,30,speed_mean_kmh,Q2-moderate,18,38.486819360269365,7.672697653557233,7.176959740478285,8.204047119763528,13.097636911069138,12.204209878755123,14.136417085318532
see_v2x,jitter_mean_ms,persistence,30,speed_mean_kmh,Q3-high,19,39.32691729165085,6.829131085889097,6.392787787325791,7.27165056476354,11.634621521242499,10.86450448346269,12.454047318300814
see_v2x,jitter_mean_ms,persistence,30,speed_mean_kmh,Q4-severe,18,42.6807827080327,7.17481313284304,6.766690767644891,7.592174359337646,11.647024268279482,10.970169696498578,12.387669331832967
see_v2x,jitter_mean_ms,persistence,30,vehicle_count,Q1-mild,19,36.268986462684495,2.339085495460366,2.232075131295161,2.440056172406587,4.278306010050961,4.008868336878888,4.569375085480667
see_v2x,jitter_mean_ms,persistence,30,vehicle_count,Q2-moderate,18,38.486819360269365,2.4335155794771226,2.315072939607074,2.5409837173037415,4.36596564466546,4.112077049988747,4.6872896571898375
see_v2x,jitter_mean_ms,persistence,30,vehicle_count,Q3-high,19,39.32691729165085,2.253667034311105,2.1337144761881035,2.375366786416114,4.220548944043578,3.917892040088724,4.590463943588
see_v2x,jitter_mean_ms,persistence,30,vehicle_count,Q4-severe,18,42.6807827080327,2.463570252309326,2.387067533817581,2.5410748009497275,4.679327304889288,4.363690380529559,5.022838926047717
see_v2x,throughput_mean_bps,ca_dtnet,5,flow_proxy,Q1-mild,18,141564.69986742863,14649.833070748835,13143.186927768853,15913.834582763819,26883.29199739867,24240.19336135149,29268.342413449747
see_v2x,throughput_mean_bps,ca_dtnet,5,flow_proxy,Q2-moderate,19,133047.9471550122,12241.251361186898,11180.942761864855,13352.16036918357,21606.23072140479,19751.877250916717,23597.961962110057
see_v2x,throughput_mean_bps,ca_dtnet,5,flow_proxy,Q3-high,18,127063.59425952891,13173.578783668885,12078.55526110426,14301.82972784427,22575.58905973278,20747.510999425,24278.392415567996
see_v2x,throughput_mean_bps,ca_dtnet,5,flow_proxy,Q4-severe,19,119315.20818053633,12493.804335304745,11633.550956950989,13289.636101042579,20352.487199654497,18967.8613494884,21710.399636103713
see_v2x,throughput_mean_bps,ca_dtnet,5,speed_mean_kmh,Q1-mild,18,141564.69986742863,4.691630846028378,4.149995157890487,5.257670423199997,8.777735760529678,7.833390045178905,9.742257750985855
see_v2x,throughput_mean_bps,ca_dtnet,5,speed_mean_kmh,Q2-moderate,19,133047.9471550122,3.216206714504055,2.9503870570958446,3.5011507944238818,6.094693597973968,5.549809678629122,6.752827042804506
see_v2x,throughput_mean_bps,ca_dtnet,5,speed_mean_kmh,Q3-high,18,127063.59425952891,3.593277488289715,3.2023845098719868,4.067836333671906,7.115026744085347,5.9182820733248285,8.427880530400103
see_v2x,throughput_mean_bps,ca_dtnet,5,speed_mean_kmh,Q4-severe,19,119315.20818053633,3.566523742837801,3.1958388093303642,3.936037329071319,7.487527908193094,6.480102865831468,8.47004983371718
see_v2x,throughput_mean_bps,ca_dtnet,5,vehicle_count,Q1-mild,18,141564.69986742863,1.0894058706831442,0.9963950737155445,1.1777887580930635,2.064476103014439,1.8710620487620635,2.2371455961145656
see_v2x,throughput_mean_bps,ca_dtnet,5,vehicle_count,Q2-moderate,19,133047.9471550122,0.8482885231904483,0.7708828481618804,0.9206509517310513,1.512448077124049,1.377112180550197,1.67005976040051
see_v2x,throughput_mean_bps,ca_dtnet,5,vehicle_count,Q3-high,18,127063.59425952891,0.9183465245951657,0.8400262191231355,0.9870160321916525,1.553976953751647,1.4141405668695433,1.683088526622009
see_v2x,throughput_mean_bps,ca_dtnet,5,vehicle_count,Q4-severe,19,119315.20818053633,1.0168463897972615,0.9707020334307127,1.0597378173737586,1.6157950119147952,1.5501128327217777,1.6785672805419198
see_v2x,throughput_mean_bps,ca_dtnet,10,flow_proxy,Q1-mild,18,141564.69986742863,18377.665992299575,16736.381954417957,19755.135595946453,33660.45457725311,30368.254883624482,36419.9647130794
see_v2x,throughput_mean_bps,ca_dtnet,10,flow_proxy,Q2-moderate,19,133047.9471550122,14783.924261587004,13624.546805956796,15996.085738632552,25744.60823418202,23573.374545501727,28058.93932411891
see_v2x,throughput_mean_bps,ca_dtnet,10,flow_proxy,Q3-high,18,127063.59425952891,13781.644254431456,12893.261645040142,14685.666738262596,23867.150351160064,22396.49239268616,25418.03408878853
see_v2x,throughput_mean_bps,ca_dtnet,10,flow_proxy,Q4-severe,19,119315.20818053633,16367.908433246754,15285.834199227125,17466.791088700604,27493.357275432005,25671.722673329932,29368.66370997116
see_v2x,throughput_mean_bps,ca_dtnet,10,speed_mean_kmh,Q1-mild,18,141564.69986742863,5.12219015642369,4.520848672941289,5.7679922393788265,9.129557953572878,7.9911497886588405,10.262562434477791
see_v2x,throughput_mean_bps,ca_dtnet,10,speed_mean_kmh,Q2-moderate,19,133047.9471550122,3.657362065340845,3.301818445179983,4.0904812908937025,6.893643694396113,5.946040175898177,8.11481119026104
see_v2x,throughput_mean_bps,ca_dtnet,10,speed_mean_kmh,Q3-high,18,127063.59425952891,3.552899249003892,3.343302205877651,3.7542117612835515,6.378744058244557,5.962808707181491,6.819002166637783
see_v2x,throughput_mean_bps,ca_dtnet,10,speed_mean_kmh,Q4-severe,19,119315.20818053633,4.398105974870107,4.045907264654999,4.7314247928314295,8.531361984023738,7.678825114939111,9.447160644774353
see_v2x,throughput_mean_bps,ca_dtnet,10,vehicle_count,Q1-mild,18,141564.69986742863,1.442586657863345,1.2967500128360423,1.5653272713892266,2.668406741176289,2.3900499779668785,2.892609283150992
see_v2x,throughput_mean_bps,ca_dtnet,10,vehicle_count,Q2-moderate,19,133047.9471550122,1.0755929241978226,0.9771245943595622,1.1913593583776538,1.8667272437368845,1.6919744958201404,2.0831156304950005
see_v2x,throughput_mean_bps,ca_dtnet,10,vehicle_count,Q3-high,18,127063.59425952891,1.1873655953490931,1.111008068793873,1.251748438541919,1.9892306937578406,1.8640742493166016,2.1119083858954797
see_v2x,throughput_mean_bps,ca_dtnet,10,vehicle_count,Q4-severe,19,119315.20818053633,1.383259106891175,1.344610703613861,1.4297053929972732,2.2675069215477115,2.183498911595324,2.3592504724893915
see_v2x,throughput_mean_bps,ca_dtnet,30,flow_proxy,Q1-mild,18,141564.69986742863,15694.084929207464,14816.473700001065,16661.393897161855,26161.99852750516,24477.387644916293,27696.78870990916
see_v2x,throughput_mean_bps,ca_dtnet,30,flow_proxy,Q2-moderate,19,133047.9471550122,14746.921486023697,13955.028043431337,15483.604128733472,25712.453911632696,24325.90725620946,27222.285191708484
see_v2x,throughput_mean_bps,ca_dtnet,30,flow_proxy,Q3-high,18,127063.59425952891,14110.460065260517,13435.931463503828,14728.859694248034,24738.679274518985,23611.683970620088,25919.190353467216
see_v2x,throughput_mean_bps,ca_dtnet,30,flow_proxy,Q4-severe,19,119315.20818053633,14488.692023158064,14038.229235099883,14941.112988131528,25870.091399432436,24617.323130593086,27146.515075079235
see_v2x,throughput_mean_bps,ca_dtnet,30,speed_mean_kmh,Q1-mild,18,141564.69986742863,4.88495805643909,4.5078587624519075,5.298378357796504,9.456882040140611,8.565032735254057,10.344503693327836
see_v2x,throughput_mean_bps,ca_dtnet,30,speed_mean_kmh,Q2-moderate,19,133047.9471550122,4.494449108867077,4.18516837393189,4.809843925167961,8.098830259899257,7.458884108055433,8.69241552341079
see_v2x,throughput_mean_bps,ca_dtnet,30,speed_mean_kmh,Q3-high,18,127063.59425952891,3.90732161082434,3.5560696368055185,4.319013486720428,7.397872305203451,6.517543757132967,8.440778908361215
see_v2x,throughput_mean_bps,ca_dtnet,30,speed_mean_kmh,Q4-severe,19,119315.20818053633,3.652566137386022,3.3974082957133187,3.9228902058165875,6.651006905303596,6.1596546433694135,7.162216124520702
see_v2x,throughput_mean_bps,ca_dtnet,30,vehicle_count,Q1-mild,18,141564.69986742863,1.7787998827591618,1.6762525115894338,1.8669033876375118,3.1129147364926255,2.9219271384901795,3.2985367561582457
see_v2x,throughput_mean_bps,ca_dtnet,30,vehicle_count,Q2-moderate,19,133047.9471550122,1.2450195128545836,1.0944991918882065,1.4048477552014476,2.175006454734875,1.9219276938484933,2.5035355851884376
see_v2x,throughput_mean_bps,ca_dtnet,30,vehicle_count,Q3-high,18,127063.59425952891,1.3899037192245285,1.1683895068532326,1.6026708304727857,2.4232428759357845,2.0693877925336057,2.8335759630805173
see_v2x,throughput_mean_bps,ca_dtnet,30,vehicle_count,Q4-severe,19,119315.20818053633,1.8803947271991575,1.8467868737018178,1.9146068721879277,3.317560726571912,3.2510902407495763,3.3895002214212533
see_v2x,throughput_mean_bps,graph_gru,5,flow_proxy,Q1-mild,18,141564.69986742863,14203.426682077119,12876.206803662863,15409.65099503551,23904.450963004634,21873.021200625408,25917.8604071186
see_v2x,throughput_mean_bps,graph_gru,5,flow_proxy,Q2-moderate,19,133047.9471550122,12104.43762056333,10886.65201848534,13426.740690611035,20490.375188323065,18560.91978991211,22537.097441780585
see_v2x,throughput_mean_bps,graph_gru,5,flow_proxy,Q3-high,18,127063.59425952891,13298.26835561623,11770.694289843863,14874.39651293267,21610.666765715534,19448.232348820446,23899.11603311015
see_v2x,throughput_mean_bps,graph_gru,5,flow_proxy,Q4-severe,19,119315.20818053633,14674.52212498428,13992.805160534263,15356.074901349764,23438.90757230022,22380.88644139405,24408.60569008166
see_v2x,throughput_mean_bps,graph_gru,5,speed_mean_kmh,Q1-mild,18,141564.69986742863,4.793737596480002,4.224568347197092,5.389059829426627,8.572842022647508,7.500517838686478,9.66047960249058
see_v2x,throughput_mean_bps,graph_gru,5,speed_mean_kmh,Q2-moderate,19,133047.9471550122,3.3807601032767933,3.148707467817724,3.64586866743989,5.824955571817276,5.326952852759573,6.416789947083063
see_v2x,throughput_mean_bps,graph_gru,5,speed_mean_kmh,Q3-high,18,127063.59425952891,3.681189110435499,3.3128979201465145,4.0985877705779785,6.611163730984075,5.597174890713666,7.690580645932339
see_v2x,throughput_mean_bps,graph_gru,5,speed_mean_kmh,Q4-severe,19,119315.20818053633,4.024562560556473,3.776278296256652,4.28648553217912,7.219863866109065,6.468354834607652,7.93033379137121
see_v2x,throughput_mean_bps,graph_gru,5,vehicle_count,Q1-mild,18,141564.69986742863,1.076542401477688,1.0166251822747503,1.1281113620520251,1.890788382224007,1.7542311649618223,2.0033062850737915
see_v2x,throughput_mean_bps,graph_gru,5,vehicle_count,Q2-moderate,19,133047.9471550122,0.9020473767166702,0.8303943012485122,0.9756272243591088,1.4960316338776374,1.3704995758567478,1.6346307159086702
see_v2x,throughput_mean_bps,graph_gru,5,vehicle_count,Q3-high,18,127063.59425952891,1.0090496362062416,0.9361004621727025,1.0769890365992063,1.6530066867233337,1.5320323775245153,1.7858776880304565
see_v2x,throughput_mean_bps,graph_gru,5,vehicle_count,Q4-severe,19,119315.20818053633,1.102922132152381,1.0429982653865166,1.1620902059718514,1.7422367286972142,1.6643844470233695,1.816283664418983
see_v2x,throughput_mean_bps,graph_gru,10,flow_proxy,Q1-mild,18,141564.69986742863,17969.573860254615,16642.908130658463,19148.80629255782,29390.820708550087,27060.525198490035,31312.3400527421
see_v2x,throughput_mean_bps,graph_gru,10,flow_proxy,Q2-moderate,19,133047.9471550122,16238.222005785985,14886.789759619998,17614.91990369321,26671.994986921385,24595.53534250243,28872.042994887033
see_v2x,throughput_mean_bps,graph_gru,10,flow_proxy,Q3-high,18,127063.59425952891,15613.221393171074,14223.759826593367,17077.132728526994,25611.055269415036,23504.17251778414,27986.19479930098
see_v2x,throughput_mean_bps,graph_gru,10,flow_proxy,Q4-severe,19,119315.20818053633,19884.171732544488,18794.20516889734,20943.436863856634,31886.605968185886,30780.363968992224,32977.092522244006
see_v2x,throughput_mean_bps,graph_gru,10,speed_mean_kmh,Q1-mild,18,141564.69986742863,5.170350824061988,4.5812375591283025,5.774154251420783,8.837764753333955,7.760334067521036,9.887713232487119
see_v2x,throughput_mean_bps,graph_gru,10,speed_mean_kmh,Q2-moderate,19,133047.9471550122,3.9875782841041896,3.659713095190654,4.400344730012728,6.726455547091918,5.852932894318409,7.896993172175912
see_v2x,throughput_mean_bps,graph_gru,10,speed_mean_kmh,Q3-high,18,127063.59425952891,3.8468046447654394,3.5941049267703202,4.08324114795089,6.131928532898079,5.745513048685639,6.5560359267908614
see_v2x,throughput_mean_bps,graph_gru,10,speed_mean_kmh,Q4-severe,19,119315.20818053633,4.916846678388403,4.692353590972019,5.155403994891608,8.186001700054916,7.524736310515708,8.85972701527245
see_v2x,throughput_mean_bps,graph_gru,10,vehicle_count,Q1-mild,18,141564.69986742863,1.3791153146995425,1.2819902984162312,1.4707011696211938,2.387546724892415,2.1814772023253735,2.56566299874251
see_v2x,throughput_mean_bps,graph_gru,10,vehicle_count,Q2-moderate,19,133047.9471550122,1.1936860252160437,1.1234432783081445,1.2683117188445616,1.9511552071317357,1.845506123396324,2.0677526179141243
see_v2x,throughput_mean_bps,graph_gru,10,vehicle_count,Q3-high,18,127063.59425952891,1.2869460796039958,1.2202153339983193,1.3483899068281355,2.0752102927001905,1.9931562906557159,2.165807807846242
see_v2x,throughput_mean_bps,graph_gru,10,vehicle_count,Q4-severe,19,119315.20818053633,1.5560814530287905,1.5083524772376435,1.6042449286970353,2.6041564852668277,2.5352415674457833,2.677478651744974
see_v2x,throughput_mean_bps,graph_gru,30,flow_proxy,Q1-mild,18,141564.69986742863,16855.229715310106,16129.43665770354,17526.12888532821,27153.27484832404,25972.578236606445,28506.770336011294
see_v2x,throughput_mean_bps,graph_gru,30,flow_proxy,Q2-moderate,19,133047.9471550122,15224.008547384736,14443.380537484512,15997.351788215059,24934.947729711464,23503.432323299003,26854.241053212307
see_v2x,throughput_mean_bps,graph_gru,30,flow_proxy,Q3-high,18,127063.59425952891,15839.793322770562,14871.55379288178,16811.863304361003,26026.99473294189,24446.172187559318,27663.462577965736
see_v2x,throughput_mean_bps,graph_gru,30,flow_proxy,Q4-severe,19,119315.20818053633,15886.428219820087,15443.981226479304,16390.70079398584,25025.646455871298,24043.63477653685,26186.641839408985
see_v2x,throughput_mean_bps,graph_gru,30,speed_mean_kmh,Q1-mild,18,141564.69986742863,5.097532969752454,4.727604694951872,5.485768221444235,9.002287246526993,8.132859514119856,9.832797633404832
see_v2x,throughput_mean_bps,graph_gru,30,speed_mean_kmh,Q2-moderate,19,133047.9471550122,4.696723625499982,4.410488820029928,5.015706048023548,7.631823708933132,7.0508587849134265,8.188545884786524
see_v2x,throughput_mean_bps,graph_gru,30,speed_mean_kmh,Q3-high,18,127063.59425952891,4.233065995109609,3.9696510437003485,4.570541280800145,6.949561644656944,6.2018418248905345,7.852052214694688
see_v2x,throughput_mean_bps,graph_gru,30,speed_mean_kmh,Q4-severe,19,119315.20818053633,4.139769365805613,3.935260727689514,4.35118671014791,6.333607538979759,5.9994505320572,6.707420812586192
see_v2x,throughput_mean_bps,graph_gru,30,vehicle_count,Q1-mild,18,141564.69986742863,1.622006067105306,1.518827706272117,1.7211980340843551,2.7464310589855554,2.6113826359605263,2.9024492238391533
see_v2x,throughput_mean_bps,graph_gru,30,vehicle_count,Q2-moderate,19,133047.9471550122,1.417784232730777,1.303378172990872,1.5541794748329247,2.303637379987292,2.1011670515664087,2.5830608972363707
see_v2x,throughput_mean_bps,graph_gru,30,vehicle_count,Q3-high,18,127063.59425952891,1.5018027071386202,1.297409214801512,1.7039483705824698,2.5223818916127474,2.198654555166911,2.892788492697867
see_v2x,throughput_mean_bps,graph_gru,30,vehicle_count,Q4-severe,19,119315.20818053633,1.8057323594786157,1.749080915331794,1.857798313978134,3.000968701288928,2.896797861979994,3.106327948742233
see_v2x,throughput_mean_bps,historical_average,5,flow_proxy,Q1-mild,18,141564.69986742863,17983.69199076195,16858.66343291485,19119.681887726947,30566.694839843763,29049.975894060655,32071.090357442183
see_v2x,throughput_mean_bps,historical_average,5,flow_proxy,Q2-moderate,19,133047.9471550122,18869.897344315203,18230.11120850138,19484.960960690085,30461.240720992355,29252.200316765982,31855.36403897431
see_v2x,throughput_mean_bps,historical_average,5,flow_proxy,Q3-high,18,127063.59425952891,19333.18185370504,18127.392064316027,20569.286502659867,31491.021565992192,29310.57626253869,33650.36402925912
see_v2x,throughput_mean_bps,historical_average,5,flow_proxy,Q4-severe,19,119315.20818053633,18881.265397162224,18117.927605528832,19647.864967737914,30647.288506987064,29695.247105593302,31576.16263532668
see_v2x,throughput_mean_bps,historical_average,5,speed_mean_kmh,Q1-mild,18,141564.69986742863,5.874905137022742,5.446318447519374,6.367824901627051,9.180660557268691,8.332067932605197,10.108366078568764
see_v2x,throughput_mean_bps,historical_average,5,speed_mean_kmh,Q2-moderate,19,133047.9471550122,5.300703884339131,5.128215050698872,5.460493944898964,8.082942462202073,7.74252154505364,8.432157651486731
see_v2x,throughput_mean_bps,historical_average,5,speed_mean_kmh,Q3-high,18,127063.59425952891,5.526153306383081,5.213235274454497,5.844106194824563,8.722454099792792,7.885201750899428,9.584991792211177
see_v2x,throughput_mean_bps,historical_average,5,speed_mean_kmh,Q4-severe,19,119315.20818053633,5.682904766266771,5.269895699006552,6.062449065208006,9.12977473331793,8.227571799661606,9.942939644757393
see_v2x,throughput_mean_bps,historical_average,5,vehicle_count,Q1-mild,18,141564.69986742863,2.1328008899504165,1.9667792104872373,2.275994841471394,4.2636634964023195,3.8901806980097002,4.540259092095781
see_v2x,throughput_mean_bps,historical_average,5,vehicle_count,Q2-moderate,19,133047.9471550122,1.4999989867071968,1.3555342479176402,1.6524624537433994,2.6734477967503305,2.383852836471705,3.0389590254607493
see_v2x,throughput_mean_bps,historical_average,5,vehicle_count,Q3-high,18,127063.59425952891,1.7077080341782305,1.5097853204507692,1.9075803466708412,2.994083563036834,2.6504761686392735,3.3742785056386406
see_v2x,throughput_mean_bps,historical_average,5,vehicle_count,Q4-severe,19,119315.20818053633,2.1579612889562187,2.1072703605399448,2.209109534587137,3.626582909993457,3.5488258977094063,3.7022705564852236
see_v2x,throughput_mean_bps,historical_average,10,flow_proxy,Q1-mild,18,141564.69986742863,19037.832730539816,18012.230618227073,20195.585992868033,32307.37168758263,30721.60967816423,33841.597619941334
see_v2x,throughput_mean_bps,historical_average,10,flow_proxy,Q2-moderate,19,133047.9471550122,19518.009239238465,18550.31402885182,20465.1037326496,31517.110559231325,29897.461264101414,33235.87959980685
see_v2x,throughput_mean_bps,historical_average,10,flow_proxy,Q3-high,18,127063.59425952891,18945.90896765012,18338.239138977104,19602.63835392825,30398.42464460396,29078.221652622287,31743.1299908035
see_v2x,throughput_mean_bps,historical_average,10,flow_proxy,Q4-severe,19,119315.20818053633,19024.313032491755,18344.055453199147,19769.039639846324,30935.96412962118,29899.02253919278,31883.04240427826
see_v2x,throughput_mean_bps,historical_average,10,speed_mean_kmh,Q1-mild,18,141564.69986742863,5.840546556808854,5.362223963383659,6.362530657384499,9.341802298838294,8.423407298559074,10.321714922493046
see_v2x,throughput_mean_bps,historical_average,10,speed_mean_kmh,Q2-moderate,19,133047.9471550122,5.3228965284273055,5.056755068156581,5.634708191078935,8.343189563233317,7.64764964041909,9.246966348520635
see_v2x,throughput_mean_bps,historical_average,10,speed_mean_kmh,Q3-high,18,127063.59425952891,5.145174112514786,4.927954954833609,5.358589595574383,7.719149299237677,7.339175191014915,8.04208637683631
see_v2x,throughput_mean_bps,historical_average,10,speed_mean_kmh,Q4-severe,19,119315.20818053633,5.965750991430719,5.720259077614949,6.250508682304424,9.451337420193427,8.763355696260207,10.198014701322574
see_v2x,throughput_mean_bps,historical_average,10,vehicle_count,Q1-mild,18,141564.69986742863,2.138860594425515,1.9503179610392223,2.299772217075601,4.113724432370859,3.70223432066432,4.424775532728688
see_v2x,throughput_mean_bps,historical_average,10,vehicle_count,Q2-moderate,19,133047.9471550122,1.4664253155948102,1.333053890045304,1.6231784540182725,2.556979755680404,2.3060669677480594,2.885205216174613
see_v2x,throughput_mean_bps,historical_average,10,vehicle_count,Q3-high,18,127063.59425952891,1.61389564767025,1.4202906217609172,1.799594176326631,2.744829630172928,2.4416168944984933,3.0837890326854853
see_v2x,throughput_mean_bps,historical_average,10,vehicle_count,Q4-severe,19,119315.20818053633,2.2160642481199857,2.1577930442276365,2.266300806090972,3.727851257614266,3.6273345832755424,3.817243704317843
see_v2x,throughput_mean_bps,historical_average,30,flow_proxy,Q1-mild,18,141564.69986742863,19488.036826321957,18663.583450797993,20310.603306302157,31227.141562963654,30062.9767299671,32405.786750375006
see_v2x,throughput_mean_bps,historical_average,30,flow_proxy,Q2-moderate,19,133047.9471550122,20183.800391958932,19301.968504190365,20970.846561654045,32987.47849577352,31945.17495863158,34049.00953492691
see_v2x,throughput_mean_bps,historical_average,30,flow_proxy,Q3-high,18,127063.59425952891,19751.95111902905,18886.250850122695,20566.665176089242,32301.823288256637,31090.55459571832,33551.85428035748
see_v2x,throughput_mean_bps,historical_average,30,flow_proxy,Q4-severe,19,119315.20818053633,18024.121650212768,17540.427541124594,18580.964834355516,29712.131961313255,28827.990321677353,30715.30904949922
see_v2x,throughput_mean_bps,historical_average,30,speed_mean_kmh,Q1-mild,18,141564.69986742863,5.913133591655023,5.5703529526084905,6.257704553988829,9.533238691716768,8.827358854218339,10.260329581829719
see_v2x,throughput_mean_bps,historical_average,30,speed_mean_kmh,Q2-moderate,19,133047.9471550122,5.765536488493216,5.533330653604371,5.994517537118403,8.779357729881454,8.327775109373757,9.19216290113228
see_v2x,throughput_mean_bps,historical_average,30,speed_mean_kmh,Q3-high,18,127063.59425952891,5.520286051547937,5.217696046947577,5.876069733684775,8.389586963498395,7.661213506333979,9.241113232619266
see_v2x,throughput_mean_bps,historical_average,30,speed_mean_kmh,Q4-severe,19,119315.20818053633,5.446521731571476,5.1994165089368565,5.713329335631779,7.995137684934082,7.636141961179251,8.403612634031605
see_v2x,throughput_mean_bps,historical_average,30,vehicle_count,Q1-mild,18,141564.69986742863,2.061971414153276,1.905482746092887,2.1860246082142067,3.4404008548328653,3.1886988031709262,3.6410023896755876
see_v2x,throughput_mean_bps,historical_average,30,vehicle_count,Q2-moderate,19,133047.9471550122,1.6820576533848077,1.5486942760707645,1.8114289424340662,2.9725983955319353,2.751071796849446,3.1908923070492583
see_v2x,throughput_mean_bps,historical_average,30,vehicle_count,Q3-high,18,127063.59425952891,1.7124401927036965,1.508122504941798,1.9100638684575353,3.020763116178308,2.6868606057564657,3.3837763587840732
see_v2x,throughput_mean_bps,historical_average,30,vehicle_count,Q4-severe,19,119315.20818053633,1.9232836205537271,1.8654451502035712,1.9788757072377832,3.6463912252208663,3.552312545353029,3.743266628789853
see_v2x,throughput_mean_bps,impaired_gru,5,flow_proxy,Q1-mild,18,141564.69986742863,15016.817390572322,13672.041949712644,16195.610614101683,24695.11906254808,22639.583770057296,26611.217660346014
see_v2x,throughput_mean_bps,impaired_gru,5,flow_proxy,Q2-moderate,19,133047.9471550122,13025.714447241819,11886.695435686996,14246.069900654407,21695.732450744184,19802.59479133459,23644.479088290354
see_v2x,throughput_mean_bps,impaired_gru,5,flow_proxy,Q3-high,18,127063.59425952891,14053.556727638086,12498.889502074937,15741.854260740909,23493.299765140655,21015.246868362556,25898.286254534334
see_v2x,throughput_mean_bps,impaired_gru,5,flow_proxy,Q4-severe,19,119315.20818053633,14642.301158390537,14012.301109139453,15286.829759103442,23574.722930253647,22625.964074059513,24509.411879496736
see_v2x,throughput_mean_bps,impaired_gru,5,speed_mean_kmh,Q1-mild,18,141564.69986742863,4.812596931743098,4.231719559225297,5.399977727162912,8.836678174787144,7.726428186529655,9.974525938563898
see_v2x,throughput_mean_bps,impaired_gru,5,speed_mean_kmh,Q2-moderate,19,133047.9471550122,3.3877549234013826,3.1246581289802093,3.6687451352049667,5.968828044985538,5.462588038920699,6.5922087392697515
see_v2x,throughput_mean_bps,impaired_gru,5,speed_mean_kmh,Q3-high,18,127063.59425952891,3.6340137943886663,3.2230995265632645,4.117080905882331,6.698534057315339,5.623412859197332,7.851441906717636
see_v2x,throughput_mean_bps,impaired_gru,5,speed_mean_kmh,Q4-severe,19,119315.20818053633,4.0659176443709155,3.759531357803525,4.374306043056729,7.517845074069443,6.682088847209291,8.331630229264015
see_v2x,throughput_mean_bps,impaired_gru,5,vehicle_count,Q1-mild,18,141564.69986742863,1.0956508883968976,1.00942369980969,1.168626526285604,2.0698727170457207,1.853725488197529,2.238144770682021
see_v2x,throughput_mean_bps,impaired_gru,5,vehicle_count,Q2-moderate,19,133047.9471550122,0.8847214745543304,0.803971361791785,0.9602929734036244,1.4878827907774446,1.3632861851861409,1.6235227218227017
see_v2x,throughput_mean_bps,impaired_gru,5,vehicle_count,Q3-high,18,127063.59425952891,1.0263443873995897,0.9327695926413702,1.108919803819695,1.6698399845572434,1.5385345272423943,1.8113869300752872
see_v2x,throughput_mean_bps,impaired_gru,5,vehicle_count,Q4-severe,19,119315.20818053633,1.1570810084518564,1.1146748123920363,1.197976463607755,1.8322016403270442,1.772950005425076,1.8862187157316417
see_v2x,throughput_mean_bps,impaired_gru,10,flow_proxy,Q1-mild,18,141564.69986742863,17481.384773318205,16209.227291623209,18741.460668393735,29902.937376426984,27444.231693961596,32082.311533936117
see_v2x,throughput_mean_bps,impaired_gru,10,flow_proxy,Q2-moderate,19,133047.9471550122,16043.263994186838,14661.692825527167,17412.463269688353,26394.38925124082,24109.09996116876,28680.290187461727
see_v2x,throughput_mean_bps,impaired_gru,10,flow_proxy,Q3-high,18,127063.59425952891,15512.893446623671,13879.767284400097,17239.78348102285,25108.447271525736,22628.2470430395,27801.089414064016
see_v2x,throughput_mean_bps,impaired_gru,10,flow_proxy,Q4-severe,19,119315.20818053633,19310.783937371216,18408.49318499347,20200.860836991713,30590.058001042817,29471.69130564862,31618.98598141687
see_v2x,throughput_mean_bps,impaired_gru,10,speed_mean_kmh,Q1-mild,18,141564.69986742863,5.149250419456001,4.53816737612881,5.810798869829445,9.290950158883227,8.139478158727245,10.425202807981409
see_v2x,throughput_mean_bps,impaired_gru,10,speed_mean_kmh,Q2-moderate,19,133047.9471550122,3.8610882791432446,3.493997388656391,4.322815755271793,6.740555687876103,5.8045122309341926,7.948151698983433
see_v2x,throughput_mean_bps,impaired_gru,10,speed_mean_kmh,Q3-high,18,127063.59425952891,3.722708455062068,3.4375639444341135,4.0055370676451,6.217779974600998,5.785151535096932,6.683235442916869
see_v2x,throughput_mean_bps,impaired_gru,10,speed_mean_kmh,Q4-severe,19,119315.20818053633,4.964155400509458,4.7148118441861175,5.224919958376649,8.518520258151161,7.743277431272674,9.296902758974783
see_v2x,throughput_mean_bps,impaired_gru,10,vehicle_count,Q1-mild,18,141564.69986742863,1.3916494519443239,1.2735311046273678,1.5100826741384057,2.5120774495705867,2.236785203949108,2.734663218815137
see_v2x,throughput_mean_bps,impaired_gru,10,vehicle_count,Q2-moderate,19,133047.9471550122,1.1636304193158855,1.0815612571184394,1.2509303881899954,1.9179772894124842,1.7853638232707638,2.059962936786023
see_v2x,throughput_mean_bps,impaired_gru,10,vehicle_count,Q3-high,18,127063.59425952891,1.2599419818695443,1.1660253406971621,1.3487188662252316,2.0328011098262344,1.906586063431396,2.180544801517246
see_v2x,throughput_mean_bps,impaired_gru,10,vehicle_count,Q4-severe,19,119315.20818053633,1.5658953403506566,1.5193896290560833,1.6143718904155675,2.6545492076386177,2.5757671398474056,2.721027179732779
see_v2x,throughput_mean_bps,impaired_gru,30,flow_proxy,Q1-mild,18,141564.69986742863,16285.12291551724,15394.184621673148,17123.195949516987,27812.141520382153,26176.728460870294,29517.29777516278
see_v2x,throughput_mean_bps,impaired_gru,30,flow_proxy,Q2-moderate,19,133047.9471550122,14314.188943701474,13639.582367131263,15078.324480361654,24377.74005457889,22974.805101248443,26028.504715045445
see_v2x,throughput_mean_bps,impaired_gru,30,flow_proxy,Q3-high,18,127063.59425952891,14837.852544944159,14132.956225603477,15423.710231377552,25073.925702223816,23790.682590894525,26147.906135243662
see_v2x,throughput_mean_bps,impaired_gru,30,flow_proxy,Q4-severe,19,119315.20818053633,14683.330059492146,14001.046355302702,15410.360929583167,24839.961333262432,23484.608966648582,26164.854882353327
see_v2x,throughput_mean_bps,impaired_gru,30,speed_mean_kmh,Q1-mild,18,141564.69986742863,5.093295022100366,4.695392870281332,5.512964704989182,9.515393383030519,8.58065665196266,10.406665049669892
see_v2x,throughput_mean_bps,impaired_gru,30,speed_mean_kmh,Q2-moderate,19,133047.9471550122,4.780081980854425,4.487379152684683,5.091756482945036,8.241018574314793,7.683735688746397,8.74574352454621
see_v2x,throughput_mean_bps,impaired_gru,30,speed_mean_kmh,Q3-high,18,127063.59425952891,4.440547894973929,4.20255163442816,4.746981217048116,7.580978448818923,6.914931127469626,8.383428152018093
see_v2x,throughput_mean_bps,impaired_gru,30,speed_mean_kmh,Q4-severe,19,119315.20818053633,4.132667432722629,3.9337084610843123,4.336050751982299,6.469400438283964,6.099607108125528,6.863704277185238
see_v2x,throughput_mean_bps,impaired_gru,30,vehicle_count,Q1-mild,18,141564.69986742863,1.7410814283258773,1.6285381850532987,1.8495603168122652,2.8891340103113534,2.7468901072728173,3.046562752694636
see_v2x,throughput_mean_bps,impaired_gru,30,vehicle_count,Q2-moderate,19,133047.9471550122,1.3244644973805102,1.1716127653406752,1.5028941897271537,2.260011535483972,2.0511980035499957,2.5523711636499606
see_v2x,throughput_mean_bps,impaired_gru,30,vehicle_count,Q3-high,18,127063.59425952891,1.5053790732805175,1.2637305020737755,1.7375340610785504,2.5173427569622544,2.2031308764019,2.880629905185365
see_v2x,throughput_mean_bps,impaired_gru,30,vehicle_count,Q4-severe,19,119315.20818053633,1.777160567825348,1.7070758550942473,1.835504292575932,3.0428356947353095,2.9433671798538548,3.151928561186355
see_v2x,throughput_mean_bps,persistence,5,flow_proxy,Q1-mild,18,141564.69986742863,16979.361167180192,15680.021860794426,18221.03883078078,30145.598876664157,28682.26745573809,32003.781091275672
see_v2x,throughput_mean_bps,persistence,5,flow_proxy,Q2-moderate,19,133047.9471550122,15268.303007541552,14173.72741431625,16420.235144136688,27825.411202610838,26051.260345844606,29859.5673904607
see_v2x,throughput_mean_bps,persistence,5,flow_proxy,Q3-high,18,127063.59425952891,16588.645911240907,15216.300976657314,18133.833697353628,28618.810803311357,26383.88483774059,31057.148518837905
see_v2x,throughput_mean_bps,persistence,5,flow_proxy,Q4-severe,19,119315.20818053633,15611.595873072205,14750.32055872624,16389.64626055782,26199.378394461008,25040.1346821608,27277.407961336146
see_v2x,throughput_mean_bps,persistence,5,speed_mean_kmh,Q1-mild,18,141564.69986742863,5.474150344767408,4.8127946358711995,6.117569574815018,10.902134518159569,9.774052138777751,12.088234001239679
see_v2x,throughput_mean_bps,persistence,5,speed_mean_kmh,Q2-moderate,19,133047.9471550122,3.9543777563209144,3.41401365457225,4.531186282762464,8.224492405803659,7.274607032983404,9.331933944914974
see_v2x,throughput_mean_bps,persistence,5,speed_mean_kmh,Q3-high,18,127063.59425952891,4.459225162919957,3.873933087845354,5.1118890094022245,9.367268641509593,8.077556542987429,10.780643782305514
see_v2x,throughput_mean_bps,persistence,5,speed_mean_kmh,Q4-severe,19,119315.20818053633,4.274972334802168,3.868504036553493,4.647635208023664,9.364811802352815,8.375317877014599,10.243190023795655
see_v2x,throughput_mean_bps,persistence,5,vehicle_count,Q1-mild,18,141564.69986742863,1.0473588767767934,0.991803317295169,1.1020036865126623,1.8384893546892356,1.747239927460165,1.9277557280680873
see_v2x,throughput_mean_bps,persistence,5,vehicle_count,Q2-moderate,19,133047.9471550122,0.9542709493607445,0.8739862161578454,1.0371872672016325,1.7816480057892221,1.6606804146838352,1.91727151581375
see_v2x,throughput_mean_bps,persistence,5,vehicle_count,Q3-high,18,127063.59425952891,1.0765027658699342,0.9681011230229224,1.1785064107289935,1.8788353097629624,1.7120115831834704,2.0586990808579397
see_v2x,throughput_mean_bps,persistence,5,vehicle_count,Q4-severe,19,119315.20818053633,1.1596204099176415,1.1034944392937802,1.2140207554165399,1.943330340514074,1.8589535451507988,2.024987795458095
see_v2x,throughput_mean_bps,persistence,10,flow_proxy,Q1-mild,18,141564.69986742863,23341.804145829163,22320.25718433929,24270.979059063375,41253.87978508762,39101.76453614635,43188.96970736453
see_v2x,throughput_mean_bps,persistence,10,flow_proxy,Q2-moderate,19,133047.9471550122,19176.172920954286,17621.14167009853,20726.709520674885,34589.24565739811,31925.54831211119,37188.22719296755
see_v2x,throughput_mean_bps,persistence,10,flow_proxy,Q3-high,18,127063.59425952891,19761.351932519785,18673.00475130702,20850.140373746006,35291.81100332752,33380.157001296684,37265.52154077231
see_v2x,throughput_mean_bps,persistence,10,flow_proxy,Q4-severe,19,119315.20818053633,20850.277098314524,19742.20264858766,22079.11953165756,35408.481853749414,34280.29447747864,36665.34840803016
see_v2x,throughput_mean_bps,persistence,10,speed_mean_kmh,Q1-mild,18,141564.69986742863,6.496736978243552,5.959594221724203,7.0875564716579715,11.82871944834006,10.772510877731944,12.859266595902312
see_v2x,throughput_mean_bps,persistence,10,speed_mean_kmh,Q2-moderate,19,133047.9471550122,4.871447867856799,4.3634500350527174,5.417649039634657,9.175615194349293,8.214355490572377,10.27430008280985
see_v2x,throughput_mean_bps,persistence,10,speed_mean_kmh,Q3-high,18,127063.59425952891,4.815103021652461,4.390172253454469,5.218929401095554,8.929774581055963,8.249433421637868,9.605695110558903
see_v2x,throughput_mean_bps,persistence,10,speed_mean_kmh,Q4-severe,19,119315.20818053633,5.032125089339063,4.708014760774603,5.365231835791816,9.579560011522377,8.761595440877947,10.38859161341055
see_v2x,throughput_mean_bps,persistence,10,vehicle_count,Q1-mild,18,141564.69986742863,1.462659434934688,1.3506147948943192,1.5673953190938676,2.620901130841927,2.4013301173068795,2.827131656571686
see_v2x,throughput_mean_bps,persistence,10,vehicle_count,Q2-moderate,19,133047.9471550122,1.3270060784832234,1.2364107323180287,1.4210526782615993,2.450542501639742,2.2810019163325728,2.634298142504961
see_v2x,throughput_mean_bps,persistence,10,vehicle_count,Q3-high,18,127063.59425952891,1.4881603320262533,1.3897996754485904,1.5756148000131496,2.6145058617636345,2.473630357929511,2.761931921944017
see_v2x,throughput_mean_bps,persistence,10,vehicle_count,Q4-severe,19,119315.20818053633,1.701466852295499,1.641911193141434,1.7592968860242875,2.9731783506556577,2.890834589889748,3.052760875311499
see_v2x,throughput_mean_bps,persistence,30,flow_proxy,Q1-mild,18,141564.69986742863,27376.341474897414,25776.282579014332,29176.64257776459,47036.94938182622,44244.195261213456,49866.286172558444
see_v2x,throughput_mean_bps,persistence,30,flow_proxy,Q2-moderate,19,133047.9471550122,28108.709368847067,26644.982273889178,29584.734712347992,47616.00402488858,44923.75672115139,50293.459989408344
see_v2x,throughput_mean_bps,persistence,30,flow_proxy,Q3-high,18,127063.59425952891,28106.412123688762,26564.01344841613,29807.08013380951,47916.04815393078,45677.74802935623,50181.65295171408
see_v2x,throughput_mean_bps,persistence,30,flow_proxy,Q4-severe,19,119315.20818053633,32862.85182580443,31734.424972516765,33893.518128406904,53797.89135158742,51934.09054219784,55333.32873114634
see_v2x,throughput_mean_bps,persistence,30,speed_mean_kmh,Q1-mild,18,141564.69986742863,7.392014667474843,6.896888548267757,7.8728082204265135,12.741301611577201,11.87934365001565,13.618469534877988
see_v2x,throughput_mean_bps,persistence,30,speed_mean_kmh,Q2-moderate,19,133047.9471550122,6.850585046063799,6.495933289160822,7.207336217188776,11.781519992421956,11.168012782127164,12.452857322432159
see_v2x,throughput_mean_bps,persistence,30,speed_mean_kmh,Q3-high,18,127063.59425952891,7.121142409810312,6.580257095702089,7.759763842881565,12.25958991072309,11.093173439444476,13.567011123356801
see_v2x,throughput_mean_bps,persistence,30,speed_mean_kmh,Q4-severe,19,119315.20818053633,7.690279918001395,7.295010059970568,8.099992076885979,12.596167507367431,11.847312261619193,13.336781683104943
see_v2x,throughput_mean_bps,persistence,30,vehicle_count,Q1-mild,18,141564.69986742863,2.524590257598884,2.4307605607403135,2.612021952660825,4.752098512784467,4.450980263139706,5.076550216185382
see_v2x,throughput_mean_bps,persistence,30,vehicle_count,Q2-moderate,19,133047.9471550122,2.2381363915150323,2.1225194750811247,2.360742091936538,4.160709861786811,3.8561259701120614,4.560994584050001
see_v2x,throughput_mean_bps,persistence,30,vehicle_count,Q3-high,18,127063.59425952891,2.2932605568350812,2.1720629105106144,2.4080602042678017,4.3884326608899,4.046749928931416,4.764426374591151
see_v2x,throughput_mean_bps,persistence,30,vehicle_count,Q4-severe,19,119315.20818053633,2.429680891537738,2.3623599216746443,2.493529032725905,4.247919406299667,4.154351979086459,4.355803202268513
